Year,Brand,Model,Trim,Body,Transmission,Vin,State,Condition,Odometer,Color,Interior,Seller,Mmr,Sellingprice,Saledate
2015,kia,Sorento,LX,SUV,automatic,5xyktca69fg566472,California,5.0,16639.0,white,black,kia motors america  inc,20500.0,21500.0,Tue Dec 16 2014 12:30:00 GMT-0800 (PST)
2014,bmw,3 Series,328i SULEV,Sedan,automatic,wba3c1c51ek116351,California,45.0,1331.0,gray,black,financial services remarketing (lease),31900.0,30000.0,Thu Jan 15 2015 04:30:00 GMT-0800 (PST)
2015,volvo,S60,T5,Sedan,automatic,yv1612tb4f1310987,California,41.0,14282.0,white,black,volvo na rep/world omni,27500.0,27750.0,Thu Jan 29 2015 04:30:00 GMT-0800 (PST)
2014,bmw,6 Series Gran Coupe,650i,Sedan,automatic,wba6b2c57ed129731,California,43.0,2641.0,gray,black,financial services remarketing (lease),66000.0,67000.0,Thu Dec 18 2014 12:30:00 GMT-0800 (PST)
2015,nissan,Altima,2.5 S,Sedan,automatic,1n4al3ap1fn326013,California,1.0,5554.0,gray,black,enterprise vehicle exchange / tra / rental / tulsa,15350.0,10900.0,Tue Dec 30 2014 12:00:00 GMT-0800 (PST)
2014,bmw,M5,Base,Sedan,automatic,wbsfv9c51ed593089,California,34.0,14943.0,black,black,the hertz corporation,69000.0,65000.0,Wed Dec 17 2014 12:30:00 GMT-0800 (PST)
2014,chevrolet,Cruze,1LT,Sedan,automatic,1g1pc5sb2e7128460,California,2.0,28617.0,black,black,enterprise vehicle exchange / tra / rental / tulsa,11900.0,9800.0,Tue Dec 16 2014 13:00:00 GMT-0800 (PST)
2014,audi,A4,2.0T Premium Plus quattro,Sedan,automatic,wauffafl3en030343,California,42.0,9557.0,white,black,audi mission viejo,32100.0,32250.0,Thu Dec 18 2014 12:00:00 GMT-0800 (PST)
2014,chevrolet,Camaro,LT,Convertible,automatic,2g1fb3d37e9218789,California,3.0,4809.0,red,black,d/m auto sales inc,26300.0,17500.0,Tue Jan 20 2015 04:00:00 GMT-0800 (PST)
2014,audi,A6,3.0T Prestige quattro,Sedan,automatic,wauhgafc0en062916,California,48.0,14414.0,black,black,desert auto trade,47300.0,49750.0,Tue Dec 16 2014 12:30:00 GMT-0800 (PST)
2015,kia,Optima,LX,Sedan,automatic,5xxgm4a73fg353538,California,48.0,2034.0,red,tan,kia motors finance,15150.0,17700.0,Tue Dec 16 2014 12:00:00 GMT-0800 (PST)
2015,Ford,Fusion,SE,Sedan,automatic,3fa6p0hdxfr145753,California,2.0,5559.0,white,beige,enterprise vehicle exchange / tra / rental / tulsa,15350.0,12000.0,Tue Jan 13 2015 12:00:00 GMT-0800 (PST)
2014,chevrolet,Cruze,2LT,Sedan,automatic,1g1pe5sbxe7120097,California,,15686.0,blue,black,avis rac/san leandro,13900.0,10600.0,Tue Dec 16 2014 12:00:00 GMT-0800 (PST)
2015,hyundai,Sonata,SE,Sedan,automatic,5npe24af4fh001562,California,,8311.0,red,â,avis tra,15200.0,4200.0,Tue Dec 16 2014 13:00:00 GMT-0800 (PST)
2014,audi,Q5,2.0T Premium Plus quattro,SUV,automatic,wa1lfafpxea085074,California,49.0,7983.0,white,black,audi north scottsdale,37100.0,40000.0,Thu Dec 18 2014 12:30:00 GMT-0800 (PST)
2014,chevrolet,Camaro,LS,Coupe,automatic,2g1fa1e39e9134494,California,17.0,13441.0,black,black,wells fargo dealer services,17750.0,17000.0,Tue Dec 30 2014 15:00:00 GMT-0800 (PST)
2014,bmw,6 Series,650i,Convertible,automatic,wbayp9c53ed169260,California,34.0,8819.0,black,black,the hertz corporation,68000.0,67200.0,Wed Dec 17 2014 12:30:00 GMT-0800 (PST)
2015,chevrolet,Impala,LTZ,Sedan,automatic,2g1165s30f9103921,California,19.0,14538.0,silver,black,enterprise vehicle exchange / tra / rental / tulsa,24300.0,7200.0,Tue Jul 07 2015 09:30:00 GMT-0700 (PDT)
2014,bmw,5 Series,528i,Sedan,automatic,wba5a5c51ed501631,California,29.0,25969.0,black,black,financial services remarketing (lease),34200.0,30000.0,Tue Feb 03 2015 04:30:00 GMT-0800 (PST)
2015,audi,A3,1.8 TFSI Premium,Sedan,automatic,wauacgff7f1002327,California,49.0,5826.0,gray,black,audi north scottsdale,24000.0,23750.0,Thu Dec 18 2014 12:30:00 GMT-0800 (PST)
2015,volvo,XC70,T6,Wagon,automatic,yv4902nb3f1198103,California,42.0,16506.0,brown,brown,volvo na rep/world omni,32100.0,32500.0,Thu Feb 26 2015 04:30:00 GMT-0800 (PST)
2014,bmw,X5,sDrive35i,SUV,automatic,5uxkr2c52e0h33130,California,,11278.0,gray,black,avis rac/san leandro,50400.0,34000.0,Tue Dec 16 2014 13:00:00 GMT-0800 (PST)
2014,audi,SQ5,3.0T Premium Plus quattro,SUV,automatic,wa1cgafp4ea030312,California,42.0,9606.0,white,black,audi of downtown l a,48600.0,47500.0,Thu Jan 29 2015 04:00:00 GMT-0800 (PST)
2014,audi,S5,Premium Plus quattro,Coupe,automatic,waucgafrxea001689,California,38.0,5875.0,black,black,fratelli investment group,46500.0,44500.0,Thu Dec 18 2014 12:00:00 GMT-0800 (PST)
2014,buick,Verano,Convenience Group,Sedan,other,1g4pr5sk8e4175320,California,2.0,19531.0,gray,gray,enterprise vehicle exchange / tra / rental / tulsa,15000.0,9200.0,Tue Jan 06 2015 04:00:00 GMT-0800 (PST)
2015,chevrolet,Suburban,LTZ,SUV,automatic,1gnskkkc3fr187901,California,45.0,11426.0,black,black,midway hfc fleet/ars,57300.0,59900.0,Thu Dec 18 2014 12:00:00 GMT-0800 (PST)
2014,cadillac,ELR,Base,Coupe,automatic,1g6rr1e48eu601450,California,47.0,4436.0,gray,black,rogue cu,49400.0,44000.0,Wed Feb 04 2015 04:30:00 GMT-0800 (PST)
2015,volvo,V60,T5,Wagon,automatic,yv1612sb9f1202043,California,41.0,11846.0,white,beige,volvo na rep/world omni,31300.0,30000.0,Thu Dec 18 2014 12:30:00 GMT-0800 (PST)
2014,bmw,X6,xDrive35i,SUV,automatic,5uxfg2c53e0h11080,California,4.0,379.0,white,black,financial services remarketing (lease),54800.0,51700.0,Thu Dec 18 2014 12:30:00 GMT-0800 (PST)
2014,acura,ILX,Technology Package,Sedan,automatic,19vde1f70ee008913,California,25.0,9051.0,gray,black,american honda motor company,22700.0,21250.0,Thu Dec 18 2014 12:00:00 GMT-0800 (PST)
2015,kia,K900,Luxury,Sedan,automatic,knalw4d42f6019667,California,42.0,5304.0,blue,black,kia motors america  inc,39500.0,40000.0,Tue Feb 17 2015 04:30:00 GMT-0800 (PST)
2015,chevrolet,Malibu,LT,Sedan,automatic,1g11d5sl6fu106427,California,1.0,6105.0,silver,black,enterprise vehicle exchange / tra / rental / tulsa,16600.0,9800.0,Wed Jan 14 2015 07:05:00 GMT-0800 (PST)
2015,lexus,RX 350,Base,SUV,automatic,2t2zk1ba7fc155782,California,43.0,7770.0,white,black,lexus financial services,41200.0,38400.0,Tue Dec 30 2014 00:00:00 GMT-0800 (PST)
2015,nissan,Versa,1.6 SL,Sedan,manual,3n1cn7ap7fl842707,California,39.0,1608.0,purple,black,nissan-infiniti lt,10900.0,11000.0,Wed Dec 17 2014 12:30:00 GMT-0800 (PST)
2015,hyundai,Elantra,SE,Sedan,automatic,5npdh4ae2fh565969,California,1.0,7879.0,silver,gray,enterprise vehicle exchange / tra / rental / tulsa,13800.0,10500.0,Tue Dec 16 2014 12:00:00 GMT-0800 (PST)
2015,nissan,Versa Note,1.6 SV,Hatchback,automatic,3n1ce2cp8fl371361,California,2.0,5773.0,red,black,enterprise vehicle exchange / tra / rental / tulsa,12050.0,9000.0,Tue Jan 13 2015 12:00:00 GMT-0800 (PST)
2014,audi,A8,L 3.0T quattro,Sedan,automatic,waurgafd8en003111,California,43.0,32918.0,black,black,audi west covina,62000.0,50000.0,Tue Dec 30 2014 12:30:00 GMT-0800 (PST)
2014,bmw,X1,sDrive28i,SUV,automatic,wbavm1c53evw47779,California,48.0,19689.0,white,black,financial services remarketing (lease),23700.0,26500.0,Thu Dec 18 2014 12:30:00 GMT-0800 (PST)
2014,buick,Enclave,Leather Group,SUV,automatic,5gakrbkd2ej294045,California,1.0,14599.0,gray,black,enterprise vehicle exchange / tra / rental / tulsa,31000.0,24100.0,Tue Dec 30 2014 12:00:00 GMT-0800 (PST)
2014,audi,TTS,quattro,Coupe,automatic,trub1afk9e1007640,California,28.0,3996.0,silver,black,fratelli investment group,41400.0,34250.0,Thu Dec 18 2014 12:00:00 GMT-0800 (PST)
2014,bmw,4 Series,428i SULEV,Coupe,automatic,wba3n7c55ef719079,California,37.0,18152.0,white,black,street smartz auto sales corporation,31000.0,39750.0,Tue Dec 16 2014 12:30:00 GMT-0800 (PST)
2014,chevrolet,Silverado 2500HD,Work Truck,Crew Cab,other,1gc1kvc84ef152736,California,36.0,8742.0,white,gray,enterprise fleet management exchange  inc.,34000.0,34000.0,Thu Dec 18 2014 11:30:00 GMT-0800 (PST)
2014,acura,MDX,Advance and Entertainment Packages,SUV,automatic,5fryd3h83eb011004,California,49.0,21523.0,white,gray,onemain rem/m&m auto traders,39500.0,41500.0,Thu Dec 18 2014 12:00:00 GMT-0800 (PST)
2014,chevrolet,Silverado 1500,LT,Crew Cab,automatic,3gcpcrecxeg363552,California,37.0,6726.0,black,black,repo remarketing/visterra credit union,26900.0,30250.0,Wed Dec 17 2014 12:30:00 GMT-0800 (PST)
2014,bmw,5 Series,535d,Sedan,automatic,wbaxa5c52ed689665,California,48.0,12292.0,white,black,financial services remarketing (lease),46300.0,46500.0,Thu Jan 15 2015 04:30:00 GMT-0800 (PST)
2014,cadillac,SRX,Luxury,SUV,automatic,3gyfnbe32es536307,California,44.0,8683.0,white,black,lease plan usa,33500.0,30000.0,Tue Dec 23 2014 12:00:00 GMT-0800 (PST)
2014,bmw,X5,xDrive35i,SUV,automatic,5uxkr0c54e0k49204,California,5.0,4503.0,white,black,financial services remarketing (lease),57500.0,57250.0,Thu Dec 18 2014 12:30:00 GMT-0800 (PST)
2014,acura,ILX,Base,Sedan,automatic,19vde1f38ee011281,California,41.0,12905.0,silver,gray,american honda motor company,19950.0,20400.0,Thu Dec 18 2014 12:00:00 GMT-0800 (PST)
2013,infiniti,G Coupe,G37 Sport,G Coupe,automatic,jn1cv6ek4dm921604,California,45.0,14716.0,white,black,nissan infiniti lt,25900.0,25000.0,Thu Dec 18 2014 12:30:00 GMT-0800 (PST)
2013,infiniti,G Sedan,G37 Journey,G Sedan,automatic,jn1cv6ap3dm726059,California,46.0,68.0,black,black,nissan infiniti lt,25700.0,27250.0,Thu Dec 18 2014 12:30:00 GMT-0800 (PST)
2013,infiniti,FX,FX37,SUV,automatic,jn8cs1mu2dm140046,California,43.0,10532.0,black,black,nissan infiniti lt,30800.0,32000.0,Thu Dec 18 2014 12:30:00 GMT-0800 (PST)
2013,hyundai,Santa Fe,Limited,SUV,automatic,km8srdhf0du002596,California,5.0,14974.0,white,gray,hyundai buybacks,28300.0,27000.0,Tue Dec 16 2014 12:00:00 GMT-0800 (PST)
2013,hyundai,Genesis,5.0 R-Spec,Sedan,automatic,kmhgc4dh7du220016,California,47.0,21463.0,gray,black,hyundai motor america/co car,27100.0,27400.0,Tue Dec 16 2014 12:00:00 GMT-0800 (PST)
2013,hyundai,Equus,Signature,Sedan,automatic,kmhgh4jh9du063479,California,41.0,22961.0,gray,black,hyundai buybacks,31500.0,25000.0,Tue Jan 13 2015 12:00:00 GMT-0800 (PST)
2013,hyundai,Elantra,GLS,Sedan,automatic,kmhdh4ae9du490167,California,26.0,56651.0,red,beige,hyundai motor finance,10250.0,10700.0,Tue Dec 16 2014 12:00:00 GMT-0800 (PST)
2013,hyundai,Sonata,GLS,Sedan,automatic,5npeb4ac9dh691294,California,43.0,54830.0,silver,gray,avis rac/san leandro,10950.0,11500.0,Wed Dec 17 2014 12:30:00 GMT-0800 (PST)
2013,hyundai,Sonata Hybrid,Limited,Sedan,automatic,kmhec4a40da089523,California,21.0,11099.0,silver,gray,hyundai motor america/co car,19650.0,16500.0,Tue Jan 27 2015 04:30:00 GMT-0800 (PST)
2013,hyundai,Santa Fe,Sport,SUV,automatic,5xyztdlb9dg057378,California,48.0,20663.0,gray,gray,hyundai motor america/co car,19500.0,19200.0,Tue Dec 16 2014 12:00:00 GMT-0800 (PST)
2013,hyundai,Sonata,Limited,Sedan,automatic,5npec4ac6dh513954,California,37.0,35428.0,black,beige,hyundai motor finance,16000.0,16200.0,Tue Jan 13 2015 04:30:00 GMT-0800 (PST)
2013,hyundai,Elantra,Limited,Sedan,automatic,5npdh4ae0dh358462,California,45.0,37290.0,white,beige,enterprise vehicle exchange/orange,11400.0,11000.0,Wed Dec 17 2014 12:30:00 GMT-0800 (PST)
2013,hyundai,Santa Fe,Sport 2.0T,SUV,automatic,5xyzw3la5dg114166,California,47.0,17367.0,black,beige,hyundai motor america/co car,21400.0,24100.0,Tue Dec 16 2014 12:00:00 GMT-0800 (PST)
2013,hyundai,Accent,GLS,Sedan,automatic,kmhct4ae9du436426,California,2.0,34136.0,black,beige,enterprise vehicle exchange / tra / rental / tulsa,9700.0,8100.0,Tue Dec 23 2014 12:00:00 GMT-0800 (PST)
2013,hyundai,Veloster,Turbo,Hatchback,automatic,kmhtc6ae4du168333,California,36.0,10474.0,white,black,hyundai motor america/co car,15000.0,16100.0,Tue Dec 16 2014 12:00:00 GMT-0800 (PST)
2013,hyundai,Elantra Coupe,SE,Elantra Coupe,automatic,kmhdh6ae8du000216,California,43.0,11809.0,black,black,hyundai motor america/co car,14600.0,16100.0,Tue Dec 16 2014 12:00:00 GMT-0800 (PST)
2013,hyundai,Accent,GS,Hatchback,automatic,kmhct5ae4du128991,California,46.0,9927.0,black,black,hyundai motor america/co car,10800.0,11300.0,Tue Dec 16 2014 12:00:00 GMT-0800 (PST)
2013,hyundai,Azera,Base,Sedan,automatic,kmhfg4jgxda201053,California,45.0,34566.0,silver,black,hyundai motor america/co car,20000.0,20300.0,Tue Dec 16 2014 12:00:00 GMT-0800 (PST)
2013,hyundai,Sonata Hybrid,Base,Sedan,automatic,kmhec4a46da091339,California,44.0,16684.0,white,tan,hyundai motor america/co car,14900.0,14800.0,Tue Dec 16 2014 12:00:00 GMT-0800 (PST)
2013,hyundai,Tucson,GLS,SUV,automatic,km8ju3ac4du587297,California,42.0,19109.0,red,black,hyundai motor america/co car,16450.0,17500.0,Tue Dec 16 2014 12:00:00 GMT-0800 (PST)
2013,hyundai,Equus,Ultimate,Sedan,automatic,kmhgh4jh3du064689,California,43.0,11566.0,white,beige,hyundai buybacks,36800.0,25000.0,Tue Dec 16 2014 12:00:00 GMT-0800 (PST)
2013,hyundai,Accent,SE,Hatchback,automatic,kmhcu5ae2du138898,California,49.0,6747.0,gray,black,hyundai motor america/co car,11300.0,11900.0,Tue Dec 16 2014 12:00:00 GMT-0800 (PST)
2013,hyundai,Genesis,3.8,Sedan,automatic,kmhgc4dd2du221961,California,46.0,20952.0,silver,black,hyundai motor america/co car,18650.0,22200.0,Tue Dec 16 2014 12:00:00 GMT-0800 (PST)
2013,hyundai,Elantra Coupe,GS,Elantra Coupe,automatic,kmhdh6ae8du017422,California,1.0,999999.0,blue,gray,hyundai motor finance,8025.0,2500.0,Tue Jan 27 2015 04:00:00 GMT-0800 (PST)
2013,hyundai,Veloster,Base,Hatchback,automatic,kmhtc6ad7du089181,California,48.0,27532.0,yellow,black,hyundai buybacks,13100.0,11300.0,Tue Dec 16 2014 12:00:00 GMT-0800 (PST)
2013,hyundai,Genesis Coupe,3.8 Track,Genesis Coupe,automatic,kmhhu6kj0du110296,California,48.0,12730.0,red,black,hyundai motor america/co car,21400.0,23000.0,Tue Dec 16 2014 12:00:00 GMT-0800 (PST)
2013,hyundai,Tucson,Limited,SUV,automatic,km8ju3ac6du590752,California,44.0,32413.0,white,beige,hyundai motor america/co car,16150.0,17500.0,Tue Dec 16 2014 12:00:00 GMT-0800 (PST)
2013,jeep,Wrangler,Unlimited Rubicon,SUV,manual,1c4bjwfg4dl585036,California,47.0,9153.0,red,gray,clear view systems,34300.0,35250.0,Tue Dec 16 2014 12:30:00 GMT-0800 (PST)
2013,kia,Optima,EX Hybrid,Sedan,automatic,knagm4ad1d5057809,California,44.0,16045.0,white,beige,kia motors america  inc,16000.0,16800.0,Tue Dec 16 2014 12:30:00 GMT-0800 (PST)
2013,nissan,Altima,2.5,Sedan,automatic,1n4al3ap3dn535427,California,36.0,37136.0,red,beige,avis corporation,12900.0,13800.0,Tue Dec 16 2014 12:30:00 GMT-0800 (PST)
2013,mercedes-benz,S-Class,S550,Sedan,automatic,wddng7db2da502214,California,36.0,4811.0,black,black,mercedes-benz financial services,55100.0,45500.0,Thu Jan 29 2015 04:30:00 GMT-0800 (PST)
2013,lexus,GS 350,Base,Sedan,automatic,jthbe1bl9d5002103,California,36.0,39590.0,white,white,lexus financial services,32100.0,32100.0,Wed Dec 17 2014 12:30:00 GMT-0800 (PST)
2013,mitsubishi,Outlander,SE,SUV,automatic,ja4jt3aw5du020785,California,39.0,36071.0,silver,black,avis rac/san leandro,14750.0,15000.0,Wed Dec 31 2014 12:30:00 GMT-0800 (PST)
2013,mercedes-benz,C-Class,C250,Coupe,automatic,wddgj4hb9dg004804,California,42.0,20705.0,unknown,black,mercedes-benz financial services,26700.0,25750.0,Thu Dec 18 2014 12:30:00 GMT-0800 (PST)
2013,kia,Optima,SX,Sedan,automatic,5xxgr4a65dg171118,California,44.0,24131.0,black,black,high bid trading co inc,21200.0,21250.0,Wed Dec 17 2014 12:15:00 GMT-0800 (PST)
2013,jeep,Wrangler,Unlimited Sahara,SUV,automatic,1c4hjweg8dl539625,California,31.0,41173.0,black,black,avis corporation,27100.0,27000.0,Tue Dec 30 2014 15:00:00 GMT-0800 (PST)
2013,mazda,Mazda2,Sport,Hatchback,automatic,jm1de1kz8d0152764,California,2.0,24252.0,black,black,exeter finance corp,9825.0,9100.0,Thu Dec 18 2014 12:00:00 GMT-0800 (PST)
2013,kia,Rio,LX,Sedan,automatic,knadm4a3xd6124671,California,28.0,31406.0,silver,black,primeritus remarketing/oregon comm credit,9775.0,8900.0,Wed Dec 17 2014 12:30:00 GMT-0800 (PST)
2013,mercedes-benz,C-Class,C250 Sport,Sedan,automatic,wddgf4hb8da832718,California,45.0,20161.0,white,black,mercedes-benz financial services,23100.0,25000.0,Thu Dec 18 2014 12:30:00 GMT-0800 (PST)
2013,mazda,Mazda2,Touring,Hatchback,automatic,jm1de1lz0d0160159,California,35.0,44392.0,red,black,the hertz corporation,8475.0,8500.0,Tue Dec 16 2014 12:30:00 GMT-0800 (PST)
2013,infiniti,M,M37,Sedan,automatic,jn1by1ap0dm513625,California,46.0,10808.0,unknown,black,nissan north america inc.,33900.0,33500.0,Thu Jan 15 2015 04:30:00 GMT-0800 (PST)
2013,nissan,370Z,Base,Convertible,automatic,jn1az4fh8dm790096,California,43.0,445.0,silver,black,nissan north america inc.,29800.0,28750.0,Tue Dec 16 2014 12:30:00 GMT-0800 (PST)
2013,kia,Soul,+,Wagon,automatic,kndjt2a60d7538561,California,28.0,48270.0,black,black,exeter finance corp,11250.0,11000.0,Tue Dec 30 2014 15:00:00 GMT-0800 (PST)
2013,kia,Soul,Base,Wagon,manual,kndjt2a54d7539154,California,1.0,11699.0,silver,black,kia motors finance,11400.0,6900.0,Tue Dec 16 2014 12:00:00 GMT-0800 (PST)
2013,mitsubishi,Outlander Sport,LE,SUV,automatic,4a4ar5au4de024456,California,27.0,37713.0,blue,black,avis rac/san leandro,15650.0,14000.0,Wed Dec 17 2014 12:30:00 GMT-0800 (PST)
2013,mercedes-benz,SLK-Class,SLK350,Convertible,automatic,wddpk5ha1df065483,California,44.0,8470.0,black,â,mercedes-benz finc wholesale advantage,44700.0,37000.0,Thu Jan 15 2015 04:30:00 GMT-0800 (PST)
2013,lexus,ES 350,Base,Sedan,automatic,jthbk1gg1d2049728,California,38.0,24478.0,gray,black,mercedes benz of temecula,28900.0,27750.0,Thu Dec 18 2014 12:00:00 GMT-0800 (PST)
2013,mercedes-benz,E-Class,E350 Sport,Sedan,automatic,wddhf5kb8da762334,California,25.0,4995.0,black,black,mercedes-benz usa,35400.0,31750.0,Thu Jan 15 2015 04:30:00 GMT-0800 (PST)
2013,mazda,Mazda3,i SV,Sedan,automatic,jm1bl1tg8d1728177,California,36.0,54715.0,gray,black,california republic bank,9900.0,10600.0,Wed Dec 17 2014 12:30:00 GMT-0800 (PST)
2013,mini,Cooper Clubman,Base,Hatchback,automatic,wmwzf3c54dt489938,California,37.0,36498.0,green,beige,avis rac/san leandro,13550.0,13600.0,Wed Dec 17 2014 12:30:00 GMT-0800 (PST)
2013,mini,Cooper,Base,Hatchback,automatic,wmwsu3c55dt677990,California,28.0,7273.0,blue,â,bmw mini financial services,15300.0,15000.0,Thu Dec 18 2014 12:30:00 GMT-0800 (PST)
2013,mazda,CX-9,Touring,SUV,automatic,jm3tb3cv9d0410440,California,38.0,46733.0,red,black,avis rac/san leandro,19150.0,20500.0,Wed Dec 31 2014 12:30:00 GMT-0800 (PST)
2013,kia,Forte,LX,Sedan,automatic,knaft4a28d5738465,California,43.0,54978.0,black,gray,exeter finance corp,7050.0,9200.0,Thu Dec 18 2014 12:00:00 GMT-0800 (PST)
2013,kia,Sorento,SX,SUV,automatic,5xykw4a26dg339716,California,47.0,20209.0,burgundy,black,high bid trading co inc,21700.0,21500.0,Wed Dec 17 2014 12:15:00 GMT-0800 (PST)
2013,jeep,Compass,Latitude,SUV,automatic,1c4njceb2dd229860,California,41.0,32090.0,white,black,chrysler capital,12600.0,13900.0,Thu Dec 18 2014 12:00:00 GMT-0800 (PST)
2013,mazda,Mazda3,i Touring,Sedan,automatic,jm1bl1vp7d1768022,California,3.0,47917.0,black,black,south bay hyundai,9100.0,9600.0,Tue Dec 16 2014 12:30:00 GMT-0800 (PST)
2013,infiniti,JX,JX35,SUV,automatic,5n1al0mm4dc337764,California,37.0,37738.0,gray,beige,nissan infiniti lt,32000.0,32250.0,Wed Dec 17 2014 12:30:00 GMT-0800 (PST)
2013,infiniti,G Sedan,G37x,G Sedan,automatic,jn1cv6ar0dm750465,California,44.0,37527.0,white,black,nissan infiniti lt,21700.0,23000.0,Thu Dec 18 2014 12:30:00 GMT-0800 (PST)
2013,kia,Rio,SX,Hatchback,manual,knadn5a32d6147221,California,46.0,4668.0,red,black,kia motors finance,14050.0,14200.0,Tue Dec 16 2014 12:00:00 GMT-0800 (PST)
2013,lexus,RX 450h,Base,SUV,automatic,jtjzb1ba8d2411313,California,,27970.0,burgundy,â,dolan toyota scion,37300.0,30500.0,Wed Dec 17 2014 12:30:00 GMT-0800 (PST)
2013,land rover,LR4,HSE LUX,SUV,automatic,salak2d48da693027,California,44.0,2059.0,gray,black,land rover north america llc,58500.0,42000.0,Thu Dec 18 2014 12:30:00 GMT-0800 (PST)
2013,kia,Optima,EX,Sedan,automatic,5xxgn4a7xdg106558,California,2.0,24614.0,burgundy,beige,kia motors finance,16200.0,10600.0,Tue Dec 16 2014 13:00:00 GMT-0800 (PST)
2013,mazda,Mazda5,Touring,Minivan,automatic,jm1cw2cl1d0150492,California,35.0,39272.0,red,gray,avis corporation,11300.0,12400.0,Tue Dec 16 2014 12:30:00 GMT-0800 (PST)
2013,mazda,Mazda3,i Sport,Sedan,automatic,jm1bl1upxd1794194,California,2.0,45649.0,black,black,jpmorgan chase bank n.a.,10250.0,10000.0,Tue Dec 16 2014 12:30:00 GMT-0800 (PST)
2013,infiniti,G Coupe,G37x,G Coupe,automatic,jn1cv6el5dm980105,California,35.0,10055.0,gray,black,nissan infiniti lt,26300.0,27000.0,Wed Dec 17 2014 12:30:00 GMT-0800 (PST)
2013,kia,Forte,EX,Sedan,automatic,knafu4a22d5724414,California,27.0,55885.0,gray,black,caprock auto remarketing,9175.0,8800.0,Tue Dec 23 2014 12:00:00 GMT-0800 (PST)
2013,mazda,Mazda5,Sport,Minivan,automatic,jm1cw2bl1d0154950,California,29.0,40275.0,gray,black,enterprise vehicle exchange/orange,12050.0,12200.0,Tue Dec 16 2014 12:30:00 GMT-0800 (PST)
2013,land rover,Range Rover Evoque,Pure Plus,SUV,automatic,salvp2bg5dh781072,California,48.0,25524.0,blue,black,mercedes benz of laguna niguel,35400.0,35500.0,Wed Dec 17 2014 12:30:00 GMT-0800 (PST)
2013,lexus,LS 460,L,Sedan,automatic,jthgl1efxd5047925,California,49.0,71.0,gold,beige,sunshine autos,66000.0,64000.0,Tue Dec 30 2014 12:30:00 GMT-0800 (PST)
2013,mercedes-benz,GLK-Class,GLK350,SUV,automatic,wdcgg5hb6df956724,California,34.0,21052.0,gray,black,mercedes-benz usa,29500.0,25500.0,Thu Dec 18 2014 12:00:00 GMT-0800 (PST)
2013,jeep,Wrangler,Unlimited Sport,SUV,automatic,1c4hjwdg9dl604791,California,43.0,41997.0,black,black,avis corporation,24200.0,25250.0,Tue Dec 30 2014 15:00:00 GMT-0800 (PST)
2013,kia,Sportage,LX,SUV,automatic,kndpbca25d7406217,California,25.0,40331.0,gray,gray,avis rac/san leandro,15050.0,15200.0,Wed Dec 17 2014 12:30:00 GMT-0800 (PST)
2013,jeep,Grand Cherokee,Limited,SUV,automatic,1c4rjebg1dc636460,California,43.0,39566.0,black,black,avis corporation,25200.0,26750.0,Tue Dec 16 2014 12:30:00 GMT-0800 (PST)
2013,mercedes-benz,E-Class,E350 Sport BlueTEC,Sedan,automatic,wddhf2eb5da710377,California,47.0,28463.0,unknown,black,mercedes-benz financial services,36900.0,36250.0,Thu Dec 18 2014 12:30:00 GMT-0800 (PST)
2013,Lincoln,MKX,Base,SUV,automatic,2lmdj8jk9dbl34528,California,43.0,39459.0,burgundy,tan,avis rac/san leandro,24700.0,24500.0,Wed Dec 17 2014 12:30:00 GMT-0800 (PST)
2013,land rover,Range Rover Evoque,Pure,SUV,automatic,salvn2bg2dh730098,California,,25808.0,white,tan,jpmorgan chase bank n.a.,31700.0,30000.0,Thu Dec 18 2014 12:30:00 GMT-0800 (PST)
2013,Lincoln,mkt,awd v6,,automatic,2lmhj5nk1dbl52290,California,41.0,74874.0,black,black,remarketing by ge/manheim southern california,19300.0,17750.0,Thu Dec 18 2014 12:00:00 GMT-0800 (PST)
2013,jaguar,XF,Base,Sedan,automatic,sajwa0es1dps79829,California,42.0,10067.0,black,tan,jaguar north america llc,33700.0,26000.0,Thu Dec 18 2014 12:30:00 GMT-0800 (PST)
2013,mercedes-benz,GL-Class,GL450 4MATIC,SUV,automatic,4jgdf7ce3da182451,California,42.0,26853.0,gray,black,mercedes-benz usa,46200.0,48000.0,Thu Dec 18 2014 12:00:00 GMT-0800 (PST)
2013,kia,Rio,EX,Hatchback,automatic,knadn5a33d6283020,California,41.0,11342.0,black,black,jpmorgan chase bank n.a.,10500.0,12000.0,Thu Dec 18 2014 12:00:00 GMT-0800 (PST)
2013,mercedes-benz,M-Class,ML350,SUV,automatic,4jgda5jb8da218923,California,5.0,6536.0,silver,black,mercedes-benz finc services premier program,40400.0,42750.0,Thu Dec 18 2014 12:30:00 GMT-0800 (PST)
2013,mini,Cooper Countryman,Base,Wagon,automatic,wmwzb3c52dwm07005,California,39.0,41357.0,silver,black,avis rac/san leandro,16300.0,16500.0,Wed Dec 31 2014 12:30:00 GMT-0800 (PST)
2013,kia,Sorento,EX,SUV,automatic,5xyku3a23dg334585,California,33.0,71662.0,black,beige,kia of cerritos,14050.0,14000.0,Tue Dec 16 2014 12:30:00 GMT-0800 (PST)
2013,land rover,Range Rover Evoque,Pure Premium,SUV,automatic,salvr2bg6dh755364,California,5.0,5403.0,gray,black,land rover north america llc,38600.0,30500.0,Thu Dec 18 2014 12:30:00 GMT-0800 (PST)
2013,mitsubishi,Lancer,Ralliart,Sedan,automatic,ja32v6fv9du003475,California,36.0,27059.0,blue,black,tycon enterprises,19600.0,18900.0,Tue Jan 06 2015 12:30:00 GMT-0800 (PST)
2013,mercedes-benz,C-Class,C63 AMG,Coupe,automatic,wddgj7hb6dg060457,California,25.0,10972.0,unknown,black,mercedes-benz usa,46700.0,36500.0,Thu Feb 12 2015 04:00:00 GMT-0800 (PST)
2013,land rover,Range Rover Sport,Supercharged Limited Edition,SUV,automatic,salsh2e49da763586,California,37.0,26757.0,black,gray,jpmorgan chase bank n.a.,61000.0,60000.0,Thu Dec 18 2014 12:30:00 GMT-0800 (PST)
2013,mercedes-benz,E-Class,E350,Coupe,automatic,wddkj5kb4df191416,California,45.0,19538.0,white,gray,mercedes-benz financial services,33200.0,32250.0,Thu Dec 18 2014 12:30:00 GMT-0800 (PST)
2013,mitsubishi,Lancer,ES,Sedan,automatic,ja32u2fu2du019813,California,28.0,38311.0,red,black,avis corporation,9900.0,10100.0,Thu Dec 18 2014 11:30:00 GMT-0800 (PST)
2013,Volkswagen,Passat,SE PZEV,Sedan,automatic,1vwbp7a36dc103091,California,1.0,22907.0,white,black,vw credit,14450.0,8000.0,Tue Dec 16 2014 12:00:00 GMT-0800 (PST)
2013,toyota,Corolla,LE,Sedan,automatic,5yfbu4ee5dp216754,California,1.0,34915.0,black,gray,enterprise vehicle exchange / tra / rental / tulsa,11400.0,9200.0,Tue Dec 16 2014 12:00:00 GMT-0800 (PST)
2013,volvo,XC60,3.2,SUV,automatic,yv4940dl7d2432124,California,43.0,34933.0,white,black,avis corporation,21200.0,22900.0,Tue Dec 16 2014 12:30:00 GMT-0800 (PST)
2013,toyota,Sienna,LE 7-Passenger Mobility Auto Access,Minivan,automatic,5tdkk3dc4ds344460,California,35.0,49188.0,gray,tan,the hertz corporation,17150.0,18000.0,Tue Dec 16 2014 12:30:00 GMT-0800 (PST)
2013,nissan,Juke,S,Hatchback,automatic,jn8af5mv4dt218618,California,43.0,38134.0,gray,black,enterprise veh exchange/rental,13750.0,14400.0,Fri Dec 26 2014 15:00:00 GMT-0800 (PST)
2013,toyota,Yaris,L,Hatchback,automatic,jtdktud33dd552876,California,2.0,28412.0,white,gray,enterprise vehicle exchange / tra / rental / tulsa,9775.0,7800.0,Tue Dec 30 2014 13:00:00 GMT-0800 (PST)
2013,nissan,Sentra,SR,Sedan,other,3n1ab7ap2dl644629,California,15.0,73267.0,silver,black,bmw alphera/alphera financial services,10600.0,9100.0,Wed Dec 17 2014 12:30:00 GMT-0800 (PST)
2013,nissan,Rogue,S,SUV,automatic,jn8as5mt6dw521005,California,,36802.0,silver,black,santander consumer,13600.0,2800.0,Tue Dec 16 2014 13:00:00 GMT-0800 (PST)
2013,nissan,NV,1500 S,Van,automatic,1n6bf0km4dn103306,California,1.0,47268.0,white,gray,enterprise vehicle exchange / tra / rental / tulsa,14850.0,14000.0,Wed Dec 17 2014 15:05:00 GMT-0800 (PST)
2013,toyota,Corolla,S,Sedan,automatic,2t1bu4ee4dc089995,California,47.0,19836.0,orange,black,consolidated asset recovery systems  inc.,13500.0,14100.0,Wed Dec 17 2014 12:30:00 GMT-0800 (PST)
2013,Volkswagen,CC,R-Line PZEV,Sedan,automatic,wvwbp7an8de537909,California,33.0,37628.0,black,black,avis rac/san leandro,14950.0,17100.0,Wed Dec 17 2014 12:30:00 GMT-0800 (PST)
2013,nissan,Leaf,SL,Hatchback,automatic,1n4az0cp7dc403583,California,4.0,21826.0,unknown,black,nissan-infiniti lt,13100.0,15250.0,Tue Dec 16 2014 12:30:00 GMT-0800 (PST)
2013,toyota,Camry,LE,Sedan,automatic,4t4bf1fk5dr275482,California,38.0,38882.0,red,beige,avis corporation,13200.0,13500.0,Thu Dec 18 2014 11:30:00 GMT-0800 (PST)
2013,toyota,Camry,XLE,Sedan,automatic,4t1bk1fk0du529833,California,5.0,2575.0,black,gray,the car exchange,21800.0,22000.0,Wed Dec 17 2014 12:30:00 GMT-0800 (PST)
2013,toyota,Tacoma,PreRunner,Double Cab,automatic,5tfjx4gn8dx015982,California,28.0,32198.0,blue,gray,manheim san diego,21200.0,20500.0,Tue Dec 23 2014 16:00:00 GMT-0800 (PST)
2013,Volkswagen,Jetta,SE PZEV,Sedan,automatic,3vwdp7aj7dm408489,California,44.0,38680.0,white,black,avis rac/san leandro,10900.0,11800.0,Wed Dec 17 2014 12:30:00 GMT-0800 (PST)
2013,subaru,Impreza WRX,Base,Sedan,manual,jf1gv7e63dg034961,California,42.0,9419.0,blue,black,gossler motors,22600.0,23750.0,Tue Dec 23 2014 12:00:00 GMT-0800 (PST)
2013,nissan,Altima,3.5 SL,Sedan,automatic,1n4bl3ap4dc907342,California,44.0,10929.0,black,black,nissan motor acceptance corporation,17250.0,20250.0,Wed Dec 17 2014 12:30:00 GMT-0800 (PST)
2013,toyota,FJ Cruiser,Base,SUV,automatic,jtezu4bf8dk013024,California,37.0,36431.0,black,black,avis rac/san leandro,25200.0,24200.0,Wed Jan 14 2015 04:30:00 GMT-0800 (PST)
2013,nissan,Versa,1.6 S Plus,Sedan,other,3n1cn7ap3dl881422,California,2.0,34469.0,white,black,hertz/tra,9750.0,4000.0,Tue Dec 16 2014 13:00:00 GMT-0800 (PST)
2013,Volkswagen,Beetle,2.5L PZEV,Hatchback,automatic,3vwfp7at2dm654781,California,44.0,37320.0,white,black,avis rac/san leandro,11400.0,11400.0,Wed Dec 17 2014 12:30:00 GMT-0800 (PST)
2013,toyota,Avalon,XLE,Sedan,automatic,4t1bk1eb6du040855,California,33.0,36159.0,silver,silver,toyota financial services/avis budget group-open,18850.0,19500.0,Tue Dec 23 2014 12:30:00 GMT-0800 (PST)
2013,scion,FR-S,Base,Coupe,automatic,jf1znaa14d2706815,California,24.0,46283.0,red,black,stream llc dba stream remarketing solutions,15800.0,10600.0,Tue Dec 23 2014 13:30:00 GMT-0800 (PST)
2013,nissan,NV200,S,Minivan,automatic,3n6cm0kn8dk691932,California,4.0,9531.0,white,gray,nissan dealer blend/ross nissan of el monte,14550.0,16000.0,Tue Dec 16 2014 12:30:00 GMT-0800 (PST)
2013,toyota,RAV4,LE,SUV,automatic,2t3bfrev6dw025809,California,,54735.0,gray,gray,hertz/tra,16800.0,7000.0,Tue Dec 16 2014 13:00:00 GMT-0800 (PST)
2013,Volkswagen,Passat,Wolfsburg Edition PZEV,Sedan,automatic,1vwap7a33dc063127,California,1.0,27525.0,burgundy,black,american car finance inc,11650.0,4900.0,Wed Jan 07 2015 11:00:00 GMT-0800 (PST)
2013,nissan,Quest,SL,Minivan,other,jn8ae2kp5d9067114,California,47.0,10106.0,brown,gray,nissan north america inc.,25100.0,25750.0,Tue Dec 16 2014 12:30:00 GMT-0800 (PST)
2013,Volkswagen,Jetta,TDI,Sedan,automatic,3vwll7aj9dm365104,California,38.0,34988.0,gray,black,sierra auto investment co,16150.0,15500.0,Thu Jan 15 2015 04:30:00 GMT-0800 (PST)
2013,toyota,Tundra,Tundra,CrewMax Cab,automatic,5tfem5f11dx062107,California,42.0,102345.0,unknown,gray,wheels exchange llc,18850.0,18500.0,Wed Dec 17 2014 12:30:00 GMT-0800 (PST)
2013,scion,tC,Base,Hatchback,manual,jtkjf5c75d3056716,California,,19584.0,gray,black,toyota chula vista dba scion,13800.0,14400.0,Wed Dec 17 2014 12:30:00 GMT-0800 (PST)
2013,nissan,Maxima,3.5 SV,Sedan,automatic,1n4aa5ap0dc844429,California,44.0,29616.0,white,black,nissan motor acceptance corporation,19000.0,22500.0,Tue Dec 16 2014 12:30:00 GMT-0800 (PST)
2013,porsche,Cayenne,Base,SUV,automatic,wp1aa2a26dla06093,California,37.0,15746.0,gray,black,the hertz corporation,49300.0,46500.0,Tue Dec 16 2014 12:30:00 GMT-0800 (PST)
2013,nissan,Sentra,S,Sedan,other,3n1ab7ap0dl724057,California,36.0,44428.0,white,gray,nissan motor acceptance corporation,11000.0,11000.0,Tue Dec 16 2014 12:30:00 GMT-0800 (PST)
2013,porsche,911,Carrera S,Convertible,automatic,wp0cb2a99ds155897,California,46.0,16868.0,black,black,porsche financial services,80000.0,88500.0,Thu Dec 18 2014 12:30:00 GMT-0800 (PST)
2013,nissan,Xterra,S,SUV,automatic,5n1an0nw5dn811428,California,4.0,37767.0,black,gray,avis rac/san leandro,18250.0,18300.0,Wed Dec 17 2014 12:30:00 GMT-0800 (PST)
2013,toyota,Prius,Two,Hatchback,automatic,jtdkn3du1d5577332,California,4.0,57865.0,silver,gray,the hertz corporation,13300.0,14800.0,Thu Dec 18 2014 11:30:00 GMT-0800 (PST)
2013,volvo,S80,3.2,Sedan,automatic,yv1940as5d1172076,California,5.0,2477.0,black,black,volvo na company cars/world omni,26700.0,25750.0,Thu Jan 15 2015 04:30:00 GMT-0800 (PST)
2013,nissan,Frontier,SV,Crew Cab,automatic,1n6ad0ev2dn761759,California,43.0,15240.0,white,gray,exeter finance corp,22000.0,22750.0,Thu Dec 18 2014 12:00:00 GMT-0800 (PST)
2013,porsche,Boxster,S,Convertible,automatic,wp0cb2a80ds132192,California,42.0,25019.0,black,black,porsche financial services,48000.0,49500.0,Thu Jan 15 2015 04:30:00 GMT-0800 (PST)
2013,toyota,Camry Hybrid,XLE,Sedan,automatic,4t1bd1fk2du077300,California,31.0,37028.0,black,gray,lexus of valencia,17950.0,21000.0,Wed Dec 17 2014 12:15:00 GMT-0800 (PST)
2013,nissan,Sentra,SV,Sedan,automatic,3n1ab7ap6dl694420,California,36.0,37293.0,red,black,merchants automotive group,10550.0,11100.0,Wed Dec 17 2014 12:30:00 GMT-0800 (PST)
2013,scion,xB,Base,Wagon,automatic,jtlze4fe2dj042841,California,42.0,16949.0,white,gray,bmw of riverside,13500.0,14500.0,Tue Dec 16 2014 12:30:00 GMT-0800 (PST)
2013,nissan,Cube,1.8 SL,Wagon,automatic,jn8az2kr2dt304554,California,32.0,24437.0,white,beige,california republic bank,11350.0,12200.0,Wed Dec 17 2014 12:30:00 GMT-0800 (PST)
2013,toyota,Tacoma,Base,Access Cab,automatic,5tftx4cnxdx028456,California,45.0,31326.0,unknown,gray,ge fleet services for itself/servicer,16950.0,18500.0,Tue Dec 16 2014 12:00:00 GMT-0800 (PST)
2013,Volkswagen,Jetta SportWagen,S PZEV,Wagon,automatic,3vwpp7aj2dm636073,California,42.0,38082.0,blue,gray,avis rac/san leandro,11050.0,12000.0,Wed Dec 17 2014 12:30:00 GMT-0800 (PST)
2013,nissan,Sentra,FE+ S,Sedan,automatic,3n1ab7ap3dl639052,California,43.0,11338.0,gray,black,bank of the west,11000.0,12400.0,Thu Dec 18 2014 12:00:00 GMT-0800 (PST)
2013,nissan,Rogue,SV,SUV,automatic,jn8as5mt1dw510445,California,44.0,12194.0,gray,black,nissan motor acceptance corporation,16000.0,16250.0,Tue Dec 16 2014 12:30:00 GMT-0800 (PST)
2013,toyota,4Runner,Limited,SUV,automatic,jtebu5jr2d5116361,California,49.0,52002.0,silver,black,avis rac/san leandro,30500.0,25900.0,Wed Dec 17 2014 12:30:00 GMT-0800 (PST)
2013,toyota,Sequoia,SR5,SUV,automatic,5tdzy5g1xds044408,California,41.0,24592.0,black,gray,toyota financial services,30200.0,34000.0,Tue Dec 23 2014 00:00:00 GMT-0800 (PST)
2013,nissan,Maxima,3.5 S,Sedan,automatic,1n4aa5ap0dc832068,California,,37803.0,gray,black,hertz/tra,15150.0,2000.0,Tue Dec 16 2014 13:00:00 GMT-0800 (PST)
2013,subaru,Legacy,2.5i Premium PZEV,Sedan,automatic,4s3bmbc65d3033539,California,1.0,24734.0,red,black,enterprise vehicle exchange / tra / rental / tulsa,15900.0,9800.0,Wed Dec 31 2014 15:05:00 GMT-0800 (PST)
2013,nissan,Leaf,S,Hatchback,automatic,1n4az0cpxdc400130,California,36.0,8485.0,black,black,nissan north america inc.,15150.0,15000.0,Tue Dec 16 2014 12:30:00 GMT-0800 (PST)
2013,nissan,Armada,SV,SUV,automatic,5n1aa0nc3dn604196,California,31.0,63459.0,black,black,the hertz corporation,18100.0,19500.0,Thu Dec 18 2014 11:30:00 GMT-0800 (PST)
2013,toyota,Venza,LE,Wagon,automatic,4t3za3bb6du071712,California,39.0,41829.0,white,beige,avis rac/san leandro,16600.0,17600.0,Wed Dec 17 2014 12:30:00 GMT-0800 (PST)
2013,toyota,Tacoma,PreRunner V6,Double Cab,automatic,3tmju4gn1dm152583,California,5.0,18015.0,silver,gray,honda of serramonte,24400.0,23700.0,Wed Dec 17 2014 12:30:00 GMT-0800 (PST)
2013,nissan,Murano,SV,SUV,other,jn8az1mu1dw214242,California,49.0,11284.0,gray,black,nissan north america inc.,20400.0,21500.0,Tue Dec 16 2014 12:30:00 GMT-0800 (PST)
2013,porsche,Cayenne,S Hybrid,SUV,automatic,wp1ae2a21dla14185,California,38.0,26999.0,black,tan,l m auto wholesale,58000.0,55000.0,Thu Dec 18 2014 12:30:00 GMT-0800 (PST)
2013,nissan,Pathfinder,SV,SUV,automatic,5n1ar2mm9dc631171,California,27.0,44897.0,black,black,avis corporation,19400.0,19700.0,Thu Dec 18 2014 11:30:00 GMT-0800 (PST)
2013,porsche,Panamera,Base,Sedan,automatic,wp0aa2a73dl016450,California,39.0,12379.0,black,black,the hertz corporation,61000.0,59750.0,Thu Dec 18 2014 12:30:00 GMT-0800 (PST)
2013,toyota,Corolla,S Special Edition,Sedan,automatic,5yfbu4ee8dp220569,California,35.0,19377.0,gray,gray,toyota financial services,11850.0,12400.0,Tue Dec 23 2014 00:00:00 GMT-0800 (PST)
2013,nissan,Frontier,S,King Cab,automatic,1n6bd0ct2dn738942,California,19.0,20893.0,white,gray,santander consumer,13750.0,9000.0,Thu Jan 15 2015 04:00:00 GMT-0800 (PST)
2013,subaru,Forester,2.5X PZEV,SUV,automatic,jf2shaac3dh434616,California,35.0,60564.0,unknown,gray,wheels exchange llc,15200.0,14000.0,Wed Dec 17 2014 12:30:00 GMT-0800 (PST)
2013,toyota,Highlander,Limited,SUV,automatic,5tdyk3eh7ds099402,California,3.0,39900.0,white,black,toyota financial services,28300.0,28000.0,Tue Dec 30 2014 00:00:00 GMT-0800 (PST)
2013,toyota,Avalon,Limited,Sedan,automatic,4t1bk1eb6du056909,California,1.0,34549.0,silver,black,enterprise vehicle exchange / tra / rental / tulsa,23200.0,15500.0,Wed Dec 17 2014 15:05:00 GMT-0800 (PST)
2013,subaru,Impreza,2.0i Sport Limited PZEV,Hatchback,automatic,jf1gpau61d2835586,California,,20091.0,silver,black,audi san diego,19300.0,18500.0,Wed Dec 17 2014 12:45:00 GMT-0800 (PST)
2013,Volkswagen,Passat,SE,Sedan,automatic,1vwbh7a31dc025977,California,1.0,24954.0,unknown,black,vw credit,14250.0,11100.0,Tue Dec 16 2014 12:00:00 GMT-0800 (PST)
2013,toyota,Tacoma,V6,Double Cab,automatic,3tmmu4fn0dm052604,California,41.0,39631.0,white,gray,american road leasing inc,25800.0,27000.0,Wed Dec 17 2014 12:15:00 GMT-0800 (PST)
2013,subaru,Impreza WRX,STI,Sedan,manual,jf1gv8j62dl008418,California,35.0,22006.0,blue,black,showcase wholesale auto llc,31200.0,29000.0,Thu Dec 18 2014 12:30:00 GMT-0800 (PST)
2013,toyota,Camry,SE,Sedan,automatic,4t1bf1fk4du208401,California,,59291.0,black,â,jimmy vasser toyota,12550.0,13800.0,Wed Dec 17 2014 12:30:00 GMT-0800 (PST)
2013,nissan,Sentra,FE+ SV,Sedan,automatic,3n1ab7ap0dl726200,California,36.0,36247.0,black,black,avis corporation,11000.0,11400.0,Tue Dec 16 2014 12:30:00 GMT-0800 (PST)
2013,Volkswagen,Passat,TDI SE,Sedan,automatic,1vwbn7a30dc124122,California,32.0,14779.0,gray,black,wheels exchange llc,20400.0,20200.0,Wed Dec 17 2014 12:30:00 GMT-0800 (PST)
2013,porsche,Boxster,Base,Convertible,automatic,wp0ca2a81ds112651,California,37.0,21938.0,black,black,remarketing by ge/manheim riverside,41200.0,39500.0,Tue Dec 30 2014 12:00:00 GMT-0800 (PST)
2013,toyota,Camry Hybrid,LE,Sedan,automatic,4t1bd1fk5du078747,California,44.0,56455.0,gray,gray,ge fleet services for itself/servicer,15700.0,17750.0,Tue Dec 16 2014 12:00:00 GMT-0800 (PST)
2013,toyota,Yaris,LE,Hatchback,automatic,jtdktud35dd556959,California,1.0,32808.0,silver,black,enterprise vehicle exchange / tra / rental / tulsa,10450.0,7300.0,Tue Dec 23 2014 12:00:00 GMT-0800 (PST)
2013,toyota,Corolla,L,Sedan,automatic,5yfbu4ee0dp204771,California,2.0,35516.0,silver,gray,fox rent a car tra,11250.0,8200.0,Tue Dec 16 2014 13:00:00 GMT-0800 (PST)
2013,nissan,Murano,S,SUV,automatic,jn8az1mw6dw303046,California,38.0,23629.0,white,beige,advantage rent a car/hertz,22800.0,18900.0,Wed Dec 17 2014 12:30:00 GMT-0800 (PST)
2013,nissan,Murano,SL,SUV,automatic,jn8az1mu6dw209263,California,44.0,14805.0,gray,black,nissan motor acceptance corporation,24100.0,25250.0,Wed Dec 17 2014 12:30:00 GMT-0800 (PST)
2013,nissan,Quest,SV,Minivan,other,jn8ae2kp7d9060276,California,41.0,27948.0,gray,gray,nissan north america inc.,22300.0,20750.0,Tue Dec 16 2014 12:30:00 GMT-0800 (PST)
2013,toyota,Camry,L,Sedan,automatic,4t1bf1fk4du283826,California,2.0,31300.0,silver,black,enterprise vehicle exchange / tra / rental / tulsa,13350.0,11200.0,Tue Dec 16 2014 13:00:00 GMT-0800 (PST)
2012,bmw,750i,xdr 750i xdriv,,automatic,wbakc6c5xcc395623,California,4.0,50790.0,gray,black,financial services remarketing (lease),33900.0,33500.0,Thu Dec 18 2014 12:30:00 GMT-0800 (PST)
2012,acura,TSX,Base,Sedan,automatic,jh4cu2f43cc007761,California,39.0,43127.0,black,black,ahfc/honda lease trust/hvt  inc. eot,16450.0,17800.0,Thu Dec 18 2014 12:00:00 GMT-0800 (PST)
2012,audi,A6,3.0T Premium quattro,Sedan,automatic,wauggafc1cn055417,California,35.0,36541.0,unknown,beige,high bid trading co inc,29800.0,29000.0,Thu Dec 18 2014 12:00:00 GMT-0800 (PST)
2012,bmw,7 Series,740i,Sedan,automatic,wbaka4c54cc613856,California,47.0,17189.0,black,â,financial services remarketing (lease),40100.0,25000.0,Thu Dec 18 2014 12:30:00 GMT-0800 (PST)
2012,bmw,3 Series,335is,Convertible,automatic,wbadx1c56ce570700,California,38.0,14149.0,black,black,financial services remarketing (lease),39900.0,40500.0,Thu Dec 18 2014 12:30:00 GMT-0800 (PST)
2012,bmw,3 Series,328i,Convertible,automatic,wbadw7c5xce729000,California,31.0,27675.0,blue,gray,financial services remarketing (lease),28200.0,25750.0,Thu Jan 29 2015 04:30:00 GMT-0800 (PST)
2012,bmw,1 Series,135i,Coupe,automatic,wbauc9c56cvm12464,California,41.0,16288.0,blue,â,financial services remarketing (lease),26900.0,27500.0,Thu Dec 18 2014 12:30:00 GMT-0800 (PST)
2012,bmw,6 Series,640i,Coupe,automatic,wbalw3c56cc891870,California,44.0,39628.0,black,black,financial services remarketing (lease),42200.0,42000.0,Thu Dec 18 2014 12:30:00 GMT-0800 (PST)
2012,acura,TL,Base,Sedan,automatic,19uua8f23ca002640,California,41.0,28395.0,gray,black,ahfc/honda lease trust/hvt  inc. eot,19200.0,20200.0,Thu Dec 18 2014 12:00:00 GMT-0800 (PST)
2012,bmw,5 Series,535i,Sedan,automatic,wbafr7c56cc809633,California,22.0,28170.0,gray,black,financial services remarketing (lease),35100.0,47000.0,Thu Dec 18 2014 12:30:00 GMT-0800 (PST)
2012,bmw,7 Series,740Li,Sedan,automatic,wbakb4c53cc576943,California,36.0,32509.0,white,black,financial services remarketing (lease),40000.0,40000.0,Thu Dec 18 2014 12:30:00 GMT-0800 (PST)
2012,bmw,750li,750li,,automatic,wbakb8c50cc963182,California,37.0,31762.0,black,black,financial services remarketing (lease),45000.0,45000.0,Thu Dec 18 2014 12:30:00 GMT-0800 (PST)
2012,bmw,5 Series,528i xDrive,Sedan,automatic,wbaxh5c54cdw07718,California,21.0,29808.0,black,black,financial services remarketing (lease),30500.0,26500.0,Tue Jan 27 2015 04:30:00 GMT-0800 (PST)
2012,audi,S4,Premium Plus quattro,Sedan,automatic,waukgafl7ca117999,California,28.0,13044.0,black,black,fratelli investment group,37800.0,35250.0,Thu Dec 18 2014 12:00:00 GMT-0800 (PST)
2012,audi,A7,Premium quattro,Sedan,automatic,wauygafc0cn087585,California,33.0,36671.0,black,black,south bay hyundai,39300.0,40500.0,Tue Dec 16 2014 12:30:00 GMT-0800 (PST)
2012,bmw,3 Series,335i,Coupe,automatic,wbakg7c52ce802266,California,45.0,37632.0,gray,tan,financial services remarketing (lease),30200.0,32000.0,Thu Dec 18 2014 12:30:00 GMT-0800 (PST)
2012,audi,A5,2.0T Premium quattro,Coupe,automatic,waulfafr6ca037394,California,38.0,32737.0,white,black,porsche of downtown la,25000.0,26500.0,Thu Dec 18 2014 12:30:00 GMT-0800 (PST)
2012,bmw,1 Series,128i,Convertible,automatic,wbaun1c59cvh84475,California,44.0,28509.0,blue,brown,financial services remarketing (lease),23300.0,22750.0,Thu Jan 29 2015 04:30:00 GMT-0800 (PST)
2012,acura,TSX,Special Edition,Sedan,automatic,jh4cu2f8xcc014175,California,37.0,31595.0,white,black,ahfc/honda lease trust/hvt  inc. eot,18100.0,18900.0,Thu Dec 18 2014 12:00:00 GMT-0800 (PST)
2012,bmw,750i,750i,,automatic,wbaka8c54ccy37992,California,49.0,53016.0,white,gray,financial services remarketing (lease),31300.0,34250.0,Thu Dec 18 2014 12:30:00 GMT-0800 (PST)
2012,acura,RDX,Technology Package,SUV,other,5j8tb2h54ca000490,California,4.0,35348.0,gray,beige,ahfc/honda lease trust/hvt  inc. eot,22700.0,22000.0,Thu Dec 18 2014 12:00:00 GMT-0800 (PST)
2012,bmw,M3,Base,Convertible,automatic,wbsdx9c50ce784530,California,35.0,25240.0,black,black,financial services remarketing (lease),42000.0,42500.0,Thu Dec 18 2014 12:30:00 GMT-0800 (PST)
2012,bmw,5 Series,550i,Sedan,automatic,wbafr9c5xcdv58413,California,47.0,38066.0,black,black,financial services remarketing (lease),40200.0,42500.0,Thu Dec 18 2014 12:30:00 GMT-0800 (PST)
2012,bmw,6 Series,650i xDrive,Convertible,automatic,wbalz5c56cc619497,California,33.0,32289.0,gray,black,financial services remarketing (lease),47000.0,48000.0,Thu Dec 18 2014 12:30:00 GMT-0800 (PST)
2012,mini,Cooper Coupe,S,Hatchback,manual,wmwsx3c58ct408212,California,42.0,51347.0,gray,black,mckenna audi/mckenna bmw,13700.0,13750.0,Wed Dec 17 2014 12:30:00 GMT-0800 (PST)
2012,acura,TL,Technology Package,Sedan,automatic,19uua8f59ca015354,California,47.0,50229.0,black,black,ahfc/honda lease trust/hvt  inc. eot,19700.0,20500.0,Thu Dec 18 2014 12:00:00 GMT-0800 (PST)
2012,acura,ZDX,Technology Package,Hatchback,automatic,2hnyb1h40ch500373,California,36.0,33680.0,black,black,ahfc/honda lease trust/hvt  inc. eot,28200.0,26600.0,Thu Dec 18 2014 12:00:00 GMT-0800 (PST)
2012,audi,A4,2.0T Premium quattro,Sedan,automatic,waubfaflxcn004222,California,38.0,15193.0,black,black,high bid trading co inc,22900.0,24250.0,Thu Dec 18 2014 12:00:00 GMT-0800 (PST)
2012,audi,R8,4.2 quattro,Coupe,automatic,wuaauafg1cn002532,California,39.0,11740.0,gray,black,the hertz corporation,91000.0,91000.0,Wed Feb 11 2015 04:30:00 GMT-0800 (PST)
2012,acura,MDX,Technology Package,SUV,automatic,2hnyd2h34ch534405,California,47.0,36533.0,brown,beige,desert auto trade,29300.0,30750.0,Tue Dec 16 2014 12:30:00 GMT-0800 (PST)
2012,bmw,X3,xDrive28i,SUV,automatic,5uxwx5c52cl721643,California,37.0,37120.0,black,red,l m auto wholesale,27700.0,27500.0,Thu Dec 18 2014 12:30:00 GMT-0800 (PST)
2012,audi,Q5,3.2 Premium Plus quattro,SUV,automatic,wa1dkafp9ca031827,California,41.0,38750.0,black,black,high bid trading co inc,31800.0,31250.0,Thu Dec 18 2014 12:00:00 GMT-0800 (PST)
2012,acura,MDX,Technology and Entertainment Packages,SUV,automatic,2hnyd2h46ch518845,California,41.0,37587.0,white,beige,trade in solutions irvine,29200.0,31000.0,Tue Dec 16 2014 12:30:00 GMT-0800 (PST)
2012,bmw,5 Series,535i xDrive,Sedan,automatic,wbafu7c52cdu59166,California,33.0,26936.0,gray,gray,financial services remarketing (lease),35800.0,34500.0,Thu Dec 18 2014 12:30:00 GMT-0800 (PST)
2012,acura,MDX,Base,SUV,automatic,2hnyd2h22ch514452,California,36.0,34643.0,gray,black,ahfc/honda lease trust/hvt  inc. eot,26600.0,27000.0,Thu Dec 18 2014 12:00:00 GMT-0800 (PST)
2012,Dodge,Avenger,SE,Sedan,automatic,1c3cdzab3cn322875,California,35.0,65600.0,gray,black,dtg operations inc,7875.0,8300.0,Tue Dec 16 2014 12:30:00 GMT-0800 (PST)
2012,Ford,E-Series Wagon,E-350 Super Duty XL,Van,other,1fbss3bl8cdb20464,California,2.0,42804.0,white,gray,enterprise vehicle exchange / tra / rental / tulsa,16150.0,16000.0,Thu Dec 18 2014 11:30:00 GMT-0800 (PST)
2012,Ford,Escape,Limited,SUV,automatic,1fmcu0eg0ckb55384,California,35.0,45035.0,gray,beige,ford motor credit company llc pd,15450.0,14100.0,Thu Dec 18 2014 12:00:00 GMT-0800 (PST)
2012,Ford,Edge,SEL,SUV,automatic,2fmdk3jc5cba41602,California,46.0,20035.0,gray,black,ford motor credit company llc pd,20700.0,20800.0,Thu Dec 18 2014 12:00:00 GMT-0800 (PST)
2012,bmw,X5,xDrive35i Premium,SUV,automatic,5uxzv4c56cl763245,California,38.0,39302.0,black,gray,financial services remarketing (lease),36100.0,39750.0,Thu Dec 18 2014 12:30:00 GMT-0800 (PST)
2012,cadillac,SRX,Base,SUV,automatic,3gyfnge34cs551059,California,35.0,64568.0,black,gray,us bank,16350.0,15750.0,Thu Dec 18 2014 12:30:00 GMT-0800 (PST)
2012,Ford,Focus,Titanium,Hatchback,automatic,1fahp3n21cl330426,California,3.0,26747.0,red,black,remarketing by ge/chase lease remarketing co,12900.0,14000.0,Wed Dec 17 2014 12:30:00 GMT-0800 (PST)
2012,Ford,Flex,Limited,Wagon,other,2fmgk5dc5cbd10752,California,,53527.0,silver,â,onemain rem/manheim southern california,19350.0,16750.0,Thu Dec 18 2014 12:00:00 GMT-0800 (PST)
2012,bmw,Z4,sDrive28i,Convertible,automatic,wball5c57ce716603,California,45.0,19767.0,black,black,financial services remarketing (lease),31000.0,32000.0,Thu Jan 15 2015 04:30:00 GMT-0800 (PST)
2012,bmw,X5,xDrive35d,SUV,automatic,5uxzw0c51cl663432,California,36.0,38715.0,black,beige,financial services remarketing (lease),36400.0,34000.0,Thu Jan 29 2015 04:30:00 GMT-0800 (PST)
2012,chevrolet,Cruze,LT Fleet,Sedan,automatic,1g1pe5sc1c7112914,California,39.0,69407.0,white,gray,hoehn honda,7950.0,9000.0,Wed Dec 17 2014 12:30:00 GMT-0800 (PST)
2012,chevrolet,Traverse,LS,SUV,automatic,1gnkveed2cj170787,California,4.0,41873.0,white,gray,merchants automotive group,16600.0,18200.0,Wed Dec 17 2014 12:30:00 GMT-0800 (PST)
2012,chevrolet,Malibu,LS Fleet,Sedan,automatic,1g1za5e0xcf381988,California,29.0,67196.0,black,gray,the hertz corporation,8425.0,9300.0,Tue Dec 16 2014 12:30:00 GMT-0800 (PST)
2012,Ford,Focus,SE,Sedan,automatic,1fahp3f21cl196273,California,3.0,64750.0,red,black,remarketing by ge/chase lease remarketing co,8150.0,8500.0,Wed Dec 17 2014 12:30:00 GMT-0800 (PST)
2012,Ford,F-350 Super Duty,Lariat,Crew Cab,automatic,1ft8w3bt7cea57572,California,42.0,31076.0,gray,black,us bank,41800.0,44750.0,Tue Dec 16 2014 12:30:00 GMT-0800 (PST)
2012,Ford,Fiesta,SES,Hatchback,automatic,3fadp4fj9cm137823,California,25.0,38159.0,white,black,star ford lincoln,9250.0,5500.0,Tue Dec 16 2014 12:30:00 GMT-0800 (PST)
2012,fiat,500,Sport,Hatchback,manual,3c3cffbr5ct382578,California,28.0,37547.0,black,black,nvp remarketing,8575.0,8000.0,Tue Dec 16 2014 12:00:00 GMT-0800 (PST)
2012,chrysler,200,LX,Sedan,automatic,1c3ccbab5cn208287,California,21.0,55277.0,black,black,dtg operations inc,8750.0,6900.0,Tue Dec 16 2014 12:30:00 GMT-0800 (PST)
2012,Ford,Focus,SEL,Hatchback,automatic,1fahp3m26cl436775,California,39.0,68306.0,white,black,mars auto,8700.0,8200.0,Tue Dec 16 2014 12:30:00 GMT-0800 (PST)
2012,Ford,Fiesta,SE,Hatchback,manual,3fadp4ej1cm105661,California,37.0,36404.0,red,black,ford motor credit company llc pd,8700.0,8200.0,Thu Dec 18 2014 12:00:00 GMT-0800 (PST)
2012,Ford,Escape,XLS,SUV,automatic,1fmcu0c7xckb67643,California,45.0,84062.0,blue,gray,ford motor credit company llc pd,9250.0,9900.0,Thu Dec 18 2014 12:00:00 GMT-0800 (PST)
2012,Dodge,Journey,SXT,SUV,automatic,3c4pdcbgxct207887,California,19.0,46816.0,silver,black,wheels exchange llc,12350.0,14400.0,Wed Jan 07 2015 12:30:00 GMT-0800 (PST)
2012,Ford,Edge,SE,SUV,automatic,2fmdk3gc4cba60486,California,45.0,67529.0,silver,black,ford motor credit company llc pd,12900.0,10800.0,Thu Dec 18 2014 12:00:00 GMT-0800 (PST)
2012,Dodge,Charger,SRT8,Sedan,automatic,2c3cdxej5ch103303,California,37.0,27842.0,black,black,high bid trading co inc,31600.0,34750.0,Wed Dec 17 2014 12:15:00 GMT-0800 (PST)
2012,Ford,Flex,SE,Wagon,automatic,2fmgk5bcxcbd20762,California,36.0,34682.0,gray,gray,ford motor credit company llc,16500.0,18100.0,Thu Dec 18 2014 12:00:00 GMT-0800 (PST)
2012,bmw,X5,xDrive50i,SUV,automatic,5uxzv8c51cl423542,California,43.0,37269.0,gray,black,ge fleet services for itself/servicer,36500.0,36500.0,Tue Dec 16 2014 12:00:00 GMT-0800 (PST)
2012,Ford,e350,wagon v8 xlt,,automatic,1fdne3bl8cda87395,California,35.0,84186.0,white,gray,vpsi  inc,12200.0,10300.0,Wed Dec 17 2014 12:30:00 GMT-0800 (PST)
2012,chevrolet,Cruze,LS,Sedan,manual,1g1pd5sh5c7328067,California,31.0,53563.0,silver,black,balboa thrift & loan association,8050.0,7500.0,Wed Dec 17 2014 12:30:00 GMT-0800 (PST)
2012,chevrolet,Equinox,LT,SUV,automatic,2gnfleek0c6316896,California,35.0,80435.0,silver,black,wheels exchange llc,12500.0,12400.0,Wed Dec 17 2014 12:30:00 GMT-0800 (PST)
2012,chrysler,300,S V6,Sedan,automatic,2c3ccabg6ch183090,California,43.0,27368.0,gray,black,orange county's credit union,21300.0,22000.0,Wed Dec 17 2014 12:05:00 GMT-0800 (PST)
2012,Ford,F-150,XLT,SuperCrew,other,1ftew1cm9ckd05952,California,46.0,51189.0,gray,gray,ford motor credit company llc pd,19700.0,20200.0,Thu Dec 18 2014 12:00:00 GMT-0800 (PST)
2012,Ford,Explorer,Base,SUV,automatic,1fmhk7b83cga31940,California,19.0,44896.0,black,tan,galpin ford studio rentals,16550.0,19250.0,Tue Dec 16 2014 12:30:00 GMT-0800 (PST)
2012,fiat,500,C Pop,Convertible,manual,3c3cffdr3ct355098,California,43.0,27596.0,green,black,san diego sports cars,8725.0,10000.0,Wed Dec 17 2014 12:15:00 GMT-0800 (PST)
2012,chevrolet,Captiva Sport,LTZ Fleet,SUV,automatic,3gnfl4e53cs609522,California,3.0,58112.0,silver,black,the hertz corporation/gm,11900.0,11900.0,Tue Dec 16 2014 12:30:00 GMT-0800 (PST)
2012,chevrolet,Impala,LT Fleet,Sedan,automatic,2g1wg5e30c1116290,California,41.0,56524.0,white,black,cig financial,9350.0,9200.0,Wed Dec 17 2014 12:30:00 GMT-0800 (PST)
2012,cadillac,Escalade,Luxury,SUV,automatic,1gys3bef3cr133032,California,36.0,35551.0,black,black,fiserv/usb dealer services northstar exchange,36600.0,36500.0,Thu Dec 18 2014 12:30:00 GMT-0800 (PST)
2012,Dodge,Grand Caravan,American Value Package,Minivan,automatic,2c4rdgbgxcr138394,California,44.0,97805.0,silver,black,wheels exchange llc,7975.0,8900.0,Wed Dec 17 2014 12:30:00 GMT-0800 (PST)
2012,Dodge,Grand Caravan,SXT,Minivan,automatic,2c4rdgcg2cr308102,California,29.0,54064.0,black,beige,tdaf remarketing,10650.0,11750.0,Tue Dec 16 2014 12:30:00 GMT-0800 (PST)
2012,Ford,Edge,Limited,SUV,automatic,2fmdk3kc0cba63263,California,42.0,24065.0,black,black,ford motor credit company llc pd,21100.0,23000.0,Thu Dec 18 2014 12:00:00 GMT-0800 (PST)
2012,bmw,X6,xDrive50i,SUV,automatic,5uxfg8c57cl590176,California,19.0,39766.0,black,tan,financial services remarketing (lease),40100.0,37500.0,Thu Jan 15 2015 04:30:00 GMT-0800 (PST)
2012,Ford,Fiesta,S,Sedan,automatic,3fadp4aj1cm132316,California,3.0,149962.0,white,gray,enterprise fm exchange/tra/lease,3650.0,3200.0,Tue Dec 16 2014 12:00:00 GMT-0800 (PST)
2012,cadillac,CTS Coupe,Premium,CTS Coupe,automatic,1g6dp1e36c0128773,California,4.0,18736.0,brown,beige,desert auto trade,27100.0,27500.0,Tue Dec 16 2014 12:30:00 GMT-0800 (PST)
2012,Ford,F-150,FX2,SuperCrew,automatic,1ftfw1ct0cfb64807,California,46.0,28687.0,gray,black,ford motor credit company llc pd,26700.0,30500.0,Thu Dec 18 2014 12:00:00 GMT-0800 (PST)
2012,chrysler,Town and Country,Touring,Minivan,automatic,2c4rc1bg5cr304885,California,,71067.0,white,black,hertz/tra,11950.0,4000.0,Tue Dec 16 2014 13:00:00 GMT-0800 (PST)
2012,cadillac,Escalade,Premium,SUV,automatic,1gys3cef9cr278064,California,38.0,53781.0,black,black,fiserv/usb dealer services northstar exchange,35600.0,35500.0,Thu Dec 18 2014 12:30:00 GMT-0800 (PST)
2012,Ford,E-Series Van,E-150,E-Series Van,automatic,1ftne1ew7cda57433,California,2.0,46441.0,white,gray,enterprise vehicle exchange / tra / rental / tulsa,16000.0,11900.0,Tue Dec 16 2014 12:00:00 GMT-0800 (PST)
2012,chevrolet,Volt,Base,Hatchback,automatic,1g1rd6e47cu107918,California,36.0,42947.0,burgundy,beige,fiserv/usb dealer services northstar exchange,13850.0,15750.0,Tue Dec 16 2014 12:30:00 GMT-0800 (PST)
2012,Ford,Fusion,Hybrid,Sedan,automatic,3fadp0l35cr239363,California,44.0,17319.0,white,tan,wholesale motor sales inc,15100.0,14600.0,Thu Dec 18 2014 12:00:00 GMT-0800 (PST)
2012,chevrolet,Silverado 1500,Work Truck,Extended Cab,automatic,1gcrkpea6cz132644,California,39.0,10482.0,white,gray,merchants automotive group,20600.0,20200.0,Wed Dec 17 2014 12:30:00 GMT-0800 (PST)
2012,bmw,X3,xDrive35i,SUV,automatic,5uxwx7c56cl737789,California,47.0,63550.0,gray,black,financial services remarketing (lease),24800.0,25000.0,Thu Dec 18 2014 12:30:00 GMT-0800 (PST)
2012,Ford,Escape,XLT,SUV,automatic,1fmcu0dg9ckc18905,California,43.0,49575.0,black,black,ford motor credit company llc pd,12350.0,14600.0,Thu Dec 18 2014 12:00:00 GMT-0800 (PST)
2012,chevrolet,Express Cargo,1500,Van,automatic,1gcsgafx9c1156776,California,28.0,160525.0,white,gray,lease plan usa,8800.0,7800.0,Tue Dec 16 2014 12:00:00 GMT-0800 (PST)
2012,chevrolet,Cruze,Eco,Sedan,manual,1g1pk5scxc7100916,California,28.0,62380.0,charcoal,gray,west coast acceptance,8250.0,8200.0,Wed Dec 17 2014 12:30:00 GMT-0800 (PST)
2012,Ford,e150,wagon v8,,automatic,1fdne1bw1cdb07405,California,38.0,102647.0,white,gray,vpsi  inc,8575.0,8800.0,Wed Dec 17 2014 12:30:00 GMT-0800 (PST)
2012,bmw,X5 M,Base,SUV,automatic,5ymgy0c58clk27624,California,34.0,23029.0,black,black,financial services remarketing (lease),53500.0,54000.0,Thu Dec 18 2014 12:30:00 GMT-0800 (PST)
2012,chevrolet,Captiva Sport,2LS Fleet,SUV,automatic,3gnal2ek8cs604756,California,2.0,75665.0,gray,gray,the hertz corporation/gm,8025.0,9800.0,Tue Dec 16 2014 12:30:00 GMT-0800 (PST)
2012,Ford,Fusion,SEL,Sedan,automatic,3fahp0cg8cr101336,California,47.0,24208.0,gray,beige,ford motor credit company llc pd,15050.0,16000.0,Thu Dec 18 2014 12:00:00 GMT-0800 (PST)
2012,Ford,Edge,Sport,SUV,automatic,2fmdk3akxcba04245,California,4.0,43860.0,black,black,ford motor credit company llc pd,22700.0,21900.0,Thu Dec 18 2014 12:00:00 GMT-0800 (PST)
2012,Dodge,Charger,SXT,Sedan,automatic,2c3cdxhg5ch244551,California,35.0,36329.0,blue,black,buyers auto sales,15950.0,20300.0,Wed Dec 17 2014 12:30:00 GMT-0800 (PST)
2012,Ford,E-Series Van,E-350 Super Duty,E-Series Van,other,1ftse3el0cda23063,California,42.0,7504.0,white,gray,merchants automotive group,12850.0,19900.0,Wed Dec 17 2014 12:30:00 GMT-0800 (PST)
2012,chevrolet,Captiva Sport,1LT Fleet,SUV,automatic,3gnal3e50cs542737,California,25.0,37049.0,white,black,the hertz corporation,11800.0,10000.0,Thu Jan 29 2015 04:00:00 GMT-0800 (PST)
2012,Ford,F-150,Lariat,SuperCab,automatic,1ftfx1ef6cfc80260,California,41.0,46444.0,red,black,ford motor credit company llc pd,26300.0,25600.0,Thu Dec 18 2014 12:00:00 GMT-0800 (PST)
2012,Ford,Expedition,Limited,SUV,automatic,1fmju2a54cef22860,California,43.0,68150.0,white,tan,aaero sweet company,27500.0,27200.0,Thu Dec 18 2014 11:30:00 GMT-0800 (PST)
2012,Ford,Explorer,XLT,SUV,automatic,1fmhk7d86cga36787,California,46.0,34434.0,gray,black,ford motor credit company llc pd,22000.0,24300.0,Thu Dec 18 2014 12:00:00 GMT-0800 (PST)
2012,Ford,Focus,S,Sedan,manual,1fahp3e23cl410357,California,37.0,23903.0,blue,black,ford motor credit company llc,8475.0,8200.0,Thu Dec 18 2014 12:00:00 GMT-0800 (PST)
2012,chevrolet,Colorado,Work Truck,Extended Cab,automatic,1gcesbf91c8117688,California,3.0,110071.0,white,gray,tradewinds remarketing,8925.0,8800.0,Wed Dec 17 2014 12:30:00 GMT-0800 (PST)
2012,chevrolet,Express,LS 3500,Van,automatic,1gazg1fg7c1187760,California,29.0,45664.0,white,gray,the motor car group inc,17750.0,19500.0,Thu Dec 18 2014 12:00:00 GMT-0800 (PST)
2012,chevrolet,Equinox,LS,SUV,automatic,2gnalbek2c6216033,California,39.0,34294.0,white,black,ge fleet services for itself/servicer,13750.0,14750.0,Tue Dec 16 2014 12:00:00 GMT-0800 (PST)
2012,Ford,F-150,XL,Regular Cab,other,1ftmf1cm6ckd43568,California,35.0,51851.0,white,gray,aaero sweet company,11950.0,12800.0,Thu Dec 18 2014 11:30:00 GMT-0800 (PST)
2012,Ford,Explorer,Limited,SUV,automatic,1fmhk8f89cga08890,California,29.0,48130.0,black,black,galpin ford studio rentals,25800.0,25500.0,Tue Dec 16 2014 12:30:00 GMT-0800 (PST)
2012,Dodge,Grand Caravan,Crew,Minivan,other,2c4rdgdg7cr159037,California,32.0,59802.0,silver,gray,exeter finance corp,11650.0,11900.0,Thu Dec 18 2014 12:00:00 GMT-0800 (PST)
2012,ferrari,California,Base,Convertible,automatic,zff65tja5c0187066,California,42.0,10902.0,gray,brown,chicago motor car corporation,149000.0,154000.0,Tue Dec 30 2014 12:30:00 GMT-0800 (PST)
2012,cadillac,Escalade ESV,Platinum Edition,SUV,automatic,1gys3kef7cr241833,California,31.0,42547.0,white,brown,us bank,46200.0,45750.0,Thu Dec 18 2014 12:30:00 GMT-0800 (PST)
2012,chevrolet,Sonic,LT,Sedan,automatic,1g1jc5sh1c4110220,California,19.0,50621.0,red,gray,exeter finance corp,6900.0,5700.0,Thu Dec 18 2014 12:00:00 GMT-0800 (PST)
2012,chevrolet,Impala,LS Fleet,Sedan,automatic,2g1wf5e34c1122872,California,36.0,81991.0,black,black,exeter finance corp,7700.0,8200.0,Thu Dec 18 2014 12:00:00 GMT-0800 (PST)
2012,honda,Accord,SE,Sedan,automatic,1hgcp2f64ca037696,California,26.0,24390.0,black,black,ahfc/honda lease trust/hvt  inc. eot,13500.0,13000.0,Thu Dec 18 2014 12:00:00 GMT-0800 (PST)
2012,honda,CR-V,EX,SUV,automatic,jhlrm3h54cc007178,California,42.0,32923.0,blue,gray,ahfc/honda lease trust/hvt  inc. eot,17500.0,18200.0,Thu Dec 18 2014 12:00:00 GMT-0800 (PST)
2012,honda,Accord,LX,Sedan,automatic,1hgcp2f32ca095277,California,23.0,32212.0,gray,gray,ahfc/honda lease trust/hvt  inc. eot,12400.0,12300.0,Thu Jan 15 2015 04:00:00 GMT-0800 (PST)
2012,infiniti,G Sedan,G25,G Sedan,automatic,jn1dv6ap0cm813081,California,46.0,21486.0,gray,black,nissan infiniti lt,19650.0,20000.0,Thu Dec 18 2014 12:30:00 GMT-0800 (PST)
2012,Ford,Mustang,V6,Coupe,automatic,1zvbp8am9c5266559,California,26.0,32535.0,black,black,ford motor credit company llc pd,13600.0,11500.0,Thu Dec 18 2014 12:00:00 GMT-0800 (PST)
2012,honda,Accord,LX-P,Sedan,automatic,1hgcp2f49ca090926,California,44.0,12218.0,gray,gray,ahfc/honda lease trust/hvt  inc. eot,13450.0,15300.0,Thu Dec 18 2014 12:00:00 GMT-0800 (PST)
2012,honda,Civic,LX,Sedan,automatic,19xfb2f58ce307205,California,26.0,73995.0,gray,gray,ahfc/honda lease trust/hvt  inc. eot,9350.0,8900.0,Thu Dec 18 2014 12:00:00 GMT-0800 (PST)
2012,honda,Fit,Sport,Hatchback,manual,jhmge8g56cs002908,California,2.0,80733.0,black,black,ahfc/honda lease trust/hvt  inc. eot,9600.0,7000.0,Thu Jan 15 2015 04:00:00 GMT-0800 (PST)
2012,honda,Pilot,LX,SUV,automatic,5fnyf3h23cb003554,California,19.0,31884.0,gray,gray,ahfc/honda lease trust/hvt  inc.,18100.0,13900.0,Thu Dec 18 2014 12:00:00 GMT-0800 (PST)
2012,honda,Odyssey,LX,Minivan,automatic,5fnrl5h24cb009338,California,39.0,38076.0,gray,gray,ahfc/honda lease trust/hvt  inc. eot,15150.0,17400.0,Thu Dec 18 2014 12:00:00 GMT-0800 (PST)
2012,honda,Civic,EX,Sedan,automatic,19xfb2f86ce382348,California,24.0,47076.0,white,gray,ahfc/honda lease trust/hvt  inc.,11550.0,10600.0,Thu Dec 18 2014 12:00:00 GMT-0800 (PST)
2012,honda,Accord,LX-S,Coupe,automatic,1hgcs1b32ca004331,California,42.0,33096.0,black,black,ahfc/honda lease trust/hvt  inc. eot,12650.0,13600.0,Thu Dec 18 2014 12:00:00 GMT-0800 (PST)
2012,hyundai,Genesis,4.6,Sedan,automatic,kmhgc4df0cu165745,California,37.0,28067.0,red,tan,hyundai motor finance,20600.0,19800.0,Tue Jan 20 2015 04:30:00 GMT-0800 (PST)
2012,honda,Accord,EX V-6,Sedan,automatic,1hgcp3f79ca004479,California,36.0,36233.0,gray,gray,ahfc/honda lease trust/hvt  inc. eot,14950.0,14600.0,Thu Dec 18 2014 12:00:00 GMT-0800 (PST)
2012,honda,Pilot,EX-L,SUV,automatic,5fnyf3h59cb020787,California,37.0,48942.0,white,gray,ahfc/honda lease trust/hvt  inc. eot,22700.0,22800.0,Tue Dec 30 2014 15:00:00 GMT-0800 (PST)
2012,honda,Accord,EX-L V-6,Coupe,automatic,1hgcs2b82ca009420,California,41.0,34331.0,black,black,ahfc/honda lease trust/hvt  inc.,16300.0,17400.0,Thu Dec 18 2014 12:00:00 GMT-0800 (PST)
2012,honda,Odyssey,EX,Minivan,automatic,5fnrl5h48cb029268,California,38.0,32967.0,burgundy,beige,ahfc/honda lease trust/hvt  inc. eot,18050.0,20100.0,Tue Dec 30 2014 15:00:00 GMT-0800 (PST)
2012,honda,Accord,EX,Sedan,automatic,1hgcp2f72ca088929,California,4.0,33248.0,gray,black,ahfc/honda lease trust/hvt  inc. eot,13700.0,14700.0,Thu Dec 18 2014 12:00:00 GMT-0800 (PST)
2012,honda,Pilot,Touring,SUV,automatic,5fnyf3h97cb043598,California,45.0,23288.0,white,black,connell chevrolet,28100.0,26750.0,Wed Dec 17 2014 12:30:00 GMT-0800 (PST)
2012,Ford,Mustang,GT,Coupe,manual,1zvbp8cf3c5270248,California,44.0,28781.0,blue,gray,frank toyota,19850.0,20250.0,Tue Dec 16 2014 12:30:00 GMT-0800 (PST)
2012,honda,CR-V,EX-L,SUV,automatic,jhlrm3h75cc002265,California,37.0,43096.0,black,black,barber honda,19550.0,19250.0,Tue Dec 16 2014 12:30:00 GMT-0800 (PST)
2012,honda,Pilot,EX,SUV,automatic,5fnyf3h42cb032027,California,25.0,51201.0,gray,gray,california fleet inc,18900.0,17000.0,Thu Dec 18 2014 12:00:00 GMT-0800 (PST)
2012,honda,Crosstour,EX-L,Hatchback,automatic,5j6tf1h57cl001628,California,43.0,25162.0,white,beige,ahfc/honda lease trust/hvt  inc. eot,19050.0,20200.0,Thu Dec 18 2014 12:00:00 GMT-0800 (PST)
2012,Ford,Transit Connect,Cargo Van XLT,Minivan,automatic,nm0ls7bn9ct088250,California,3.0,50382.0,unknown,gray,lease plan usa,13550.0,12000.0,Wed Dec 17 2014 15:00:00 GMT-0800 (PST)
2012,gmc,Terrain,SLE-2,SUV,automatic,2gkalsekxc6314076,California,3.0,12101.0,silver,black,tradewinds remarketing,17350.0,14950.0,Wed Dec 17 2014 12:30:00 GMT-0800 (PST)
2012,hyundai,Santa Fe,SE,SUV,automatic,5xyzh4ag9cg121238,California,41.0,30188.0,unknown,gray,hyundai buybacks,14000.0,12500.0,Tue Dec 16 2014 12:00:00 GMT-0800 (PST)
2012,Ford,Fusion,S,Sedan,automatic,3fahp0ga6cr345587,California,32.0,116173.0,black,gray,wholesale motor sales inc,6425.0,6600.0,Thu Dec 18 2014 12:00:00 GMT-0800 (PST)
2012,honda,Accord,EX-L,Sedan,automatic,1hgcp2f82ca110484,California,31.0,35404.0,gray,gray,ahfc/honda lease trust/hvt  inc.,14400.0,15800.0,Thu Dec 18 2014 12:00:00 GMT-0800 (PST)
2012,honda,Odyssey,EX-L,Minivan,automatic,5fnrl5h60cb003457,California,36.0,34467.0,silver,brown,ahfc/honda lease trust/hvt  inc. eot,22300.0,22250.0,Thu Dec 18 2014 12:00:00 GMT-0800 (PST)
2012,Ford,Taurus,SEL,Sedan,automatic,1fahp2ew4cg120134,California,36.0,62827.0,black,black,enterprise fleet management exchange  inc.,12800.0,11500.0,Thu Dec 18 2014 11:30:00 GMT-0800 (PST)
2012,Ford,Taurus,SE,Sedan,automatic,1fahp2dwxcg136193,California,42.0,85743.0,black,gray,ge fleet services for itself/servicer,10450.0,11000.0,Tue Dec 16 2014 12:00:00 GMT-0800 (PST)
2012,infiniti,G Coupe,G37,G Coupe,automatic,jn1cv6ek8cm423176,California,47.0,13076.0,black,â,nissan infiniti lt,23600.0,23000.0,Thu Dec 18 2014 12:30:00 GMT-0800 (PST)
2012,infiniti,G Convertible,G37,G Convertible,automatic,jn1cv6fe3cm200777,California,24.0,5710.0,black,black,nissan infiniti lt,28100.0,26250.0,Tue Dec 16 2014 12:30:00 GMT-0800 (PST)
2012,honda,Civic,EX-L,Sedan,automatic,19xfb2f90ce329122,California,19.0,14958.0,gray,gray,ahfc/honda lease trust/hvt  inc. eot,14150.0,12800.0,Tue Dec 30 2014 15:00:00 GMT-0800 (PST)
2012,infiniti,FX,FX35,SUV,automatic,jn8as1mwxcm153862,California,35.0,31204.0,black,beige,the hertz corporation,30000.0,26250.0,Tue Dec 30 2014 12:30:00 GMT-0800 (PST)
2012,gmc,Yukon,Denali,SUV,automatic,1gks1eef3cr155968,California,43.0,64883.0,silver,black,fiserv/usb dealer services northstar exchange,30900.0,29000.0,Tue Dec 16 2014 12:30:00 GMT-0800 (PST)
2012,hyundai,Veracruz,Limited,SUV,automatic,km8nu4ccxcu197873,California,45.0,24444.0,silver,yellow,hyundai motor finance,18050.0,19600.0,Tue Dec 16 2014 12:00:00 GMT-0800 (PST)
2012,honda,Odyssey,Touring,Minivan,automatic,5fnrl5h96cb012352,California,46.0,37403.0,silver,gray,barber honda,26800.0,26500.0,Tue Dec 30 2014 12:30:00 GMT-0800 (PST)
2012,honda,Civic,HF,Sedan,automatic,2hgfb2f6xch319922,California,34.0,24651.0,gray,gray,ahfc/honda lease trust/hvt  inc. eot,11700.0,13400.0,Thu Dec 18 2014 12:00:00 GMT-0800 (PST)
2012,jaguar,XJ,Base,Sedan,automatic,sajwa2gb4clv25237,California,45.0,12912.0,black,beige,jpmorgan chase bank n.a.,47000.0,49000.0,Thu Dec 18 2014 12:30:00 GMT-0800 (PST)
2012,mercedes-benz,E-Class,E350 Luxury,Sedan,automatic,wddhf5kb8ca568532,California,4.0,34837.0,black,black,mercedes-benz financial services,28000.0,27500.0,Thu Dec 18 2014 12:30:00 GMT-0800 (PST)
2012,jeep,Liberty,Sport,SUV,automatic,1c4pjlak9cw151871,California,29.0,33667.0,gray,gray,toyota scion of downtown la,12550.0,12750.0,Wed Dec 17 2014 12:30:00 GMT-0800 (PST)
2012,lexus,IS 250,Base,Sedan,automatic,jthbf5c28c5159629,California,27.0,45140.0,silver,black,lexus financial services,21300.0,18500.0,Wed Jan 07 2015 13:00:00 GMT-0800 (PST)
2012,land rover,LR4,Base,SUV,automatic,salag2d45ca597047,California,,28289.0,blue,â,land rover redwood city,42200.0,43500.0,Wed Dec 17 2014 12:30:00 GMT-0800 (PST)
2012,jaguar,XK,XKR,Convertible,automatic,sajwa4ec4cmb47263,California,42.0,16234.0,silver,black,jpmorgan chase bank n.a.,53500.0,53000.0,Thu Dec 18 2014 12:30:00 GMT-0800 (PST)
2012,infiniti,QX,QX56,SUV,automatic,jn8az2nf9c9517627,California,42.0,74806.0,gray,black,dutton motor co,36500.0,34250.0,Tue Dec 30 2014 12:30:00 GMT-0800 (PST)
2012,lexus,CT 200h,Premium,Hatchback,automatic,jthkd5bh6c2094275,California,45.0,31349.0,white,brown,desert auto trade,20600.0,24250.0,Tue Dec 16 2014 12:30:00 GMT-0800 (PST)
2012,mazda,Mazda6,i Touring,Sedan,automatic,1yvhz8dh4c5m35208,California,36.0,47221.0,gray,beige,exeter finance corp,10550.0,9500.0,Thu Dec 18 2014 12:00:00 GMT-0800 (PST)
2012,Lincoln,MKZ,Base,Sedan,automatic,3lnhl2gc3cr814701,California,4.0,34103.0,gray,black,galpin ford studio rentals,14650.0,13750.0,Tue Dec 16 2014 12:30:00 GMT-0800 (PST)
2012,mini,Cooper Clubman,S,Hatchback,manual,wmwzg3c51cty32037,California,4.0,17524.0,gray,brown,bmw mini financial services,18150.0,19000.0,Thu Dec 18 2014 12:30:00 GMT-0800 (PST)
2012,Lincoln,Navigator,Base,SUV,automatic,5lmjj2j53cel03507,California,41.0,33220.0,black,black,ford motor credit company llc pd,32200.0,32000.0,Thu Dec 18 2014 12:00:00 GMT-0800 (PST)
2012,jaguar,XJ,XJL Supercharged,Sedan,automatic,sajwa2ge4cmv26361,California,33.0,20861.0,black,black,jpmorgan chase bank n.a.,50600.0,50000.0,Thu Dec 18 2014 12:30:00 GMT-0800 (PST)
2012,kia,Forte,SX,Hatchback,automatic,knafw5a33c5593985,California,24.0,87145.0,black,black,kia motors finance,8500.0,7000.0,Tue Jan 13 2015 12:30:00 GMT-0800 (PST)
2012,kia,Sportage,EX,SUV,automatic,kndpc3a21c7247742,California,38.0,41879.0,blue,gray,i auto sales inc,16000.0,16500.0,Thu Dec 18 2014 12:00:00 GMT-0800 (PST)
2012,mazda,Mazda6,i Grand Touring,Sedan,automatic,1yvhz8ch9c5m09768,California,41.0,33290.0,white,beige,jpmorgan chase bank n.a.,14800.0,15500.0,Tue Dec 16 2014 12:30:00 GMT-0800 (PST)
2012,jeep,Grand Cherokee,Laredo,SUV,automatic,1c4rjeag0cc116413,California,44.0,71702.0,black,black,fiserv/usb dealer services northstar exchange,16250.0,18250.0,Tue Dec 16 2014 12:30:00 GMT-0800 (PST)
2012,infiniti,M,M35h,Sedan,automatic,jn1ey1ap8cm910589,California,44.0,45538.0,white,gray,nissan infiniti lt,24700.0,29250.0,Thu Jan 15 2015 04:30:00 GMT-0800 (PST)
2012,jaguar,XK,Base,Coupe,automatic,sajwa4fb2clb47841,California,21.0,9708.0,black,black,jpmorgan chase bank n.a.,48500.0,43200.0,Thu Dec 18 2014 12:30:00 GMT-0800 (PST)
2012,mini,Cooper,S,Hatchback,automatic,wmwsv3c52ct385841,California,35.0,39614.0,blue,â,bmw mini financial services,15500.0,16250.0,Thu Dec 18 2014 12:30:00 GMT-0800 (PST)
2012,jaguar,XF,Portfolio,Sedan,automatic,sajwa0hb0cls24919,California,39.0,37908.0,black,brown,jpmorgan chase bank n.a.,29900.0,30500.0,Thu Dec 18 2014 12:30:00 GMT-0800 (PST)
2012,land rover,Range Rover,HSE,SUV,automatic,salme1d45ca360653,California,36.0,56169.0,black,black,us bank,41900.0,39500.0,Thu Jan 15 2015 04:30:00 GMT-0800 (PST)
2012,mini,Cooper Countryman,S ALL4,Wagon,automatic,wmwzc5c52cwl56077,California,36.0,30311.0,green,â,bmw mini financial services,20200.0,18500.0,Thu Jan 15 2015 04:30:00 GMT-0800 (PST)
2012,kia,Forte,Koup EX,Koup,automatic,knafu6a20c5640974,California,38.0,37022.0,white,black,kia motors finance,9750.0,11500.0,Tue Dec 16 2014 12:00:00 GMT-0800 (PST)
2012,mercedes-benz,SL-Class,SL550,Convertible,automatic,wdbsk7baxcf169427,California,45.0,19491.0,black,black,mercedes benz of bakersfield,57400.0,58750.0,Thu Dec 18 2014 12:30:00 GMT-0800 (PST)
2012,mazda,Mazda6,i Sport,Sedan,automatic,1yvhz8bh5c5m05184,California,31.0,49626.0,black,black,jpmorgan chase bank n.a.,9600.0,10750.0,Tue Dec 16 2014 12:30:00 GMT-0800 (PST)
2012,mazda,Mazda3,s Touring,Hatchback,automatic,jm1bl1l60c1505590,California,24.0,33113.0,gray,black,jpmorgan chase bank n.a.,12250.0,14500.0,Tue Dec 16 2014 12:30:00 GMT-0800 (PST)
2012,jaguar,XJ,Supercharged,Sedan,automatic,sajwa1ge9cmv34031,California,38.0,63818.0,black,black,jpmorgan chase bank n.a.,39900.0,37000.0,Thu Jan 15 2015 04:30:00 GMT-0800 (PST)
2012,kia,Sedona,LX,Minivan,automatic,kndmg4c78c6477824,California,3.0,66523.0,gray,gray,dtg operations inc,9000.0,9000.0,Wed Dec 17 2014 12:30:00 GMT-0800 (PST)
2012,land rover,Range Rover Sport,HSE,SUV,automatic,salsf2d47ca720225,California,44.0,19547.0,gray,black,jpmorgan chase bank n.a.,44300.0,46500.0,Thu Dec 18 2014 12:30:00 GMT-0800 (PST)
2012,kia,Optima,Hybrid,Sedan,automatic,knagm4ad3c5030092,California,42.0,26375.0,white,gray,kearny pearson kia,15350.0,15400.0,Wed Dec 17 2014 12:30:00 GMT-0800 (PST)
2012,mini,Cooper Coupe,Base,Hatchback,automatic,wmwsx1c5xct163613,California,39.0,19744.0,blue,black,bmw mini financial services,12950.0,14500.0,Thu Dec 18 2014 12:30:00 GMT-0800 (PST)
2012,infiniti,M,M37x,Sedan,automatic,jn1by1ar9cm390553,California,43.0,36721.0,gray,black,nissan infiniti lt,25700.0,27250.0,Tue Jan 06 2015 04:30:00 GMT-0800 (PST)
2012,lexus,IS 350,Base,Sedan,automatic,jthbe5c27c5029117,California,38.0,90943.0,white,black,lexus of valencia,23800.0,20750.0,Wed Dec 17 2014 12:15:00 GMT-0800 (PST)
2012,jeep,Patriot,Sport,SUV,automatic,1c4njpbb6cd528245,California,37.0,142823.0,white,black,remarketing by ge/xpress rent a car,7950.0,5900.0,Tue Dec 30 2014 15:00:00 GMT-0800 (PST)
2012,Lincoln,Navigator,L,SUV,other,5lmjj3h53cel07987,California,47.0,41598.0,white,gray,ford motor credit company llc pd,32400.0,31000.0,Thu Dec 18 2014 12:00:00 GMT-0800 (PST)
2012,mitsubishi,galant,fe,,automatic,4a32b2ff6ce016184,California,41.0,66882.0,red,black,dtg operations inc,7925.0,8400.0,Tue Dec 16 2014 12:30:00 GMT-0800 (PST)
2012,nissan,Sentra,2,Sedan,automatic,3n1ab6ap1cl763961,California,36.0,33730.0,black,gray,autonet trading,9600.0,10400.0,Wed Feb 25 2015 04:30:00 GMT-0800 (PST)
2012,nissan,Versa,1.8 S,Hatchback,other,3n1bc1cp1cl373279,California,34.0,42619.0,silver,black,gm financial,7875.0,7600.0,Wed Dec 17 2014 12:30:00 GMT-0800 (PST)
2012,ram,1500,R/T,Regular Cab,other,3c6jd6ct4cg277128,California,,21916.0,gray,â,walters auto sales/service inc,19850.0,22250.0,Tue Dec 16 2014 12:30:00 GMT-0800 (PST)
2012,ram,1500,ST,Regular Cab,automatic,3c6jd6ak6cg143165,California,36.0,81338.0,white,black,myrddin fleet services,11750.0,10000.0,Thu Dec 18 2014 12:00:00 GMT-0800 (PST)
2012,toyota,Avalon,Base,Sedan,automatic,4t1bk3db3cu449763,California,35.0,48994.0,black,black,rd cars,17000.0,17000.0,Wed Dec 17 2014 12:30:00 GMT-0800 (PST)
2012,nissan,NV,3500 S,Van,automatic,1n6af0ly1cn102996,California,19.0,137729.0,white,gray,nissan-infiniti lt,9525.0,10500.0,Tue Dec 16 2014 12:30:00 GMT-0800 (PST)
2012,subaru,Impreza,WRX,Hatchback,manual,jf1gr7e64cg236940,California,3.0,27182.0,blue,black,remarketing by ge/southern california financial,21400.0,23750.0,Tue Dec 16 2014 12:00:00 GMT-0800 (PST)
2012,nissan,GT-R,Black Edition,Coupe,automatic,jn1ar5efxcm251015,California,37.0,20307.0,gray,black,remarketing services of el paso,70000.0,61000.0,Thu Dec 18 2014 12:30:00 GMT-0800 (PST)
2012,mercedes-benz,M-Class,ML350 4MATIC,SUV,automatic,4jgda5hb3ca097478,California,44.0,18266.0,white,beige,mercedes benz of ontario,37100.0,37500.0,Thu Dec 18 2014 12:00:00 GMT-0800 (PST)
2012,nissan,Armada,SL,SUV,automatic,5n1aa0nc8cn607416,California,33.0,33561.0,silver,gray,the hertz corporation,27300.0,24000.0,Thu Jan 08 2015 11:30:00 GMT-0800 (PST)
2012,porsche,Panamera,S Hybrid,Sedan,automatic,wp0ad2a76cl045477,California,41.0,49288.0,gray,black,elad motors,52800.0,49750.0,Tue Dec 16 2014 12:30:00 GMT-0800 (PST)
2012,subaru,Forester,2.5X Touring PZEV,SUV,automatic,jf2shabc9ch423486,California,23.0,32594.0,gray,gray,jpmorgan chase bank n.a.,16700.0,16000.0,Thu Dec 18 2014 12:00:00 GMT-0800 (PST)
2012,ram,1500,SLT,Quad Cab,automatic,1c6rd6gp9cs100115,California,44.0,52039.0,white,black,wells fargo dealer services,15900.0,17300.0,Thu Dec 18 2014 12:00:00 GMT-0800 (PST)
2012,mercedes-benz,S-Class,S350 BlueTEC 4MATIC,Sedan,automatic,wddng8db9ca422512,California,29.0,63968.0,black,black,mercedes-benz usa,36400.0,31250.0,Thu Dec 18 2014 12:00:00 GMT-0800 (PST)
2012,ram,2500,ST,Crew Cab,manual,3c6ud5hl5cg142479,California,46.0,31537.0,white,â,century dealer services corp,31100.0,36000.0,Wed Dec 17 2014 12:15:00 GMT-0800 (PST)
2012,porsche,911,Carrera S (Midyear Redesign),Coupe,automatic,wp0ab2a95cs121218,California,44.0,16480.0,black,gray,mckenna audi/mckenna bmw,70000.0,72500.0,Thu Dec 18 2014 12:00:00 GMT-0800 (PST)
2012,porsche,Panamera,4,Sedan,automatic,wp0aa2a71cl010872,California,41.0,38926.0,brown,brown,prestige auto,49700.0,50500.0,Thu Jan 15 2015 12:30:00 GMT-0800 (PST)
2012,mitsubishi,Galant,ES,Sedan,automatic,4a32b3ff8ce009274,California,25.0,48910.0,silver,black,wells fargo dealer services,8125.0,9500.0,Thu Dec 18 2014 12:00:00 GMT-0800 (PST)
2012,mercedes-benz,E-Class,E350 Luxury 4MATIC,Sedan,automatic,wddhf8jb4ca571916,California,38.0,46114.0,black,black,the hertz corporation,26900.0,24000.0,Tue Dec 16 2014 12:30:00 GMT-0800 (PST)
2012,mercedes-benz,M-Class,ML350 BlueTEC,SUV,automatic,4jgda2eb1ca025472,California,28.0,53595.0,white,black,mercedes benz of ontario,33200.0,32000.0,Thu Jan 15 2015 04:00:00 GMT-0800 (PST)
2012,mitsubishi,Outlander Sport,SE,SUV,automatic,ja4ap4au5cz004435,California,39.0,28647.0,gray,black,first investors servicing corp,11300.0,11200.0,Tue Dec 16 2014 12:30:00 GMT-0800 (PST)
2012,subaru,Legacy,2.5i Premium,Sedan,automatic,4s3bmcb6xc3029413,California,29.0,69460.0,gray,black,ge fleet services for itself/servicer,12050.0,12500.0,Tue Dec 16 2014 12:00:00 GMT-0800 (PST)
2012,mercedes-benz,M-Class,ML63 AMG,SUV,other,4jgda7eb0ca049551,California,,1.0,unknown,,high bid trading co inc,69000.0,18500.0,Thu Dec 18 2014 12:00:00 GMT-0800 (PST)
2012,nissan,Versa,1.6 S,Sedan,other,3n1cn7ap0cl945298,California,43.0,23402.0,gray,black,wells fargo dealer services,9600.0,10800.0,Thu Dec 18 2014 12:00:00 GMT-0800 (PST)
2012,smart,fortwo,passion coupe,Hatchback,automatic,wmeej3baxck524809,California,44.0,39963.0,silver,black,mercedes-benz financial services,5975.0,7250.0,Thu Dec 18 2014 12:30:00 GMT-0800 (PST)
2011,audi,A4,2.0T Premium,Sedan,automatic,wauafafl9bn013374,California,26.0,34058.0,black,black,high bid trading co inc,17100.0,16000.0,Wed Dec 17 2014 12:15:00 GMT-0800 (PST)
2012,Volkswagen,GLI,Autobahn PZEV,Sedan,automatic,3vw4a7aj0cm016826,California,1.0,31165.0,black,black,vw credit,14600.0,11500.0,Tue Dec 16 2014 12:00:00 GMT-0800 (PST)
2012,toyota,Prius,Three,Hatchback,automatic,jtdkn3du4c1536019,California,4.0,36550.0,turquoise,gray,toyota financial services,15800.0,16300.0,Wed Dec 17 2014 12:30:00 GMT-0800 (PST)
2011,bmw,5 Series Gran Turismo,535i xDrive,Hatchback,automatic,wbasp2c53bc337588,California,39.0,22507.0,gray,black,financial services remarketing (lease),31300.0,31500.0,Thu Dec 18 2014 12:30:00 GMT-0800 (PST)
2012,volvo,XC90,3.2,SUV,automatic,yv4952cy2c1608846,California,34.0,32783.0,black,beige,fiserv/usb dealer services northstar exchange,22800.0,23000.0,Thu Dec 18 2014 12:30:00 GMT-0800 (PST)
2011,acura,RDX,SH-AWD,SUV,automatic,5j8tb1h58ba002803,California,25.0,60189.0,gray,black,ahfc/honda lease trust/hvt  inc. eot,19250.0,18100.0,Thu Dec 18 2014 12:00:00 GMT-0800 (PST)
2012,toyota,Highlander,Base,SUV,automatic,5tdzk3eh4cs059863,California,38.0,31180.0,blue,beige,i auto sales inc,22800.0,21500.0,Thu Dec 18 2014 12:00:00 GMT-0800 (PST)
2012,Volkswagen,Tiguan,S,SUV,automatic,wvgav7ax9cw519295,California,1.0,27673.0,white,black,vw credit,14350.0,11300.0,Tue Dec 16 2014 12:00:00 GMT-0800 (PST)
2011,bmw,3 Series,328i xDrive,Sedan,automatic,wbapk7c50ba974614,California,38.0,17332.0,black,gray,financial services remarketing (lease),21900.0,22250.0,Thu Dec 18 2014 12:30:00 GMT-0800 (PST)
2012,Volkswagen,GTI,PZEV,Hatchback,automatic,wvwhd7aj2cw322549,California,1.0,33529.0,red,black,vw credit,15350.0,12200.0,Tue Dec 16 2014 12:00:00 GMT-0800 (PST)
2012,volvo,S60,T6,Sedan,automatic,yv1902fh2c2057979,California,41.0,16965.0,silver,beige,fiserv/usb dealer services northstar exchange,23300.0,19000.0,Thu Dec 18 2014 12:30:00 GMT-0800 (PST)
2012,Volkswagen,CC,Sport PZEV,Sedan,automatic,wvwmp7an7ce513608,California,37.0,30759.0,white,beige,onemain rem/european motors group,13650.0,14400.0,Wed Dec 17 2014 12:30:00 GMT-0800 (PST)
2011,audi,Q7,3.0T S line Prestige quattro,SUV,other,wa1dgafe4bd002359,California,,91061.0,gray,â,carfinders inc,25500.0,25100.0,Tue Dec 16 2014 12:00:00 GMT-0800 (PST)
2012,Volkswagen,Beetle,2.0T White Turbo Launch Edition PZEV,Hatchback,automatic,3vwva7at3cm642151,California,1.0,28750.0,white,black,vw credit,13500.0,11200.0,Tue Jan 13 2015 13:00:00 GMT-0800 (PST)
2011,audi,Q7,TDI Premium quattro,SUV,automatic,wa1lmafe5bd003010,California,38.0,79245.0,black,â,fiserv/usb dealer services northstar exchange,28200.0,28500.0,Thu Dec 18 2014 12:30:00 GMT-0800 (PST)
2011,audi,S5,3.0T Premium Plus quattro,Convertible,automatic,wauvgafh6bn011740,California,26.0,35177.0,gray,black,fiserv/usb dealer services northstar exchange,31900.0,29750.0,Thu Dec 18 2014 12:30:00 GMT-0800 (PST)
2012,toyota,Highlander Hybrid,Limited,SUV,automatic,jtedc3eh6c2006592,California,44.0,83985.0,gray,black,la costa auto sales,26400.0,26000.0,Tue Dec 16 2014 12:00:00 GMT-0800 (PST)
2011,audi,Q5,2.0T Premium quattro,SUV,automatic,wa1lfafp1ba010565,California,48.0,39717.0,white,black,richard j bartlett jr enterprises,25500.0,28500.0,Thu Dec 18 2014 12:30:00 GMT-0800 (PST)
2012,Volkswagen,CC,Lux Limited PZEV,Sedan,automatic,wvwhp7an0ce531482,California,37.0,26245.0,black,black,mckenna volks,16550.0,16500.0,Wed Dec 17 2014 12:30:00 GMT-0800 (PST)
2011,bmw,3 Series,335d,Sedan,automatic,wbapn7c53bf184265,California,41.0,42405.0,black,black,financial services remarketing (lease),21800.0,25750.0,Thu Dec 18 2014 12:30:00 GMT-0800 (PST)
2012,toyota,Sienna,Base 7-Passenger,Minivan,automatic,5tdzk3dc9cs204563,California,28.0,34357.0,white,beige,the hertz corporation,16200.0,16600.0,Wed Dec 17 2014 12:30:00 GMT-0800 (PST)
2012,Volkswagen,Jetta,S,Sedan,automatic,3vw2k7aj7cm355491,California,1.0,29808.0,unknown,black,vw credit,9000.0,7800.0,Tue Dec 16 2014 12:00:00 GMT-0800 (PST)
2011,bmw,3 Series,335i xDrive,Sedan,automatic,wbapl5g59bnn22990,California,42.0,24856.0,black,black,financial services remarketing (lease),26200.0,28250.0,Thu Dec 18 2014 12:30:00 GMT-0800 (PST)
2012,toyota,RAV4,Sport,SUV,automatic,jtmwf4dv4c5043639,California,19.0,35166.0,gray,black,800 loan mart,17400.0,8200.0,Thu Jan 15 2015 04:00:00 GMT-0800 (PST)
2012,volvo,XC70,3.2,Wagon,automatic,yv4952bz9c1125705,California,48.0,27057.0,white,black,smith volvo inc,26300.0,26750.0,Tue Dec 16 2014 12:30:00 GMT-0800 (PST)
2012,Volkswagen,Jetta,Base,Sedan,automatic,3vw2k7aj3cm333410,California,1.0,31935.0,unknown,black,vw credit,8550.0,7700.0,Tue Dec 16 2014 12:00:00 GMT-0800 (PST)
2011,audi,A3,2.0T Premium,Wagon,automatic,waubfafm5ba116005,California,27.0,43098.0,unknown,gray,wheels exchange llc,16050.0,16000.0,Wed Dec 17 2014 12:30:00 GMT-0800 (PST)
2012,Volkswagen,Tiguan,SE,SUV,automatic,wvgav7axxcw001891,California,1.0,15750.0,unknown,beige,vw credit,16950.0,13900.0,Tue Dec 16 2014 12:00:00 GMT-0800 (PST)
2012,Volkswagen,Passat,S PZEV,Sedan,other,1vwap7a33cc058461,California,29.0,33112.0,gray,black,gm financial,10150.0,9900.0,Wed Dec 17 2014 12:30:00 GMT-0800 (PST)
2012,toyota,Prius Plug-in,Base,Hatchback,automatic,jtdkn3dp2c3008090,California,37.0,46288.0,green,gray,myrddin fleet services,16800.0,22200.0,Wed Jan 07 2015 12:30:00 GMT-0800 (PST)
2011,Dodge,Charger,Base,Sedan,automatic,2b3cl3cg9bh509325,California,2.0,71171.0,gray,black,tycon enterprises,12150.0,12250.0,Tue Dec 16 2014 12:30:00 GMT-0800 (PST)
2011,chrysler,200,Limited,Sedan,automatic,1c3bc2fb9bn582842,California,19.0,78503.0,blue,black,cig financial,8875.0,7300.0,Wed Dec 17 2014 12:30:00 GMT-0800 (PST)
2011,chevrolet,Equinox,LT1,SUV,automatic,2cnaldec1b6444564,California,27.0,29994.0,gray,gray,bank of the west,14750.0,12500.0,Thu Dec 18 2014 12:00:00 GMT-0800 (PST)
2011,chevrolet,Silverado 1500,LS,Extended Cab,automatic,1gcrcrea8bz323117,California,37.0,106535.0,blue,black,m and m enterprises,11550.0,12750.0,Thu Dec 18 2014 12:00:00 GMT-0800 (PST)
2011,Ford,e150,wagon v8 xlt,,automatic,1fdne1bw5bda95550,California,38.0,70945.0,white,gray,vpsi  inc,10950.0,14400.0,Wed Dec 17 2014 12:30:00 GMT-0800 (PST)
2011,honda,CR-Z,Base,Hatchback,manual,jhmzf1c43bs000087,California,27.0,53684.0,black,gray,jpmorgan chase bank n.a.,8050.0,8800.0,Thu Dec 18 2014 12:00:00 GMT-0800 (PST)
2011,chrysler,300,C,Sedan,automatic,2c3ca6ct5bh594011,California,26.0,22319.0,black,black,western fcu,21500.0,20000.0,Wed Dec 17 2014 12:30:00 GMT-0800 (PST)
2011,chevrolet,Malibu,LT1,Sedan,automatic,1g1zc5eu9bf379693,California,31.0,53919.0,silver,black,dtg operations inc,8475.0,9500.0,Thu Dec 18 2014 11:30:00 GMT-0800 (PST)
2011,Dodge,Grand Caravan,Express,Minivan,automatic,2d4rn4dg4br732845,California,25.0,41605.0,white,black,myrddin fleet services,9925.0,8100.0,Wed Dec 17 2014 12:30:00 GMT-0800 (PST)
2011,Ford,F-150,FX4,SuperCab,automatic,1ftfx1ef7bke22718,California,37.0,29711.0,black,black,ford motor credit company llc pd,26200.0,27100.0,Thu Jan 08 2015 12:00:00 GMT-0800 (PST)
2011,infiniti,EX,EX35,SUV,automatic,jn1aj0hp8bm801535,California,4.0,44993.0,black,black,nissan infiniti lt,20600.0,23250.0,Thu Dec 18 2014 12:30:00 GMT-0800 (PST)
2011,chevrolet,Suburban,LTZ 1500,SUV,automatic,1gnscke03br107876,California,36.0,110465.0,gray,black,century dealer services corp,22500.0,21500.0,Wed Jan 07 2015 12:00:00 GMT-0800 (PST)
2011,chevrolet,Traverse,LT1,SUV,automatic,1gnkrged4bj239879,California,41.0,110618.0,silver,black,wells fargo dealer services,9600.0,11300.0,Thu Dec 18 2014 12:00:00 GMT-0800 (PST)
2011,gmc,Sierra 1500,SLE,Extended Cab,automatic,1gtr1ve08bz326198,California,27.0,31185.0,silver,black,remarketing by ge/golden 1 credit union,19200.0,18000.0,Wed Jan 14 2015 04:30:00 GMT-0800 (PST)
2011,buick,LaCrosse,CXL,Sedan,automatic,1g4gc5ed9bf324512,California,37.0,67592.0,silver,silver,wheels exchange llc,12350.0,13300.0,Wed Dec 17 2014 12:30:00 GMT-0800 (PST)
2011,chevrolet,HHR,LS,Wagon,automatic,3gnbaafw6bs543461,California,34.0,102539.0,white,gray,wholesale enterprise inc,5075.0,6400.0,Tue Dec 16 2014 12:30:00 GMT-0800 (PST)
2011,Ford,F-150,STX,Regular Cab,automatic,1ftmf1cm5bkd36514,California,39.0,67718.0,red,gray,lease plan usa,11500.0,11800.0,Wed Dec 17 2014 12:30:00 GMT-0800 (PST)
2011,honda,Accord Crosstour,EX-L,Hatchback,automatic,5j6tf1h50bl000660,California,41.0,66829.0,silver,black,ahfc/honda lease trust/hvt  inc. eot,13700.0,15000.0,Thu Dec 18 2014 12:00:00 GMT-0800 (PST)
2011,chevrolet,Silverado 2500HD,LTZ,Crew Cab,automatic,1gc1kyc8xbf134853,California,3.0,113585.0,white,beige,tradewinds remarketing,30300.0,30000.0,Tue Dec 16 2014 12:00:00 GMT-0800 (PST)
2011,buick,LaCrosse,CXS,Sedan,automatic,1g4ge5ed8bf296535,California,37.0,38455.0,black,black,fiserv/usb dealer services northstar exchange,18100.0,18250.0,Tue Dec 16 2014 12:30:00 GMT-0800 (PST)
2011,honda,CR-V,LX,SUV,automatic,5j6re3h39bl060928,California,22.0,39743.0,gray,gray,ahfc/honda lease trust/hvt  inc. eot,13450.0,12600.0,Thu Jan 15 2015 04:00:00 GMT-0800 (PST)
2011,cadillac,CTS,Base,Sedan,automatic,1g6da5ey1b0146018,California,35.0,47795.0,black,black,fiserv/usb dealer services northstar exchange,15800.0,16250.0,Thu Dec 18 2014 12:30:00 GMT-0800 (PST)
2011,Dodge,Nitro,SE Fleet,SUV,automatic,1d4pu2gk3bw553136,California,37.0,23189.0,silver,gray,lease plan usa,12650.0,12400.0,Wed Dec 17 2014 12:30:00 GMT-0800 (PST)
2011,cadillac,Escalade ESV,Premium,SUV,automatic,1gys3jef4br319395,California,43.0,53639.0,black,tan,fiserv/usb dealer services northstar exchange,34200.0,35000.0,Thu Dec 18 2014 12:30:00 GMT-0800 (PST)
2011,chevrolet,Tahoe,LT,SUV,automatic,1gnscbe03br194937,California,36.0,68858.0,gray,beige,fiserv/usb dealer services northstar exchange,23300.0,22750.0,Tue Dec 16 2014 12:30:00 GMT-0800 (PST)
2011,Dodge,Challenger,Base,Coupe,automatic,2b3cj4dg5bh541845,California,43.0,75407.0,gray,black,santander consumer,13400.0,14500.0,Thu Dec 18 2014 12:00:00 GMT-0800 (PST)
2011,cadillac,CTS-V,Base,Sedan,automatic,1g6dv5ep4b0111551,California,3.0,56276.0,black,black,remarketing by ge/southern california financial,32200.0,28500.0,Thu Dec 18 2014 12:30:00 GMT-0800 (PST)
2011,Ford,Flex,SEL,Wagon,automatic,2fmhk6ct0bbd20891,California,36.0,78735.0,gray,black,ge fleet services for itself/servicer,17950.0,16750.0,Tue Dec 16 2014 12:00:00 GMT-0800 (PST)
2011,chevrolet,Malibu,LS,Sedan,automatic,1g1zb5e14bf326361,California,27.0,75551.0,white,gray,a l financial,7825.0,6500.0,Tue Dec 23 2014 16:00:00 GMT-0800 (PST)
2011,honda,CR-V,SE,SUV,other,jhlre3h47bc014418,California,25.0,14402.0,gray,gray,ahfc/honda lease trust/hvt  inc. eot,14950.0,14100.0,Thu Dec 18 2014 12:00:00 GMT-0800 (PST)
2011,buick,LaCrosse,CX,Sedan,automatic,1g4ga5ed0bf156295,California,26.0,47414.0,beige,tan,santander consumer,11050.0,10000.0,Thu Dec 18 2014 12:00:00 GMT-0800 (PST)
2011,chevrolet,HHR,Panel LS,Wagon,automatic,3gcaaafw8bs555471,California,,236928.0,white,â,north star auto inc,2625.0,2350.0,Wed Dec 17 2014 11:30:00 GMT-0800 (PST)
2011,hyundai,Elantra,GLS PZEV,Sedan,automatic,5npdh4ae6bh052914,California,39.0,42419.0,silver,gray,wells fargo dealer services,10050.0,11700.0,Thu Dec 18 2014 12:00:00 GMT-0800 (PST)
2011,Ford,Fusion,SPORT,Sedan,automatic,3fahp0kcxbr292447,California,36.0,41665.0,black,black,exeter finance corp,13150.0,12000.0,Thu Dec 18 2014 12:00:00 GMT-0800 (PST)
2011,Ford,Escape Hybrid,Base,SUV,automatic,1fmcu4k36bkc04773,California,41.0,40204.0,black,beige,galpin ford studio rentals,16600.0,20250.0,Tue Dec 16 2014 12:30:00 GMT-0800 (PST)
2011,honda,Civic,LX-S,Sedan,automatic,2hgfa1f69bh537426,California,23.0,60305.0,silver,black,ahfc/honda lease trust/hvt  inc.,9375.0,8600.0,Thu Dec 18 2014 12:00:00 GMT-0800 (PST)
2011,chrysler,300,Base,Sedan,automatic,2c3ca5cg0bh580692,California,38.0,34994.0,blue,tan,fiserv/usb dealer services northstar exchange,17250.0,16250.0,Tue Dec 16 2014 12:30:00 GMT-0800 (PST)
2011,hyundai,Santa Fe,GLS,SUV,automatic,5xyzgdag3bg083393,California,39.0,25305.0,blue,gray,hyundai buybacks,15200.0,12000.0,Tue Dec 16 2014 12:00:00 GMT-0800 (PST)
2011,chevrolet,Traverse,LT2,SUV,automatic,1gnkrjed2bj415308,California,26.0,25305.0,silver,gray,fiserv/usb dealer services northstar exchange,19150.0,18500.0,Tue Dec 16 2014 12:30:00 GMT-0800 (PST)
2011,bmw,X6 M,Base,SUV,automatic,5ymgz0c52blk14072,California,43.0,20131.0,blue,black,bill pearce motors,48700.0,51000.0,Tue Dec 30 2014 12:30:00 GMT-0800 (PST)
2011,Ford,Ranger,XL,Regular Cab,automatic,1ftkr1ad8bpb02307,California,31.0,63943.0,white,gray,lease plan usa,9150.0,10200.0,Tue Dec 16 2014 12:00:00 GMT-0800 (PST)
2011,chevrolet,Express Cargo,2500,Van,automatic,1gcwggba2b1127401,California,19.0,89928.0,white,gray,enterprise fleet management exchange  inc.,12150.0,10500.0,Thu Dec 18 2014 11:30:00 GMT-0800 (PST)
2011,Ford,E-Series Van,E-250,E-Series Van,automatic,1ftse3el5bda45283,California,2.0,104702.0,white,gray,enterprise fm exchange/tra/lease,11150.0,9200.0,Tue Dec 16 2014 12:00:00 GMT-0800 (PST)
2011,honda,Insight,EX,Hatchback,automatic,jhmze2h78bs005457,California,36.0,92485.0,white,beige,ahfc/honda lease trust/hvt  inc.,7450.0,8800.0,Thu Dec 18 2014 12:00:00 GMT-0800 (PST)
2011,Ford,Fusion Hybrid,Base,Sedan,automatic,3fadp0l3xbr190692,California,2.0,55866.0,black,gray,donlen corporation,12200.0,12100.0,Thu Dec 18 2014 12:00:00 GMT-0800 (PST)
2011,cadillac,CTS-V Coupe,Base,CTS-V Coupe,automatic,1g6dv1ep8b0131875,California,42.0,30066.0,silver,black,bill pearce motors,37900.0,38750.0,Thu Dec 18 2014 12:30:00 GMT-0800 (PST)
2011,Ford,F-250 Super Duty,XL,Crew Cab,automatic,1ft7w2a66bec21569,California,28.0,116307.0,white,gray,wholesale motor sales inc,8825.0,9200.0,Thu Dec 18 2014 12:00:00 GMT-0800 (PST)
2011,gmc,Acadia,SLE,SUV,automatic,1gkkrpedxbj316946,California,42.0,25234.0,black,black,fiserv/usb dealer services northstar exchange,17900.0,19000.0,Tue Dec 16 2014 12:30:00 GMT-0800 (PST)
2011,chevrolet,HHR,LT,Wagon,automatic,3gnbabfwxbs587694,California,25.0,87230.0,gray,black,onemain rem/access auto remarketing,5575.0,5700.0,Thu Dec 18 2014 12:00:00 GMT-0800 (PST)
2011,Dodge,Nitro,Heat,SUV,automatic,1d4pt4gxxbw563625,California,34.0,67528.0,black,black,ecars,11450.0,11900.0,Tue Feb 03 2015 04:30:00 GMT-0800 (PST)
2011,chevrolet,Camaro,2LT,Coupe,automatic,2g1fc1ed4b9146292,California,43.0,15189.0,white,black,puklich chevrolet inc,19800.0,20750.0,Thu Dec 18 2014 12:00:00 GMT-0800 (PST)
2011,chevrolet,Equinox,LTZ,SUV,automatic,2cnflgec6b6205342,California,38.0,24779.0,brown,brown,walters auto sales/service inc,18000.0,20500.0,Tue Dec 16 2014 12:30:00 GMT-0800 (PST)
2011,chevrolet,Malibu,LTZ,Sedan,other,1g1ze5e79bf382789,California,,45053.0,white,â,barber honda,11600.0,11800.0,Tue Dec 16 2014 12:30:00 GMT-0800 (PST)
2011,gmc,Terrain,SLE-1,SUV,automatic,2ctalmec9b6320096,California,45.0,41811.0,black,gray,donlen corporation,14050.0,15500.0,Thu Dec 18 2014 12:00:00 GMT-0800 (PST)
2011,honda,Civic,Si,Coupe,manual,2hgfg2a50bh701214,California,29.0,58395.0,black,black,lease remarketing services inc,11950.0,13000.0,Tue Dec 30 2014 16:00:00 GMT-0800 (PST)
2011,Ford,Ranger,XLT,SuperCab,other,1ftlr4fe8bpb15744,California,19.0,33854.0,white,black,jpmorgan chase bank n.a.,16900.0,13750.0,Thu Dec 18 2014 12:00:00 GMT-0800 (PST)
2011,Ford,Fiesta,SEL,Sedan,automatic,3fadp4cj9bm121964,California,23.0,49543.0,black,black,larry h miller toyota corona,8400.0,5000.0,Thu Jan 15 2015 04:00:00 GMT-0800 (PST)
2014,chrysler,200,Touring,Sedan,automatic,1c3ccbbb5en185336,California,3.0,28278.0,red,black,hertz corporation/gdp,11900.0,12100.0,Tue Dec 16 2014 12:30:00 GMT-0800 (PST)
2014,chevrolet,Impala,LT,Sedan,automatic,1g1125s38eu162597,California,,15194.0,red,gray,avis rac/san leandro,20600.0,14800.0,Tue Dec 16 2014 13:00:00 GMT-0800 (PST)
2014,Dodge,Charger,SE,Sedan,automatic,2c3cdxbg6eh240861,California,,25125.0,gray,black,enterprise vehicle exchange / tra / rental / tulsa,15800.0,12300.0,Thu Dec 18 2014 12:00:00 GMT-0800 (PST)
2014,chrysler,Town and Country,Touring-L,Minivan,automatic,2c4rc1cg9er180072,California,32.0,38641.0,white,black,avis corporation,21200.0,20800.0,Thu Jan 29 2015 04:00:00 GMT-0800 (PST)
2014,chevrolet,Impala Limited,LT Fleet,Sedan,automatic,2g1wb5e31e1112332,California,27.0,19069.0,black,gray,santander consumer,13950.0,11500.0,Tue Dec 30 2014 15:00:00 GMT-0800 (PST)
2014,Dodge,Grand Caravan,R/T,Minivan,automatic,2c4rdgeg0er183696,California,42.0,41508.0,white,black,avis corporation,19000.0,19100.0,Tue Jan 13 2015 12:30:00 GMT-0800 (PST)
2014,Dodge,Dart,Aero,Sedan,manual,1c3cdfdh1ed672934,California,43.0,12356.0,black,black,chrysler capital,12750.0,13900.0,Thu Dec 18 2014 12:00:00 GMT-0800 (PST)
2014,chrysler,300,SRT8,Sedan,automatic,2c3ccafj8eh172665,California,44.0,12910.0,black,brown,s/s auto wholesale,37300.0,38500.0,Wed Dec 17 2014 12:30:00 GMT-0800 (PST)
2014,chevrolet,Cruze,LTZ,Sedan,automatic,1g1pg5sb0e7333392,California,28.0,9648.0,white,black,honda of santa maria,15150.0,12500.0,Thu Jan 22 2015 04:00:00 GMT-0800 (PST)
2014,Dodge,Challenger,SXT,Coupe,automatic,2c3cdyag5eh126888,California,1.0,19062.0,gray,black,enterprise vehicle exchange / tra / rental / tulsa,18100.0,15700.0,Tue Dec 16 2014 12:00:00 GMT-0800 (PST)
2014,chevrolet,Spark,1LT,Hatchback,automatic,kl8cd6s98ec414173,California,,33906.0,white,black,enterprise vehicle exchange / tra / rental / tulsa,8950.0,1400.0,Tue Dec 16 2014 13:00:00 GMT-0800 (PST)
2014,chevrolet,Sonic,LTZ,Sedan,automatic,1g1je5sg9e4124905,California,1.0,18257.0,gray,black,hertz damaged liquidation,11550.0,5500.0,Tue Dec 23 2014 12:00:00 GMT-0800 (PST)
2014,Dodge,Challenger,R/T,Coupe,automatic,2c3cdybt2eh224448,California,,10948.0,gray,black,avis rac/san leandro,24900.0,16700.0,Tue Dec 16 2014 13:00:00 GMT-0800 (PST)
2014,chevrolet,Traverse,LT,SUV,automatic,1gnkrgkd3ej138955,California,38.0,69242.0,white,gray,vpsi  inc,21600.0,16500.0,Wed Jan 28 2015 04:30:00 GMT-0800 (PST)
2011,jaguar,XF,Supercharged,Sedan,automatic,sajwa0he8bmr99939,California,42.0,22555.0,black,black,jpmorgan chase bank n.a.,31600.0,33500.0,Thu Dec 18 2014 12:30:00 GMT-0800 (PST)
2011,mercedes-benz,C-Class,C350 Sport,Sedan,automatic,wddgf5gbxbr146489,California,36.0,34961.0,unknown,,mercedes-benz financial services,21400.0,21500.0,Thu Dec 18 2014 12:30:00 GMT-0800 (PST)
2011,jaguar,XF,Premium,Sedan,automatic,sajwa0gb3blr86013,California,35.0,26500.0,blue,beige,jpmorgan chase bank n.a.,26100.0,24500.0,Thu Dec 18 2014 12:30:00 GMT-0800 (PST)
2011,kia,Soul,!,Wagon,automatic,kndjt2a20b7339570,California,42.0,52846.0,green,black,kia motors finance,9275.0,11000.0,Tue Dec 16 2014 12:00:00 GMT-0800 (PST)
2011,mazda,Mazda3,s Sport,Hatchback,automatic,jm1bl1k63b1423787,California,38.0,41057.0,black,black,jpmorgan chase bank n.a.,11100.0,13750.0,Tue Dec 16 2014 12:30:00 GMT-0800 (PST)
2011,land rover,Range Rover,Supercharged,SUV,automatic,salmf1e49ba336320,California,39.0,53634.0,black,black,bank of the west,43200.0,46000.0,Thu Dec 18 2014 12:00:00 GMT-0800 (PST)
2011,infiniti,G Sedan,G25x,G Sedan,automatic,jn1dv6ar8bm651992,California,41.0,20093.0,gray,black,nissan infiniti lt,18550.0,18500.0,Wed Dec 17 2014 12:30:00 GMT-0800 (PST)
2011,infiniti,M37,Base,Sedan,automatic,jn1by1ap2bm326562,California,39.0,72121.0,gray,black,the motor car group inc,20000.0,23547.0,Tue Dec 30 2014 00:00:00 GMT-0800 (PST)
2011,mercedes-benz,GL-Class,GL550 4MATIC,SUV,automatic,4jgbf8ge5ba670868,California,44.0,45494.0,black,beige,sports trend auto sales,39000.0,39000.0,Thu Dec 18 2014 12:30:00 GMT-0800 (PST)
2011,mercedes-benz,Sprinter,2500 144 WB Passenger,Van,automatic,wdzpe7cc1b5579875,California,44.0,59784.0,white,black,westside auto imports,31100.0,28500.0,Tue Dec 30 2014 12:30:00 GMT-0800 (PST)
2011,infiniti,G Coupe,IPL,G Coupe,automatic,jn1cv6ekxbm215167,California,37.0,22952.0,gray,black,nissan infiniti lt,27500.0,25500.0,Thu Dec 18 2014 12:30:00 GMT-0800 (PST)
2011,mercedes-benz,S-Class,S400 Hybrid,Sedan,automatic,wddng9fb7ba385803,California,44.0,15154.0,black,black,mercedes-benz usa,31700.0,31500.0,Thu Dec 18 2014 12:00:00 GMT-0800 (PST)
2011,Lincoln,Town Car,Signature Limited,Sedan,automatic,2lnbl8cv8bx761851,California,39.0,28028.0,silver,black,certified preowned ford&lincoln/mercury dlr unit,20300.0,22200.0,Thu Dec 18 2014 12:00:00 GMT-0800 (PST)
2011,lexus,LS 460,Base,Sedan,automatic,jthbl5ef3b5107574,California,37.0,46239.0,black,black,toyota financial services,34200.0,35500.0,Tue Dec 23 2014 00:00:00 GMT-0800 (PST)
2011,mercedes-benz,CLS-Class,CLS550,Sedan,automatic,wdddj7cbxba169305,California,35.0,27372.0,unknown,,mercedes-benz usa,34500.0,30000.0,Thu Dec 18 2014 12:00:00 GMT-0800 (PST)
2011,jaguar,XJ,XJL,Sedan,automatic,sajwa2gb2blv06541,California,29.0,50637.0,silver,black,fiserv/usb dealer services northstar exchange,32500.0,32250.0,Thu Dec 18 2014 12:30:00 GMT-0800 (PST)
2011,kia,Sorento,Base,SUV,automatic,5xykt3a19bg120904,California,39.0,76997.0,black,gray,jpmorgan chase bank n.a.,9975.0,10200.0,Thu Dec 18 2014 12:00:00 GMT-0800 (PST)
2011,mercedes-benz,E-Class,E350 BlueTEC,Sedan,automatic,wddhf2eb9ba351922,California,44.0,61083.0,gray,beige,nvp remarketing,24000.0,25250.0,Tue Dec 16 2014 12:00:00 GMT-0800 (PST)
2011,jeep,Compass,Base,SUV,automatic,1j4nt1fb2bd194404,California,21.0,38995.0,silver,black,all county leasing inc,10350.0,7750.0,Wed Dec 17 2014 12:30:00 GMT-0800 (PST)
2011,mercedes-benz,C-Class,C300 Sport,Sedan,automatic,wddgf5ebxba528653,California,44.0,25625.0,white,â,mercedes-benz financial services,20400.0,20500.0,Thu Dec 18 2014 12:30:00 GMT-0800 (PST)
2011,land rover,Range Rover Sport,Supercharged,SUV,automatic,salsh2e47ba269451,California,39.0,59971.0,white,beige,jpmorgan chase bank n.a.,37900.0,37500.0,Thu Dec 18 2014 12:30:00 GMT-0800 (PST)
2011,mercedes-benz,S-Class,S63 AMG,Sedan,automatic,wddng7eb3ba409875,California,35.0,8120.0,unknown,,mercedes-benz financial services,66000.0,66000.0,Thu Dec 18 2014 12:30:00 GMT-0800 (PST)
2011,mazda,CX-7,i SV,SUV,other,jm3er2am4b0400131,California,32.0,55702.0,gray,black,barber honda,10500.0,10700.0,Tue Dec 16 2014 12:30:00 GMT-0800 (PST)
2011,mercedes-benz,E-Class,E350 4MATIC,Wagon,automatic,wddhh8hb7ba213255,California,31.0,71682.0,black,black,lexus of riverside,22800.0,25000.0,Thu Dec 18 2014 12:30:00 GMT-0800 (PST)
2011,mazda,Mazda3,s Grand Touring,Hatchback,automatic,jm1bl1m60b1452712,California,29.0,36985.0,silver,black,jpmorgan chase bank n.a.,12450.0,13000.0,Tue Dec 16 2014 12:30:00 GMT-0800 (PST)
2011,Lincoln,MKT,Base,Wagon,automatic,2lmhj5ar3bbj53564,California,37.0,34790.0,white,black,ford motor credit company llc pd,22000.0,24800.0,Thu Dec 18 2014 12:00:00 GMT-0800 (PST)
2011,infiniti,QX56,Base,SUV,automatic,jn8az2nf4b9500104,California,34.0,72037.0,black,black,high bid trading co inc,33400.0,29500.0,Wed Dec 17 2014 12:15:00 GMT-0800 (PST)
2011,mazda,CX-7,s Grand Touring,SUV,automatic,jm3er2dl5b0384556,California,39.0,33791.0,black,black,northwestern chrys/j/d/ge,14950.0,15400.0,Tue Dec 23 2014 12:30:00 GMT-0800 (PST)
2011,subaru,Impreza,2.5i Premium,Sedan,automatic,jf1ge6b64bh518563,California,39.0,35159.0,silver,black,jpmorgan chase bank n.a.,12450.0,13000.0,Thu Dec 18 2014 12:00:00 GMT-0800 (PST)
2011,nissan,Sentra,2.0 SR,Sedan,automatic,3n1ab6ap5bl722263,California,37.0,37876.0,black,gray,nissan-infiniti lt,9375.0,10500.0,Wed Dec 17 2014 12:30:00 GMT-0800 (PST)
2010,chevrolet,Aveo,1LT,Sedan,automatic,kl1td5de3ab111157,California,37.0,55666.0,red,black,repo remarketing/twin star credit union,5150.0,5900.0,Wed Dec 17 2014 12:30:00 GMT-0800 (PST)
2011,nissan,Sentra,2.0 S,Sedan,other,3n1ab6ap0bl718508,California,36.0,60066.0,white,gray,exeter finance corp,7625.0,8300.0,Thu Dec 18 2014 12:00:00 GMT-0800 (PST)
2010,Dodge,Challenger,SE,Coupe,automatic,2b3cj4dv9ah291720,California,19.0,105930.0,black,black,a l financial,10350.0,10500.0,Wed Jan 14 2015 04:30:00 GMT-0800 (PST)
2011,toyota,RAV4,Base,SUV,automatic,2t3bf4dv1bw108274,California,27.0,82074.0,blue,tan,ge fleet services for itself/servicer,11850.0,12000.0,Tue Dec 16 2014 12:00:00 GMT-0800 (PST)
2011,toyota,Corolla,Base,Sedan,automatic,jtdbu4ee4bj094907,California,1.0,291087.0,white,gray,ge fleet services for itself/servicer,7650.0,3600.0,Tue Dec 16 2014 13:00:00 GMT-0800 (PST)
2011,toyota,Sienna,XLE 8-Passenger,Minivan,automatic,5tdyk3dc7bs109946,California,35.0,42261.0,silver,beige,nissan technical center,20900.0,19750.0,Tue Dec 16 2014 12:30:00 GMT-0800 (PST)
2010,chevrolet,Tahoe,LS,SUV,automatic,1gnmcae3xar223460,California,2.0,50922.0,white,black,remarketing by ge/golden 1 credit union,18150.0,16250.0,Wed Dec 17 2014 11:00:00 GMT-0800 (PST)
2011,Volkswagen,Jetta,SEL PZEV,Sedan,automatic,3vwlz7aj0bm317969,California,19.0,62156.0,silver,black,meridian remarketing,9950.0,9000.0,Wed Jan 21 2015 04:30:00 GMT-0800 (PST)
2011,nissan,Armada,Platinum,SUV,automatic,5n1ba0nf5bn619150,California,38.0,63026.0,red,black,nissan motor acceptance corporation,23600.0,22250.0,Wed Dec 17 2014 12:30:00 GMT-0800 (PST)
2010,chevrolet,Aveo,LS,Sedan,automatic,kl1td5de4ab102631,California,,143186.0,white,â,rae pre owned cars inc,2850.0,2700.0,Thu Dec 18 2014 12:00:00 GMT-0800 (PST)
2011,subaru,Impreza,2.5i,Sedan,automatic,jf1ge6a64bh518595,California,36.0,49955.0,blue,black,jpmorgan chase bank n.a.,10850.0,10700.0,Thu Dec 18 2014 12:00:00 GMT-0800 (PST)
2011,nissan,Murano,LE,SUV,automatic,jn8az1mu8bw066135,California,27.0,40171.0,blue,black,nissan-infiniti lt,16750.0,19000.0,Tue Dec 16 2014 12:30:00 GMT-0800 (PST)
2011,subaru,Outback,2.5i Premium,Wagon,automatic,4s4brbbc6b3421350,California,25.0,52776.0,white,gray,ge fleet services for itself/servicer,15450.0,13500.0,Tue Dec 16 2014 12:00:00 GMT-0800 (PST)
2011,nissan,Juke,SL,Hatchback,manual,jn8af5mr2bt001519,California,35.0,46810.0,gray,black,jpmorgan chase bank n.a.,11400.0,13500.0,Thu Dec 18 2014 12:00:00 GMT-0800 (PST)
2010,Dodge,Caliber,SXT Fleet,Wagon,automatic,1b3cb4ha7ad585991,California,23.0,65923.0,gold,beige,santander consumer,6975.0,5500.0,Thu Dec 18 2014 12:00:00 GMT-0800 (PST)
2011,toyota,Camry,Base,Sedan,automatic,4t4bf3ek9br206711,California,2.0,45353.0,gray,gray,remarketing by ge/flagship credit acceptance,11250.0,9250.0,Tue Dec 16 2014 12:00:00 GMT-0800 (PST)
2011,nissan,Sentra,2.0 SL,Sedan,other,3n1ab6ap1bl626310,California,34.0,70242.0,white,gray,jpmorgan chase bank n.a.,7775.0,9100.0,Thu Dec 18 2014 12:00:00 GMT-0800 (PST)
2010,chevrolet,Camaro,1LT,Coupe,automatic,2g1fb1ev1a9128228,California,36.0,89193.0,silver,black,remarketing by ge/golden 1 credit union,13350.0,13500.0,Wed Dec 17 2014 12:30:00 GMT-0800 (PST)
2010,chevrolet,Camaro,1SS,Coupe,manual,2g1fs1ew9a9216243,California,39.0,42836.0,yellow,black,santander consumer,18000.0,20900.0,Thu Dec 18 2014 12:00:00 GMT-0800 (PST)
2011,Volkswagen,Routan,SE,Minivan,automatic,2v4rw3dg4br717840,California,1.0,49716.0,unknown,gray,vw credit,12050.0,6700.0,Tue Dec 16 2014 13:00:00 GMT-0800 (PST)
2010,Dodge,Avenger,SXT,Sedan,automatic,1b3cc4fb1an131559,California,34.0,119058.0,silver,black,a l financial corporation,4725.0,5200.0,Wed Dec 17 2014 12:30:00 GMT-0800 (PST)
2010,bmw,7 Series,750Li,Sedan,automatic,wbakb8c58acy63859,California,37.0,64010.0,beige,beige,caseys cars inc,28400.0,28500.0,Thu Dec 18 2014 12:30:00 GMT-0800 (PST)
2010,chevrolet,g1500,cargo 4x2 upfitter,,automatic,1gbugeb43a1108347,California,19.0,114560.0,silver,black,premium auto wholesale,13100.0,10300.0,Thu Dec 18 2014 12:00:00 GMT-0800 (PST)
2010,chrysler,Sebring,Touring,Sedan,automatic,1c3cc4fbxan211350,California,23.0,77659.0,white,black,santander consumer,6300.0,5600.0,Thu Dec 18 2014 12:00:00 GMT-0800 (PST)
2010,chevrolet,Suburban,1500 LT,SUV,automatic,1gnukje34ar228964,California,22.0,65153.0,silver,silver,rio vista chevrolet,21600.0,22000.0,Thu Jan 15 2015 04:00:00 GMT-0800 (PST)
2011,toyota,Venza,Base,Wagon,automatic,4t3za3bb6bu047276,California,32.0,33529.0,white,tan,toyota financial services,15600.0,15000.0,Tue Dec 23 2014 00:00:00 GMT-0800 (PST)
2010,Dodge,Charger,SXT Fleet,Sedan,automatic,2b3ca3cv5ah302076,California,19.0,95536.0,black,black,first financial credit union,8150.0,8800.0,Wed Dec 17 2014 12:05:00 GMT-0800 (PST)
2010,Dodge,Charger,3.5L,Sedan,automatic,2b3ca2cv7ah300114,California,4.0,34060.0,black,gray,bmw alphera/alphera financial services,11650.0,12100.0,Wed Dec 17 2014 12:30:00 GMT-0800 (PST)
2011,mercedes-benz,Sprinter,2500 170 WB Passenger,Van,automatic,wdzpe8cc1b5510299,California,25.0,159193.0,silver,black,mercedes benz of laguna niguel,21400.0,21000.0,Wed Dec 17 2014 12:30:00 GMT-0800 (PST)
2010,chrysler,300,Touring,Sedan,automatic,2c3ca5cv9ah250014,California,2.0,53275.0,gray,black,remarketing by ge/chase lease remarketing co,10600.0,9500.0,Wed Dec 17 2014 12:30:00 GMT-0800 (PST)
2011,toyota,RAV4,Limited,SUV,automatic,2t3yf4dvxbw082199,California,43.0,55126.0,gold,beige,ge fleet services for itself/servicer,16200.0,16500.0,Tue Dec 16 2014 12:00:00 GMT-0800 (PST)
2010,chevrolet,Corvette,Base,Coupe,automatic,1g1yg2dw9a5107571,California,45.0,25144.0,black,black,jaguar land rover thousand oaks,31100.0,30500.0,Tue Dec 16 2014 12:30:00 GMT-0800 (PST)
2011,toyota,Camry Hybrid,Base,Sedan,automatic,4t1bb3ek1bu141276,California,,83421.0,silver,â,marin auto group,13050.0,13000.0,Wed Dec 17 2014 12:30:00 GMT-0800 (PST)
2011,Volkswagen,GTI,Autobahn PZEV,Hatchback,automatic,wvwhd7aj0bw166946,California,2.0,18924.0,gray,black,north bakersfield toyota scion,16750.0,15500.0,Tue Dec 23 2014 12:00:00 GMT-0800 (PST)
2010,bentley,Continental GT Speed,Base,Coupe,automatic,scbcp7za3ac065778,California,3.0,15640.0,black,tan,porsche fin svcs dba bentley financial services,93000.0,96000.0,Thu Dec 18 2014 12:30:00 GMT-0800 (PST)
2011,nissan,Leaf,SV,Hatchback,automatic,jn1az0cp5bt007761,California,27.0,43943.0,black,gray,nissan-infiniti lt,9200.0,8500.0,Wed Jan 07 2015 12:30:00 GMT-0800 (PST)
2010,chevrolet,malibu,ls,sedan,automatic,1g1zb5ebxaf212632,California,36.0,78416.0,black,gray,donlen corporation,7425.0,8100.0,Thu Dec 18 2014 12:00:00 GMT-0800 (PST)
2011,toyota,Land Cruiser,Base,SUV,automatic,jtmhy7aj0b5011484,California,47.0,44968.0,silver,gray,millennium cars,48200.0,45250.0,Wed Dec 17 2014 12:15:00 GMT-0800 (PST)
2010,chevrolet,Impala,LS,Sedan,automatic,2g1wa5ek7a1212696,California,36.0,134319.0,gray,gray,california auto finance,4100.0,4500.0,Wed Dec 17 2014 12:30:00 GMT-0800 (PST)
2010,audi,Q7,3.6 Premium quattro,SUV,other,wa1lyafe4ad000084,California,,27299.0,gray,â,remarketing by ge/manheim riverside,30400.0,29000.0,Wed Dec 17 2014 12:30:00 GMT-0800 (PST)
2010,chrysler,town,& country lx,,automatic,2a4rr4dexar108511,California,27.0,80174.0,white,gray,first investors servicing corp,7825.0,7500.0,Tue Dec 16 2014 12:30:00 GMT-0800 (PST)
2010,cadillac,CTS,Performance,Sedan,automatic,1g6dm5ev2a0139509,California,35.0,63796.0,black,black,concord honda,14600.0,14900.0,Wed Dec 17 2014 12:30:00 GMT-0800 (PST)
2011,volvo,V50,T5 R-Design,Wagon,automatic,yv1672mw5b2637242,California,38.0,56306.0,gray,black,northwestern chrys/j/d/ge,9250.0,8800.0,Tue Dec 23 2014 12:30:00 GMT-0800 (PST)
2010,acura,RDX,Base,SUV,automatic,5j8tb2h29aa005087,California,28.0,80198.0,silver,beige,aaero sweet company,14150.0,14600.0,Wed Dec 17 2014 12:15:00 GMT-0800 (PST)
2010,jeep,Commander,Limited,SUV,automatic,1j4rh5gt1ac114015,California,28.0,109977.0,black,black,premium auto wholesale,14250.0,10500.0,Thu Dec 18 2014 12:00:00 GMT-0800 (PST)
2010,nissan,Xterra,X,SUV,automatic,5n1an0nw6ac502199,California,,149497.0,red,â,mercedes benz of san francisco,6950.0,6300.0,Wed Dec 17 2014 12:30:00 GMT-0800 (PST)
2010,Ford,Taurus,Limited,Sedan,automatic,1fahp2fw9ag154548,California,,108617.0,black,black,rock honda,9725.0,7500.0,Thu Dec 18 2014 12:00:00 GMT-0800 (PST)
2010,kia,Rio,Base,Sedan,other,knadh4a36a6687779,California,,110873.0,black,â,lancaster honda,4925.0,3600.0,Tue Dec 16 2014 12:30:00 GMT-0800 (PST)
2010,nissan,Altima Hybrid,Base,Sedan,automatic,1n4cl2apxac121099,California,26.0,82088.0,silver,black,santander consumer,9950.0,8800.0,Thu Dec 18 2014 12:00:00 GMT-0800 (PST)
2010,infiniti,G37 Convertible,Base,G37 Convertible,automatic,jn1cv6fe6am354865,California,46.0,25212.0,black,gray,nissan infiniti lt,22000.0,24750.0,Thu Dec 18 2014 12:30:00 GMT-0800 (PST)
2010,nissan,Frontier,SE,Crew Cab,automatic,1n6ad0er9ac419400,California,28.0,160351.0,silver,gray,bmw alphera/alphera financial services,9525.0,8500.0,Tue Dec 23 2014 16:00:00 GMT-0800 (PST)
2010,Ford,Expedition,EL Limited,SUV,automatic,1fmjk1k56aeb68769,California,39.0,89856.0,black,black,skyhigh remarketing inc,18550.0,18600.0,Wed Dec 17 2014 12:15:00 GMT-0800 (PST)
2010,toyota,Sequoia,Platinum,SUV,automatic,5tdyy5g12as028002,California,3.0,67475.0,black,gray,premium auto wholesale,26700.0,24500.0,Thu Feb 19 2015 04:00:00 GMT-0800 (PST)
2010,nissan,Altima,3.5 SR,Sedan,automatic,1n4bl2apxan509451,California,2.0,53207.0,black,black,jpmorgan chase bank n.a.,11300.0,9600.0,Thu Dec 18 2014 12:00:00 GMT-0800 (PST)
2009,acura,TL,SH-AWD,Sedan,automatic,19uua96579a005646,California,38.0,69666.0,blue,beige,premium auto wholesale,16350.0,18200.0,Fri Dec 26 2014 15:00:00 GMT-0800 (PST)
2010,Ford,e150,cargo commercial,,automatic,1ftne1ew2adb02761,California,33.0,237880.0,white,gray,ford motor credit company llc,5150.0,6800.0,Thu Dec 18 2014 12:00:00 GMT-0800 (PST)
2010,Ford,e350,club wagon,,automatic,1fdss3bl0ada72723,California,28.0,93282.0,white,gray,vpsi  inc,11450.0,8250.0,Wed Dec 17 2014 12:30:00 GMT-0800 (PST)
2010,toyota,Tundra,Tundra Grade,CrewMax Cab,automatic,5tfey5f18ax094617,California,26.0,86735.0,white,beige,david wilsons villa ford,18600.0,18000.0,Thu Dec 18 2014 12:00:00 GMT-0800 (PST)
2010,subaru,Forester,2.5X,SUV,other,jf2sh6bc1ah911647,California,,89565.0,unknown,,walters auto sales/service inc,10100.0,10000.0,Tue Dec 16 2014 12:30:00 GMT-0800 (PST)
2010,mercedes-benz,S-Class,S600,Sedan,automatic,wddng7gb8aa357218,California,36.0,41155.0,black,black,inter auto trade inc,48600.0,47000.0,Thu Dec 18 2014 12:30:00 GMT-0800 (PST)
2010,jeep,Compass,Sport,SUV,automatic,1j4nt4fb9ad578762,California,34.0,95161.0,orange,black,santander consumer,6075.0,6600.0,Thu Dec 18 2014 12:00:00 GMT-0800 (PST)
2010,jeep,Wrangler,Sport,SUV,manual,1j4ga2d19al101879,California,19.0,106389.0,silver,black,wells fargo dealer services,14150.0,9900.0,Thu Jan 08 2015 12:00:00 GMT-0800 (PST)
2010,pontiac,g6,4c,,automatic,1g2za5eb4a4103528,California,22.0,75965.0,silver,black,a l financial corporation,7075.0,6000.0,Wed Dec 17 2014 12:30:00 GMT-0800 (PST)
2010,mitsubishi,Outlander,ES,SUV,automatic,ja4as2aw0az019183,California,44.0,31776.0,black,black,exeter finance corp,8625.0,10100.0,Thu Dec 18 2014 12:00:00 GMT-0800 (PST)
2010,Volkswagen,Jetta,Wolfsburg Edition PZEV,Sedan,manual,3vwra7aj4am094044,California,1.0,88181.0,white,black,vw credit,7550.0,4500.0,Tue Dec 16 2014 12:00:00 GMT-0800 (PST)
2010,hyundai,Accent,Blue,Hatchback,manual,kmhcm3ac4au163512,California,,69435.0,blue,black,mazda of orange,3100.0,3100.0,Wed Dec 17 2014 12:30:00 GMT-0800 (PST)
2010,Volkswagen,New Beetle,2.5L Red Rock Edition PZEV,Hatchback,automatic,3vwrg3ag5am018568,California,31.0,65937.0,white,tan,nextgear capital,7300.0,7100.0,Wed Dec 17 2014 12:30:00 GMT-0800 (PST)
2010,Ford,F-250 Super Duty,Lariat,Crew Cab,automatic,1ftsw2br6aea04332,California,39.0,75647.0,white,beige,aaero sweet company,30200.0,32000.0,Thu Dec 18 2014 11:30:00 GMT-0800 (PST)
2010,volvo,XC90,3.2 R-Design,SUV,automatic,yv4982cf8a1557503,California,43.0,47650.0,white,black,volvo na lemon law/world omni,20200.0,16000.0,Tue Dec 30 2014 00:00:00 GMT-0800 (PST)
2010,Volkswagen,Golf,2.5L PZEV,Hatchback,automatic,wvwbb7aj8aw119528,California,48.0,72408.0,white,black,power drive inc,7225.0,9400.0,Wed Dec 17 2014 12:15:00 GMT-0800 (PST)
2009,audi,A3,2.0T quattro,Wagon,automatic,waukf78px9a124993,California,28.0,78254.0,black,black,high bid trading co inc,11800.0,14250.0,Wed Dec 17 2014 12:15:00 GMT-0800 (PST)
2010,Ford,F-150,Harley-Davidson,SuperCrew,automatic,1ftfw1ev5afc17920,California,49.0,22200.0,black,black,richard j bartlett jr enterprises,30100.0,34250.0,Tue Dec 16 2014 12:30:00 GMT-0800 (PST)
2010,Volkswagen,CC,Sport,Sedan,automatic,wvwml9an2ae503573,California,2.0,130668.0,unknown,beige,vw credit,6775.0,4600.0,Tue Jan 13 2015 13:00:00 GMT-0800 (PST)
2010,toyota,Prius,III,Hatchback,automatic,jtdkn3du7a0135437,California,19.0,113815.0,silver,gray,california fleet inc,10550.0,10400.0,Thu Dec 18 2014 12:00:00 GMT-0800 (PST)
2010,honda,Civic,DX-VP,Sedan,automatic,19xfa1f32ae056853,California,39.0,69743.0,silver,gray,ahfc/honda lease trust/hvt  inc.,8125.0,9800.0,Thu Dec 18 2014 12:00:00 GMT-0800 (PST)
2010,mercedes-benz,GLK-Class,GLK350 4MATIC,SUV,automatic,wdcgg8hb3af319111,California,,109622.0,gray,â,autobahn motors,14350.0,13000.0,Wed Dec 17 2014 12:30:00 GMT-0800 (PST)
2010,Dodge,Journey,SE,SUV,automatic,3d4pg4fb8at117696,California,36.0,65963.0,black,black,jpmorgan chase bank n.a.,8500.0,8800.0,Thu Dec 18 2014 12:00:00 GMT-0800 (PST)
2010,volvo,XC60,T6 R-Design,SUV,automatic,yv4992dz5a2031104,California,31.0,67725.0,blue,beige,bob baker jeep,18350.0,15500.0,Wed Dec 17 2014 12:15:00 GMT-0800 (PST)
2010,land rover,LR2,HSE,SUV,automatic,salft2bn5ah204665,California,42.0,58341.0,black,black,century dealer services corp,15350.0,17500.0,Wed Dec 17 2014 12:15:00 GMT-0800 (PST)
2010,mitsubishi,Lancer Sportback,GTS,Hatchback,automatic,ja32x8hw7au016393,California,19.0,95457.0,blue,black,navy fcu,6775.0,4000.0,Thu Dec 18 2014 12:00:00 GMT-0800 (PST)
2009,smart,fortwo,BRABUS coupe,Hatchback,automatic,wmeej31x19k241827,California,23.0,36244.0,red,red,remarketing by ge/nextgear capital,5300.0,3500.0,Tue Dec 23 2014 16:00:00 GMT-0800 (PST)
2009,pontiac,G5,Base,Coupe,automatic,1g2as18h297168908,California,26.0,123631.0,gray,black,california fleet inc,3275.0,3600.0,Thu Dec 18 2014 12:00:00 GMT-0800 (PST)
2009,Volkswagen,GTI,Base,Hatchback,automatic,wvwhv71k09w122719,California,44.0,76639.0,black,gray,lucky imports,8700.0,11300.0,Wed Dec 17 2014 12:30:00 GMT-0800 (PST)
2009,gmc,Yukon XL,Denali,SUV,automatic,1gkfk06289r161836,California,3.0,103138.0,black,black,remarketing by ge/manheim riverside,20100.0,17000.0,Tue Dec 16 2014 12:00:00 GMT-0800 (PST)
2009,cadillac,Escalade Hybrid,Base,SUV,automatic,1gyfc43579r119473,California,31.0,64944.0,black,beige,high bid trading co inc,25200.0,28000.0,Wed Dec 17 2014 12:15:00 GMT-0800 (PST)
2009,nissan,Versa,1.8 SL,Hatchback,automatic,3n1bc13e39l418357,California,19.0,59665.0,blue,beige,santander consumer,5850.0,4500.0,Thu Dec 18 2014 12:00:00 GMT-0800 (PST)
2009,mazda,Mazda6,i SV,Sedan,automatic,1yvhp81a395m06675,California,34.0,92488.0,blue,gray,a l financial corporation,6225.0,7400.0,Wed Dec 17 2014 12:30:00 GMT-0800 (PST)
2009,chevrolet,Tahoe,LTZ,SUV,automatic,1gnfc33j89r280404,California,38.0,156406.0,black,black,california fleet inc,13950.0,14250.0,Thu Dec 18 2014 12:00:00 GMT-0800 (PST)
2009,mercedes-benz,GL-Class,GL550,SUV,automatic,4jgbf86e89a494412,California,39.0,73291.0,black,beige,high bid trading co inc,25400.0,24500.0,Thu Dec 18 2014 12:00:00 GMT-0800 (PST)
2009,mercedes-benz,GL-Class,GL450,SUV,automatic,4jgbf71e59a458498,California,47.0,51714.0,black,black,high bid trading co inc,26300.0,27750.0,Wed Dec 17 2014 12:15:00 GMT-0800 (PST)
2009,mazda,CX-9,Grand Touring,SUV,automatic,jm3tb28v690180060,California,31.0,140689.0,white,gray,northwest import sales,6775.0,8000.0,Wed Dec 17 2014 12:30:00 GMT-0800 (PST)
2009,chevrolet,Avalanche,LT1,Crew Cab,automatic,3gnec22099g252089,California,21.0,74387.0,blue,black,gm financial,18200.0,16500.0,Wed Dec 17 2014 12:30:00 GMT-0800 (PST)
2009,mitsubishi,Lancer,ES-Sport,Sedan,manual,ja3au26u09u002513,California,23.0,118427.0,gray,black,california republic bank,4625.0,6000.0,Wed Dec 17 2014 12:30:00 GMT-0800 (PST)
2009,jaguar,XF,Premium Luxury,Sedan,automatic,sajwa06b39hr08782,California,35.0,100856.0,green,beige,billion dodge chrysler jeep,13000.0,13250.0,Thu Dec 18 2014 12:30:00 GMT-0800 (PST)
2009,bmw,X5,xDrive48i,SUV,automatic,5uxfe83559l170334,California,28.0,79957.0,black,black,remarketing by ge/manheim california,19400.0,18750.0,Wed Dec 17 2014 12:30:00 GMT-0800 (PST)
2009,cadillac,Escalade,Base,SUV,automatic,1gyfc53219r124437,California,26.0,72247.0,blue,black,caseys cars inc,22600.0,25000.0,Tue Dec 30 2014 12:30:00 GMT-0800 (PST)
2009,mitsubishi,Lancer,DE,Sedan,automatic,ja3au16u69u042671,California,35.0,51521.0,silver,black,jpmorgan chase bank n.a.,5025.0,7600.0,Thu Dec 18 2014 12:00:00 GMT-0800 (PST)
2009,chevrolet,2500,slv 4x2 rg work truck,,automatic,1gbhc44k19e127776,California,3.0,93884.0,white,black,tradewinds remarketing,10900.0,10600.0,Tue Dec 16 2014 12:00:00 GMT-0800 (PST)
2009,chevrolet,Impala,SS,Sedan,automatic,2g1wd57c191152763,California,19.0,101928.0,silver,black,jpmorgan chase bank n.a.,7300.0,5000.0,Thu Dec 18 2014 12:00:00 GMT-0800 (PST)
2009,nissan,Titan,LE,Crew Cab,automatic,1n6aa07fx9n304896,California,,43819.0,black,â,r & r auto group inc,19450.0,18700.0,Thu Dec 18 2014 12:00:00 GMT-0800 (PST)
2009,mitsubishi,Lancer,GTS,Sedan,manual,ja3au86w09u039923,California,3.0,42211.0,black,black,prestige auto wholesale inc,8350.0,10800.0,Tue Dec 16 2014 12:30:00 GMT-0800 (PST)
2009,Volkswagen,Jetta,SportWagen S PZEV,Wagon,automatic,3vwmz71k99m296790,California,19.0,66069.0,gray,black,high bid trading co inc,7400.0,8500.0,Wed Dec 17 2014 12:15:00 GMT-0800 (PST)
2009,toyota,Sienna,XLE 7-Passenger,Minivan,automatic,5tdzk22c59s225903,California,,93903.0,white,â,apexcars net,10550.0,12000.0,Wed Dec 17 2014 12:30:00 GMT-0800 (PST)
2009,bmw,X5,xDrive30i,SUV,automatic,5uxfe43599l262846,California,4.0,76020.0,black,black,motor city buick gmc,18750.0,16750.0,Tue Dec 16 2014 12:30:00 GMT-0800 (PST)
2009,chevrolet,Suburban,1500 LTZ,SUV,automatic,1gnfk363x9r202772,California,33.0,142899.0,black,black,auto prime,14950.0,12500.0,Tue Dec 16 2014 12:30:00 GMT-0800 (PST)
2009,chrysler,Town and Country,LX,Minivan,automatic,2a8hr44e09r527179,California,21.0,163365.0,red,gray,guard auto sales,4225.0,3400.0,Wed Dec 17 2014 12:30:00 GMT-0800 (PST)
2009,kia,Spectra,EX,Sedan,automatic,knafe222795667652,California,38.0,106090.0,gold,tan,santander consumer,3475.0,3700.0,Thu Dec 18 2014 12:00:00 GMT-0800 (PST)
2009,kia,Rondo,LX,Wagon,automatic,knafg528197272189,California,35.0,49995.0,silver,gray,kia of cerritos,7225.0,6500.0,Tue Jan 20 2015 04:30:00 GMT-0800 (PST)
2009,kia,Borrego,LX,SUV,automatic,kndjj741295012180,California,35.0,68114.0,orange,gray,california republic bank,9675.0,9800.0,Wed Dec 17 2014 12:30:00 GMT-0800 (PST)
2009,chrysler,Sebring,LX,Sedan,automatic,1c3lc46b09n536939,California,19.0,71042.0,white,gray,us bank,5425.0,4000.0,Tue Dec 16 2014 12:30:00 GMT-0800 (PST)
2009,mercedes-benz,G-Class,G550,SUV,automatic,wdcyr37e19x180079,California,5.0,43506.0,black,black,nova auto sales inc,64000.0,66500.0,Tue Jan 27 2015 04:30:00 GMT-0800 (PST)
2009,chevrolet,Aveo,2LT,Sedan,automatic,kl1tg56e19b386283,California,34.0,76092.0,red,gray,weseloh chevrolet,3700.0,3900.0,Wed Dec 17 2014 12:30:00 GMT-0800 (PST)
2009,gmc,Acadia,SLT-2,SUV,automatic,1gker33d69j179121,California,28.0,124516.0,gray,gray,infiniti of montclair,9750.0,10300.0,Thu Jan 08 2015 12:00:00 GMT-0800 (PST)
2009,Lincoln,MKS,Base,Sedan,automatic,1lnhm93rx9g606752,California,37.0,90270.0,blue,tan,huntington beach ford,10550.0,10800.0,Wed Dec 17 2014 12:15:00 GMT-0800 (PST)
2009,mercedes-benz,CLK-Class,CLK550,Convertible,automatic,wdbtk72f19t105674,California,43.0,59589.0,black,gray,mercedes-benz usa,18750.0,15000.0,Thu Dec 18 2014 12:00:00 GMT-0800 (PST)
2009,Volkswagen,Jetta,TDI Loyal Edition,Sedan,automatic,3vwcl71k69m002954,California,26.0,67232.0,black,black,onemain rem/casey's car inc,10850.0,11100.0,Thu Dec 18 2014 12:00:00 GMT-0800 (PST)
2009,chevrolet,Tahoe Hybrid,Base,SUV,automatic,1gnfc13569r102451,California,24.0,112297.0,black,black,ecars,15200.0,16000.0,Tue Dec 30 2014 12:30:00 GMT-0800 (PST)
2009,honda,Fit,Base,Hatchback,automatic,jhmge88259s047142,California,31.0,44016.0,red,gray,toyota financial services,7425.0,8700.0,Tue Dec 23 2014 00:00:00 GMT-0800 (PST)
2009,mercedes-benz,C-Class,C300 Luxury,Sedan,automatic,wddgf54x69r080324,California,42.0,58123.0,gray,black,prestige auto wholesale inc,14850.0,17100.0,Tue Dec 16 2014 12:30:00 GMT-0800 (PST)
2009,Dodge,Caliber,SXT,Wagon,automatic,1b3hb48a69d157055,California,19.0,99593.0,blue,black,jpmorgan chase bank n.a.,4625.0,4800.0,Thu Dec 18 2014 12:00:00 GMT-0800 (PST)
2009,Ford,Econoline Cargo,E-150,Van,automatic,1ftne14l29da91649,California,3.0,77473.0,white,gray,lease plan usa,12900.0,11750.0,Wed Jan 14 2015 04:30:00 GMT-0800 (PST)
2009,Ford,Econoline Wagon,E-350 Super Duty XL,Van,automatic,1fbne31l69da12052,California,2.0,104102.0,white,gray,united auto rental,9550.0,10200.0,Thu Dec 18 2014 11:30:00 GMT-0800 (PST)
2009,chrysler,PT Cruiser,Base,Wagon,automatic,3a8fy48919t513327,California,,102710.0,black,gray,bmw of monrovia,3050.0,2300.0,Thu Dec 18 2014 12:00:00 GMT-0800 (PST)
2009,hyundai,Sonata,SE V6,Sedan,automatic,5npeu46f29h489739,California,,75030.0,white,black,toyota chula vista dba scion,7625.0,9400.0,Wed Dec 17 2014 12:30:00 GMT-0800 (PST)
2009,chevrolet,Avalanche,LTZ,Crew Cab,automatic,3gnec32049g168235,California,32.0,78653.0,black,tan,coast sports cars inc,20100.0,24500.0,Wed Dec 17 2014 12:15:00 GMT-0800 (PST)
2009,mercedes-benz,GL-Class,GL320 BlueTEC,SUV,automatic,4jgbf25e49a530322,California,,66570.0,white,â,south county lexus at mission viejo,25900.0,25250.0,Wed Dec 17 2014 12:30:00 GMT-0800 (PST)
2009,Volkswagen,Jetta,S PZEV,Sedan,automatic,3vwjz71k59m149739,California,35.0,53435.0,white,black,california auto exchange,7075.0,8900.0,Wed Dec 17 2014 12:30:00 GMT-0800 (PST)
2009,cadillac,STS,V8,Sedan,automatic,1g6dz67a190107602,California,2.0,103052.0,white,black,san diego sports cars,9175.0,9000.0,Wed Dec 17 2014 12:15:00 GMT-0800 (PST)
2009,toyota,Prius,Touring,Hatchback,automatic,jtdkb20u893475134,California,35.0,82294.0,gray,gray,aaero sweet company,9025.0,11000.0,Thu Dec 18 2014 11:30:00 GMT-0800 (PST)
2008,honda,Ridgeline,RT,Crew Cab,automatic,2hjyk16278h515642,California,33.0,117101.0,silver,black,onemain rem/m&m auto traders,8325.0,9200.0,Wed Dec 17 2014 12:30:00 GMT-0800 (PST)
2008,bmw,X3,3.0si,SUV,automatic,wbxpc93488wj05650,California,,102221.0,gray,â,honda of serramonte,10500.0,8800.0,Wed Dec 17 2014 12:30:00 GMT-0800 (PST)
2008,Ford,F-450 Super Duty,Lariat,Crew Cab,automatic,1ftxw43r18ec20423,California,35.0,75558.0,gray,beige,skyhigh remarketing inc,24900.0,29000.0,Wed Dec 17 2014 12:15:00 GMT-0800 (PST)
2008,Dodge,Magnum,Base,Wagon,automatic,2d4fv47t48h147712,California,26.0,138985.0,red,gray,jpmorgan chase bank n.a.,3950.0,2900.0,Thu Dec 18 2014 12:00:00 GMT-0800 (PST)
2008,Dodge,Durango,SXT,SUV,automatic,1d8hd38k18f114274,California,41.0,135722.0,black,gray,nissan of duarte,3950.0,4500.0,Wed Dec 17 2014 12:30:00 GMT-0800 (PST)
2008,audi,A4,2.0T,Sedan,automatic,wauaf78e68a115667,California,29.0,103496.0,unknown,black,ecars,6875.0,7300.0,Tue Dec 16 2014 12:30:00 GMT-0800 (PST)
2009,volvo,S40,2.4i,Sedan,automatic,yv1ms390292432522,California,28.0,90257.0,gray,black,remarketing by ge/nextgear capital,6800.0,3500.0,Wed Jan 07 2015 13:30:00 GMT-0800 (PST)
2008,chevrolet,Malibu Classic,LS Fleet,Sedan,automatic,1g1zs58f78f115056,California,19.0,90909.0,gray,gray,kia of cerritos,4600.0,2900.0,Tue Jan 06 2015 12:30:00 GMT-0800 (PST)
2008,audi,Q7,3.6 quattro,SUV,automatic,wa1ay94l88d040668,California,25.0,101633.0,gray,black,santander consumer,12600.0,12300.0,Thu Dec 18 2014 12:00:00 GMT-0800 (PST)
2008,bmw,3 Series,335xi,Coupe,other,wbawc73568e064413,California,,105964.0,black,â,trade in solutions irvine,11350.0,11500.0,Tue Dec 16 2014 12:30:00 GMT-0800 (PST)
2008,chevrolet,Avalanche,LT,Crew Cab,automatic,3gnec12008g228675,California,37.0,106237.0,gray,black,wondries toyota,12600.0,14000.0,Wed Dec 17 2014 12:30:00 GMT-0800 (PST)
2008,audi,TT,3.2 quattro,Hatchback,automatic,trudd38j681031690,California,38.0,60542.0,black,black,aaero sweet company,17250.0,18300.0,Wed Dec 17 2014 12:15:00 GMT-0800 (PST)
2008,Ford,Taurus X,SEL,Wagon,other,1fmdk02w98ga29931,California,,119320.0,white,â,american dream auto sales,3300.0,2000.0,Thu Dec 18 2014 12:00:00 GMT-0800 (PST)
2008,Dodge,Caliber,SE,Wagon,automatic,1b3hb28b28d665096,California,29.0,112455.0,orange,black,livermore toyota and livermore scion,3625.0,3900.0,Wed Dec 17 2014 12:30:00 GMT-0800 (PST)
2008,audi,A8,L quattro,Sedan,automatic,waumv94e88n014267,California,24.0,146426.0,black,brown,century dealer services corp,10650.0,8000.0,Wed Jan 21 2015 04:30:00 GMT-0800 (PST)
2008,Ford,Explorer Sport Trac,XLT,Crew Cab,automatic,1fmeu31e48ua60577,California,18.0,88389.0,white,gray,ford motor credit company llc,11050.0,6800.0,Tue Jan 13 2015 13:00:00 GMT-0800 (PST)
2008,gmc,Acadia,SLT-1,SUV,other,1gker23768j213867,California,36.0,81149.0,black,black,remarketing by ge/manheim southern california,11700.0,11500.0,Fri Dec 26 2014 15:00:00 GMT-0800 (PST)
2008,honda,Civic,Hybrid,Sedan,automatic,jhmfa36298s021042,California,26.0,86147.0,gray,beige,financial services remarketing (lease),5800.0,6100.0,Tue Dec 16 2014 12:30:00 GMT-0800 (PST)
2008,bmw,X5,3.0si,SUV,automatic,5uxfe435x8l002244,California,29.0,68037.0,gray,black,walters auto sales/service inc,16650.0,17500.0,Tue Dec 16 2014 12:30:00 GMT-0800 (PST)
2008,Dodge,Ram Pickup 1500,SLT,Quad Cab,automatic,1d7ha18n38s555603,California,35.0,115275.0,silver,gray,jpmorgan chase bank n.a.,9475.0,10000.0,Thu Dec 18 2014 12:00:00 GMT-0800 (PST)
2008,chevrolet,impala,v6 ltz,,automatic,2g1wu583x89256747,California,32.0,64568.0,silver,gray,florida state efcu,8800.0,6500.0,Wed Dec 17 2014 12:30:00 GMT-0800 (PST)
2008,Ford,F-350 Super Duty,FX4,Crew Cab,automatic,1ftww31r08ea73293,California,37.0,180795.0,white,black,abc remarketing inc,14150.0,16500.0,Thu Dec 18 2014 12:00:00 GMT-0800 (PST)
2008,Dodge,Charger,RT,Sedan,automatic,2b3la53h18h265673,California,4.0,105647.0,black,black,remarketing by ge/film vehicle services,9325.0,9700.0,Thu Dec 18 2014 12:00:00 GMT-0800 (PST)
2008,chevrolet,Colorado,LT,Crew Cab,automatic,1gcdt33ex88221068,California,29.0,57280.0,black,black,rancho ford,15200.0,13500.0,Thu Dec 18 2014 12:00:00 GMT-0800 (PST)
2008,Dodge,Nitro,SLT,SUV,automatic,1d8gt58698w123723,California,24.0,86767.0,blue,blue,meridian remarketing,9975.0,8500.0,Wed Jan 14 2015 04:30:00 GMT-0800 (PST)
2008,gmc,Sierra 1500,Denali,Crew Cab,automatic,2gtec638981308530,California,42.0,54733.0,white,tan,skyhigh remarketing inc,22700.0,24250.0,Wed Dec 17 2014 12:15:00 GMT-0800 (PST)
2008,Dodge,Ram Pickup 1500,ST,Regular Cab,manual,1d7ha16k68j184239,California,34.0,54520.0,gray,gray,palm springs nissan,8750.0,7100.0,Thu Dec 18 2014 12:00:00 GMT-0800 (PST)
2008,chevrolet,Cobalt,LT,Sedan,other,1g1al58f687328813,California,,104234.0,silver,â,lithia chevrolet of redding,3800.0,2850.0,Wed Dec 17 2014 12:30:00 GMT-0800 (PST)
2008,buick,Enclave,CXL,SUV,automatic,5gaev23778j202370,California,,85689.0,gold,â,california auto exchange,12800.0,15500.0,Thu Dec 18 2014 12:00:00 GMT-0800 (PST)
2008,bmw,Z4,3.0i,Convertible,automatic,4usbu33508lw74272,California,35.0,106935.0,gray,black,premium auto wholesale,7900.0,9900.0,Thu Dec 18 2014 12:00:00 GMT-0800 (PST)
2008,chrysler,Pacifica,Touring,Wagon,automatic,2a8gm68x78r631202,California,38.0,114074.0,white,gray,veros credit,4725.0,3700.0,Thu Dec 18 2014 12:00:00 GMT-0800 (PST)
2009,Volkswagen,Routan,S,Minivan,automatic,2v8hw34169r595241,California,29.0,99711.0,silver,gray,coast sports cars inc,6200.0,6000.0,Wed Jan 28 2015 04:15:00 GMT-0800 (PST)
2008,Ford,F-250 Super Duty,XLT,SuperCab,automatic,1ftsx21528ed23250,California,28.0,105527.0,white,beige,remarketing by ge/ge capital solutions,13150.0,8500.0,Tue Jan 06 2015 12:00:00 GMT-0800 (PST)
2008,audi,S6,quattro,Sedan,automatic,waudn94f08n139322,California,29.0,131245.0,silver,black,bidlane llc,14750.0,17500.0,Tue Dec 16 2014 12:00:00 GMT-0800 (PST)
2008,bmw,X5,4.8i,SUV,automatic,5uxfe83528l166899,California,36.0,71100.0,black,black,ubs wholesale,18100.0,19750.0,Thu Dec 18 2014 12:30:00 GMT-0800 (PST)
2008,chrysler,300,LX,Sedan,automatic,2c3ka43r78h186722,California,19.0,1.0,white,black,wells fargo dealer services,32500.0,1300.0,Thu Mar 26 2015 04:30:00 GMT-0700 (PDT)
2008,chevrolet,Suburban,1500 LS,SUV,automatic,3gnfc16028g285930,California,38.0,91902.0,white,black,american road leasing inc,13800.0,15500.0,Wed Dec 17 2014 12:15:00 GMT-0800 (PST)
2009,Volkswagen,Rabbit,S PZEV,Hatchback,manual,wvwab71k39w021216,California,27.0,89903.0,gray,black,nextgear capital,4400.0,4800.0,Wed Dec 17 2014 12:30:00 GMT-0800 (PST)
2009,volvo,C70,T5,Convertible,automatic,yv1mc67239j076851,California,,117521.0,black,â,aaero sweet company,5550.0,10000.0,Wed Dec 17 2014 12:15:00 GMT-0800 (PST)
2008,gmc,Sierra 2500HD,SLT,Crew Cab,automatic,1gthk23658f226603,California,26.0,82034.0,white,beige,aaero sweet company,28900.0,35500.0,Thu Dec 18 2014 11:30:00 GMT-0800 (PST)
2008,chrysler,Town and Country,Limited,Minivan,automatic,2a8hr64x78r735233,California,28.0,128342.0,blue,beige,onemain rem/delta dealer,5850.0,7100.0,Wed Dec 17 2014 12:30:00 GMT-0800 (PST)
2009,Volkswagen,Jetta,SE,Sedan,automatic,3vwrm71k09m073073,California,1.0,93864.0,gray,black,vw credit,5775.0,5000.0,Tue Dec 16 2014 12:00:00 GMT-0800 (PST)
2008,Ford,Focus,SES,Sedan,manual,1fahp35n18w132249,California,28.0,139311.0,black,gray,trade in solutions,3200.0,3800.0,Tue Dec 23 2014 16:00:00 GMT-0800 (PST)
2009,volvo,C30,T5,Hatchback,automatic,yv1mk672992128271,California,25.0,83438.0,red,black,tdaf remarketing,8725.0,9000.0,Tue Dec 16 2014 12:30:00 GMT-0800 (PST)
2008,Ford,e350,club wagon xlt,,other,1fdne31l88db34238,California,4.0,109789.0,white,gray,tradewinds remarketing,8600.0,8000.0,Tue Jan 06 2015 12:00:00 GMT-0800 (PST)
2008,nissan,Armada,LE,SUV,automatic,5n1aa08d08n605865,California,23.0,96738.0,black,black,wells fargo dealer services,11550.0,12200.0,Thu Dec 18 2014 12:00:00 GMT-0800 (PST)
2008,toyota,Prius,Base,Hatchback,automatic,jtdkb20u383461768,California,27.0,84146.0,gray,gray,wells fargo dealer services,7825.0,8300.0,Thu Dec 18 2014 12:00:00 GMT-0800 (PST)
2007,bmw,3 Series,328xi,Coupe,automatic,wbawc33587pd05676,California,19.0,119085.0,black,beige,lobel financial corp,7475.0,8200.0,Wed Dec 17 2014 12:30:00 GMT-0800 (PST)
2008,saturn,VUE,XR,SUV,automatic,3gscl53788s507277,California,36.0,61213.0,blue,gray,jpmorgan chase bank n.a.,8025.0,7100.0,Thu Dec 18 2014 12:00:00 GMT-0800 (PST)
2008,maserati,GranTurismo,Base,Coupe,automatic,zamgj45a180040499,California,31.0,41225.0,charcoal,black,auto city sales/leasing,43500.0,40500.0,Thu Dec 18 2014 12:00:00 GMT-0800 (PST)
2008,pontiac,G6,GT,Sedan,automatic,1g2zh57n584220337,California,33.0,112214.0,red,black,gosch hyundai,4600.0,5300.0,Thu Dec 18 2014 12:00:00 GMT-0800 (PST)
2007,acura,TL,Type-S,Sedan,automatic,19uua76547a046561,California,35.0,92844.0,white,gray,v/m auto broker,11150.0,13300.0,Tue Dec 16 2014 12:30:00 GMT-0800 (PST)
2008,subaru,Impreza,WRX STI,Hatchback,manual,jf1gr89658l828880,California,,54343.0,red,â,champion chrysler jeep dodge,21300.0,19250.0,Thu Dec 18 2014 12:00:00 GMT-0800 (PST)
2008,toyota,Tundra,Limited,Double Cab,automatic,5tfbv58118x052051,California,45.0,45505.0,green,beige,clear view systems,25500.0,28000.0,Wed Dec 17 2014 12:30:00 GMT-0800 (PST)
2008,pontiac,G6,Base,Sedan,automatic,1g2zg57n884189149,California,27.0,108163.0,white,black,lobel financial corp,4925.0,4500.0,Wed Dec 17 2014 12:30:00 GMT-0800 (PST)
2008,mercedes-benz,S-Class,S550 4MATIC,Sedan,automatic,wddng86x18a155303,California,27.0,84778.0,black,black,caseys cars inc,23100.0,22500.0,Tue Dec 30 2014 12:30:00 GMT-0800 (PST)
2008,pontiac,Grand Prix,Base,Sedan,automatic,2g2wp552581128042,California,21.0,114272.0,black,black,delta dealer services,4200.0,3800.0,Tue Dec 23 2014 12:30:00 GMT-0800 (PST)
2008,nissan,350Z,Base,Coupe,automatic,jn1bz34d88m703415,California,38.0,38216.0,silver,black,skyhigh remarketing inc,11700.0,15000.0,Wed Dec 17 2014 12:15:00 GMT-0800 (PST)
2008,mitsubishi,Raider,LS,Double Cab,automatic,1z7hc28k98s588027,California,34.0,54497.0,black,black,remarketing by ge/flagship credit acceptance,9500.0,10750.0,Tue Dec 16 2014 12:00:00 GMT-0800 (PST)
2008,mazda,Mazdaspeed Mazda3,Grand Touring,Hatchback,manual,jm1bk34l881871923,California,19.0,75248.0,gray,gray,wells fargo dealer services,7775.0,9900.0,Thu Dec 18 2014 12:00:00 GMT-0800 (PST)
2008,pontiac,Solstice,Base,Convertible,manual,1g2mb35bx8y127475,California,3.0,65475.0,red,gray,remarketing by ge/chase lease remarketing co,6700.0,6600.0,Wed Dec 17 2014 12:30:00 GMT-0800 (PST)
2007,bmw,5 Series,525i,Sedan,automatic,wbane53527cw61739,California,,110166.0,black,â,james family auto sales,8125.0,7400.0,Thu Dec 18 2014 12:00:00 GMT-0800 (PST)
2008,kia,Spectra,LX,Sedan,automatic,knafe122085564842,California,28.0,103027.0,blue,gray,santander consumer,2150.0,3900.0,Thu Dec 18 2014 12:00:00 GMT-0800 (PST)
2007,audi,A4,2.0T quattro,Sedan,automatic,wauef78e27a122695,California,3.0,107106.0,red,black,high bid trading co inc,6675.0,7100.0,Wed Dec 17 2014 12:15:00 GMT-0800 (PST)
2008,nissan,Pathfinder,LE,SUV,automatic,5n1ar18b88c629744,California,35.0,127993.0,brown,brown,onemain rem/delta dealer,8150.0,8700.0,Wed Dec 17 2014 12:30:00 GMT-0800 (PST)
2008,mercury,Milan,Premier,Sedan,automatic,3mehm081x8r649013,California,19.0,68929.0,black,black,hornburg jaguar,7025.0,6400.0,Wed Dec 17 2014 12:15:00 GMT-0800 (PST)
2008,mercedes-benz,G-Class,G500,SUV,automatic,wdcyr49e88x176922,California,4.0,91680.0,black,black,unique auto brokerage,43700.0,43250.0,Thu Dec 18 2014 12:30:00 GMT-0800 (PST)
2008,lexus,GX 470,Base,SUV,automatic,jtjbt20x580160960,California,43.0,48297.0,gold,beige,desert auto trade,23000.0,26750.0,Tue Dec 16 2014 12:30:00 GMT-0800 (PST)
2008,saturn,Aura,XE,Sedan,automatic,1g8zs57n78f252170,California,,150283.0,black,â,skyhigh remarketing inc,2175.0,3500.0,Wed Dec 17 2014 12:30:00 GMT-0800 (PST)
2008,lexus,RX 400h,Base,SUV,automatic,jtjgw31u682009105,California,21.0,83658.0,gray,gray,pacific porsche,16100.0,12800.0,Wed Dec 17 2014 12:30:00 GMT-0800 (PST)
2008,volvo,XC90,3.2 Special Edition,SUV,automatic,yv4cz982681418563,California,28.0,85840.0,black,black,elad motors,10500.0,10750.0,Tue Dec 23 2014 12:30:00 GMT-0800 (PST)
2008,toyota,Matrix,XR,Hatchback,manual,2t1kr32e68c705573,California,,111481.0,gray,gray,kearny pearson kia,5550.0,6000.0,Wed Dec 17 2014 12:30:00 GMT-0800 (PST)
2008,pontiac,G6,GXP,Sedan,automatic,1g2zm577384203744,California,37.0,96070.0,white,black,melody toyota,6900.0,6000.0,Wed Dec 17 2014 12:30:00 GMT-0800 (PST)
2008,toyota,Tundra,SR5,CrewMax Cab,automatic,5tfdv54128x037850,California,34.0,59003.0,blue,gray,tom griffiths autos wholesale,19350.0,22500.0,Tue Dec 16 2014 12:30:00 GMT-0800 (PST)
2007,audi,A8,quattro,Sedan,automatic,waulv44e27n015153,California,27.0,97059.0,silver,gray,lease remarketing services inc,12650.0,12500.0,Wed Dec 17 2014 12:30:00 GMT-0800 (PST)
2008,honda,Ridgeline,RTS,Crew Cab,automatic,2hjyk16408h516570,California,2.0,46068.0,black,gray,honda of santa maria,14600.0,14500.0,Thu Jan 08 2015 12:00:00 GMT-0800 (PST)
2008,nissan,Armada,SE,SUV,automatic,5n1aa08d18n609391,California,29.0,107973.0,white,beige,santander consumer,10450.0,11200.0,Thu Dec 18 2014 12:00:00 GMT-0800 (PST)
2008,nissan,Titan,SE,Crew Cab,automatic,1n6aa07d18n312947,California,,82634.0,white,â,g n l auto inc,11000.0,11000.0,Thu Dec 18 2014 12:00:00 GMT-0800 (PST)
2008,hummer,H3,Base,SUV,automatic,5gten13e588135632,California,48.0,91132.0,black,beige,apexcars net,11950.0,15300.0,Wed Dec 17 2014 12:30:00 GMT-0800 (PST)
2008,mercedes-benz,CL-Class,CL550,Coupe,automatic,wddej71x78a016960,California,44.0,64251.0,black,tan,autobahnd,30500.0,30000.0,Tue Jan 06 2015 12:30:00 GMT-0800 (PST)
2008,mazda,Mazda5,Grand Touring,Minivan,automatic,jm1cr29l480301684,California,31.0,80058.0,gray,black,mckenna volks,5550.0,7800.0,Wed Dec 17 2014 12:30:00 GMT-0800 (PST)
2008,saturn,Outlook,XE,SUV,automatic,5gzev13738j178818,California,27.0,97468.0,gray,black,acura of serramonte,7350.0,6600.0,Wed Dec 17 2014 12:30:00 GMT-0800 (PST)
2007,bmw,7,series b7 alpina,,automatic,wbahl83577dt89235,California,28.0,97470.0,black,black,best auto wholesale,18350.0,17100.0,Thu Dec 18 2014 12:00:00 GMT-0800 (PST)
2008,infiniti,G37,Journey,Coupe,automatic,jnkcv64e08m126966,California,36.0,45769.0,gray,black,land rover san jose,14850.0,16750.0,Tue Dec 16 2014 12:30:00 GMT-0800 (PST)
2007,bmw,5 Series,530i,Sedan,automatic,wbane73577cm57336,California,,109278.0,black,â,beverly hills bmw,8800.0,7500.0,Thu Dec 18 2014 12:00:00 GMT-0800 (PST)
2008,lexus,IS F,Base,Sedan,automatic,jthbp262985001721,California,44.0,97001.0,black,black,aaero sweet company,23100.0,25500.0,Wed Dec 17 2014 12:15:00 GMT-0800 (PST)
2008,nissan,Pathfinder,SE,SUV,automatic,5n1ar18u28c628218,California,,72888.0,white,tan,kearny mesa hyundai subaru,10550.0,10750.0,Wed Dec 17 2014 12:30:00 GMT-0800 (PST)
2008,Volkswagen,Touareg 2,VR6 FSI,SUV,automatic,wvgbe77l18d044558,California,19.0,75901.0,burgundy,gray,jpmorgan chase bank n.a.,11400.0,3000.0,Thu Dec 18 2014 12:30:00 GMT-0800 (PST)
2008,mitsubishi,Lancer Evolution,GSR,Sedan,manual,ja3aw86v88u049969,California,42.0,41022.0,white,black,penegon mission viejo inc,20800.0,20500.0,Tue Dec 16 2014 12:30:00 GMT-0800 (PST)
2008,infiniti,G35,Base,Sedan,automatic,jnkbv61ex8m223222,California,35.0,69957.0,gray,gray,aaero sweet company,12300.0,12250.0,Wed Dec 17 2014 12:15:00 GMT-0800 (PST)
2008,toyota,Sienna,LE 7-Passenger,Minivan,automatic,5tdzk23c98s187394,California,32.0,70815.0,beige,gray,newport coast auto com,8200.0,11100.0,Wed Dec 17 2014 12:30:00 GMT-0800 (PST)
2008,jeep,Wrangler,Unlimited X,SUV,automatic,1j4ga391x8l620657,California,24.0,117115.0,blue,gray,wells fargo dealer services,13850.0,13100.0,Thu Dec 18 2014 12:00:00 GMT-0800 (PST)
2008,nissan,Maxima,3.5 SL,Sedan,automatic,1n4ba41e18c835631,California,24.0,75118.0,silver,gray,kia of cerritos,8800.0,8500.0,Tue Dec 16 2014 12:30:00 GMT-0800 (PST)
2008,scion,xD,Base,Hatchback,automatic,jtkku10468j031497,California,35.0,108418.0,orange,black,hoehn motors inc,5150.0,7200.0,Wed Dec 17 2014 12:30:00 GMT-0800 (PST)
2008,Volkswagen,Passat,VR6,Sedan,automatic,wvwcu73cx8e191439,California,3.0,70972.0,black,beige,volkswagen santa monica,8725.0,6800.0,Wed Dec 17 2014 12:30:00 GMT-0800 (PST)
2008,toyota,Avalon,Touring,Sedan,automatic,4t1bk36b78u271179,California,29.0,140464.0,blue,black,toyota scion of downtown la,6075.0,5100.0,Wed Jan 07 2015 12:30:00 GMT-0800 (PST)
2008,jaguar,XJ-Series,XJ8 L,Sedan,automatic,sajwa79b48sh20488,California,25.0,101394.0,gray,gray,rusnak pasadena jaguar sterling pasadena,12500.0,13000.0,Thu Dec 18 2014 12:00:00 GMT-0800 (PST)
2008,pontiac,G8,GT,Sedan,other,6g2ec57y08l126494,California,,113251.0,black,â,walters auto sales/service inc,9675.0,10100.0,Tue Dec 16 2014 12:30:00 GMT-0800 (PST)
2007,audi,A4,3.2 quattro,Convertible,automatic,waudh48h37k027314,California,31.0,70984.0,black,black,myrddin fleet services,11050.0,8100.0,Wed Dec 17 2014 12:30:00 GMT-0800 (PST)
2007,hyundai,Elantra,SE SULEV,Sedan,automatic,kmhdu46d27u245663,California,,79813.0,silver,gray,david wilsons ford of orange,4275.0,5500.0,Wed Dec 17 2014 13:00:00 GMT-0800 (PST)
2007,cadillac,STS,V6,Sedan,automatic,1g6dw677670127788,California,34.0,118397.0,white,beige,motor city lexus of bakersfield,6350.0,7000.0,Tue Dec 16 2014 12:30:00 GMT-0800 (PST)
2007,Ford,F-150,King Ranch,SuperCrew,automatic,1ftpw14v47kd19568,California,19.0,123424.0,brown,brown,the car exchange,12800.0,11400.0,Wed Dec 17 2014 12:30:00 GMT-0800 (PST)
2007,chevrolet,Cobalt,SS,Coupe,manual,1g1ap15p177200102,California,26.0,94385.0,yellow,black,century dealer services corp,5025.0,5500.0,Wed Dec 31 2014 12:15:00 GMT-0800 (PST)
2007,chevrolet,hhr,lt,,automatic,3gnda23d27s587224,California,36.0,115972.0,silver,black,gm financial,3875.0,4100.0,Wed Dec 17 2014 12:30:00 GMT-0800 (PST)
2007,gmc,Yukon,SLE,SUV,automatic,1gkfc13j47r132930,California,43.0,105992.0,gray,black,aaero sweet company,14000.0,16000.0,Wed Dec 17 2014 12:15:00 GMT-0800 (PST)
2007,Ford,Focus,ZX3 S,Hatchback,manual,1fafp31n57w233628,California,29.0,77074.0,black,gray,auto desert,3900.0,3100.0,Thu Feb 05 2015 04:00:00 GMT-0800 (PST)
2007,Dodge,Caliber,R/T,Wagon,automatic,1b3he78k67d538158,California,,163407.0,orange,â,champion chrysler jeep dodge,2650.0,2400.0,Thu Dec 18 2014 12:00:00 GMT-0800 (PST)
2007,hummer,H2,Base,SUV,automatic,5grgn23u77h106837,California,34.0,113538.0,black,black,claremont volkswagen,20500.0,22250.0,Thu Dec 18 2014 12:00:00 GMT-0800 (PST)
2007,Ford,Mustang,Deluxe,Coupe,automatic,1zvht80n975324627,California,,104245.0,blue,â,action auction llc,6400.0,7600.0,Wed Dec 17 2014 12:30:00 GMT-0800 (PST)
2007,cadillac,DTS,Base,Sedan,automatic,1g6kd57y77u187751,California,23.0,96723.0,black,black,jpmorgan chase bank n.a.,6425.0,5600.0,Thu Dec 18 2014 12:00:00 GMT-0800 (PST)
2007,cadillac,Escalade ESV,Base,SUV,automatic,1gyfk66827r208451,California,36.0,107589.0,unknown,black,clear view systems,17750.0,21750.0,Tue Dec 16 2014 12:30:00 GMT-0800 (PST)
2007,landrover,lr3,v8 se,,automatic,salae25487a427257,California,45.0,108990.0,white,black,skyhigh remarketing inc,10350.0,13000.0,Wed Dec 17 2014 12:15:00 GMT-0800 (PST)
2007,gmc,Sierra 1500,Work Truck,Extended Cab,automatic,2gtec19j371575772,California,35.0,138061.0,red,black,california auto exchange,7750.0,10800.0,Wed Dec 17 2014 12:30:00 GMT-0800 (PST)
2007,cadillac,sts,v8,,automatic,1g6dc67a870195580,California,32.0,174112.0,silver,black,nationwide motor vehicles,4575.0,3750.0,Wed Dec 17 2014 12:30:00 GMT-0800 (PST)
2007,chrysler,PT Cruiser,Touring,Wagon,automatic,3a4fy58b97t596366,California,19.0,90376.0,yellow,gray,lincoln financial services,2275.0,1850.0,Wed Dec 17 2014 12:30:00 GMT-0800 (PST)
2007,cadillac,SRX,V6,SUV,automatic,1gyee637270129848,California,29.0,73919.0,gray,gray,exeter finance corp,9275.0,7400.0,Thu Dec 18 2014 12:00:00 GMT-0800 (PST)
2007,chevrolet,Silverado 1500 Classic,LS,Extended Cab,automatic,1gcec19v97z203900,California,,244669.0,white,â,care fox autowhole sale,1600.0,3550.0,Wed Dec 17 2014 11:30:00 GMT-0800 (PST)
2007,Ford,Focus,ZX4 SE,Sedan,manual,1fafp34n37w283360,California,,112646.0,red,â,concord toyota,3100.0,2900.0,Wed Dec 17 2014 12:30:00 GMT-0800 (PST)
2007,chevrolet,Silverado 1500 Classic,LS2,Crew Cab,other,2gcec13v571159301,California,,76412.0,gray,â,walters auto sales/service inc,13500.0,13750.0,Tue Dec 16 2014 12:30:00 GMT-0800 (PST)
2007,jeep,Commander,Sport,SUV,automatic,1j8hg48k07c562588,California,28.0,109660.0,red,black,onemain rem/delta dealer,6425.0,7000.0,Wed Dec 17 2014 12:30:00 GMT-0800 (PST)
2007,kia,Spectra,SX,Sedan,automatic,knafe122075406449,California,19.0,128466.0,silver,gray,santander consumer,1525.0,750.0,Thu Dec 18 2014 12:00:00 GMT-0800 (PST)
2007,chrysler,Pacifica,Base,Wagon,automatic,2a8gm48l17r328772,California,29.0,96054.0,red,gray,coast acceptance corp,4400.0,3600.0,Thu Dec 18 2014 12:00:00 GMT-0800 (PST)
2007,infiniti,M45,Sport,Sedan,automatic,jnkby01ex7m401150,California,38.0,112200.0,black,black,premium auto wholesale,12100.0,11700.0,Thu Dec 18 2014 12:00:00 GMT-0800 (PST)
2007,chevrolet,Uplander,Cargo,Minivan,automatic,1gndv13137d139935,California,26.0,30539.0,white,gray,price motor sales,4775.0,4300.0,Tue Dec 16 2014 12:30:00 GMT-0800 (PST)
2007,lexus,GS 450h,Base,Sedan,automatic,jthbc96s475006201,California,34.0,109910.0,gray,black,high bid trading co inc,12350.0,12300.0,Wed Dec 17 2014 12:15:00 GMT-0800 (PST)
2007,Dodge,Magnum,SE,Wagon,automatic,2d4fv47t97h647542,California,23.0,148825.0,white,black,jpmorgan chase bank n.a.,3375.0,3100.0,Thu Dec 18 2014 12:00:00 GMT-0800 (PST)
2007,jeep,Commander,Overland,SUV,automatic,1j8hh68247c599782,California,39.0,88470.0,silver,gray,exeter finance corp,11800.0,12250.0,Thu Dec 18 2014 12:00:00 GMT-0800 (PST)
2007,chevrolet,Silverado 1500 Classic,LT3,Crew Cab,automatic,2gcek13z271169533,California,29.0,158421.0,white,gray,tradewinds remarketing,9900.0,9300.0,Wed Dec 17 2014 12:30:00 GMT-0800 (PST)
2007,Ford,Expedition,XLT,SUV,automatic,1fmfu15537la61646,California,31.0,147648.0,gray,black,rancho ford,5925.0,6700.0,Thu Dec 18 2014 12:00:00 GMT-0800 (PST)
2007,infiniti,G35,Journey,Sedan,other,jnkbv61ex7m717093,California,23.0,169940.0,blue,gray,infiniti financial services,6650.0,5250.0,Tue Dec 16 2014 12:30:00 GMT-0800 (PST)
2007,Dodge,Caliber,Base,Wagon,automatic,1b3hb28b67d525373,California,19.0,107515.0,gray,black,800 loan mart,3300.0,2500.0,Thu Dec 18 2014 12:00:00 GMT-0800 (PST)
2007,chrysler,PT Cruiser,Limited,Wagon,automatic,3a8fy68b67t587953,California,,144005.0,blue,â,california fleet inc,1425.0,1600.0,Thu Dec 18 2014 12:00:00 GMT-0800 (PST)
2007,landrover,rangerover,sport s/c,,automatic,salsh23487a990985,California,34.0,118666.0,black,black,onemain rem/master car center,14150.0,16500.0,Wed Dec 17 2014 12:30:00 GMT-0800 (PST)
2007,buick,Rendezvous,CX,SUV,automatic,3g5da03l67s508973,California,21.0,131409.0,silver,gray,veros credit,3425.0,2300.0,Thu Dec 18 2014 12:00:00 GMT-0800 (PST)
2007,jeep,Liberty,Limited,SUV,other,1j4gk58k87w509282,California,31.0,141485.0,white,gray,gm financial,4175.0,4100.0,Wed Dec 17 2014 12:30:00 GMT-0800 (PST)
2007,buick,Rendezvous,CXL,SUV,automatic,3g5da03l47s500077,California,19.0,85303.0,white,beige,santander consumer,6325.0,6000.0,Thu Dec 18 2014 12:00:00 GMT-0800 (PST)
2007,chrysler,Town and Country,Base,Minivan,automatic,1a4gj45r37b113329,California,,34949.0,blue,â,detroit west auto wholesale,4050.0,4650.0,Wed Dec 17 2014 12:30:00 GMT-0800 (PST)
2007,gmc,Acadia,SLE-1,SUV,automatic,1gker13787j110717,California,29.0,97046.0,gray,silver,chaser inc,9000.0,10100.0,Wed Dec 17 2014 12:30:00 GMT-0800 (PST)
2007,chevrolet,Monte Carlo,LT,Coupe,other,2g1wk15k279400283,California,31.0,92320.0,silver,gray,santander consumer,4800.0,5800.0,Thu Dec 18 2014 12:00:00 GMT-0800 (PST)
2007,Ford,Ranger,SPORT,Regular Cab,automatic,1ftyr10ux7pa06231,California,26.0,64042.0,white,gray,northwestern chrys/j/d/ge,6175.0,5900.0,Tue Dec 23 2014 12:30:00 GMT-0800 (PST)
2007,Ford,Taurus,SEL Fleet,Sedan,automatic,1fafp56u97a172552,California,36.0,100202.0,silver,gray,wholesale enterprise inc,3100.0,4700.0,Tue Dec 16 2014 12:30:00 GMT-0800 (PST)
2007,infiniti,FX35,Base,SUV,automatic,jnras08u07x100641,California,25.0,112101.0,brown,black,luxury cars inc,10650.0,11000.0,Tue Dec 16 2014 12:30:00 GMT-0800 (PST)
2007,chevrolet,Avalanche,LS,Crew Cab,automatic,3gnek123x7g107972,California,,151456.0,gray,â,melody toyota,11300.0,9000.0,Wed Dec 17 2014 12:30:00 GMT-0800 (PST)
2007,hyundai,Tucson,SE,SUV,other,km8jn12d47u473698,California,,97641.0,blue,â,champion chrysler jeep dodge,5100.0,3800.0,Thu Dec 18 2014 12:00:00 GMT-0800 (PST)
2007,gmc,Yukon XL,SLE 1500,SUV,automatic,1gkfk16337r189040,California,,127869.0,black,â,honda of serramonte,11550.0,9700.0,Wed Dec 17 2014 12:30:00 GMT-0800 (PST)
2007,kia,Rondo,EX,Wagon,automatic,knafg525177096490,California,21.0,122358.0,red,beige,time finance co,3000.0,2700.0,Wed Dec 17 2014 12:05:00 GMT-0800 (PST)
2007,land rover,range,rover sport,,other,salsk25497a987981,California,,144431.0,black,â,premium auto group llc,15350.0,16250.0,Tue Dec 16 2014 12:30:00 GMT-0800 (PST)
2007,saturn,ION,2,Sedan,manual,1g8az55f37z104387,California,24.0,90431.0,black,gray,wells fargo dealer services,3200.0,1400.0,Thu Dec 18 2014 12:00:00 GMT-0800 (PST)
2007,saturn,VUE,Base,SUV,automatic,5gzcz53437s847669,California,19.0,79436.0,gray,gray,rancho ford,5150.0,1700.0,Thu Jan 08 2015 12:00:00 GMT-0800 (PST)
2007,mercedes-benz,R-Class,R350,Wagon,automatic,4jgcb65e37a045643,California,46.0,122458.0,white,gray,the car exchange,7450.0,9000.0,Wed Dec 17 2014 12:30:00 GMT-0800 (PST)
2007,mercedes-benz,CLK-Class,CLK350,Coupe,automatic,wdbtj56h57f215836,California,29.0,114104.0,silver,silver,san diego sports cars,7725.0,7300.0,Wed Jan 14 2015 04:15:00 GMT-0800 (PST)
2007,mitsubishi,lancer,es,,automatic,ja3aj26e07u017589,California,19.0,16822.0,red,gray,wells fargo financial acceptance,3150.0,4900.0,Thu Dec 18 2014 12:00:00 GMT-0800 (PST)
2007,saturn,Aura,XR,Sedan,other,1g8zv57717f130086,California,,184271.0,black,â,sampson wholesale dealership,1300.0,2200.0,Tue Dec 16 2014 12:00:00 GMT-0800 (PST)
2007,mitsubishi,Eclipse,GS,Hatchback,automatic,4a3ak24f27e022097,California,27.0,98131.0,gray,black,gm financial,4725.0,4800.0,Wed Dec 17 2014 12:30:00 GMT-0800 (PST)
2006,bmw,3 Series,325i,Sedan,automatic,wbavb13506kx35312,California,36.0,124150.0,black,black,felix chevrolet & cadillac,5925.0,6000.0,Wed Dec 17 2014 12:15:00 GMT-0800 (PST)
2007,toyota,Camry,SE V6,Sedan,automatic,4t1bk46k97u018000,California,38.0,147370.0,silver,black,cabe toyota,7325.0,7000.0,Wed Dec 17 2014 12:30:00 GMT-0800 (PST)
2007,Volkswagen,Jetta,2.5,Sedan,automatic,3vwrf71k17m119713,California,19.0,115622.0,silver,black,cig financial,3700.0,3300.0,Wed Dec 17 2014 12:30:00 GMT-0800 (PST)
2006,audi,A6,3.2,Sedan,automatic,wauah74f46n121983,California,3.0,114685.0,blue,brown,buena park honda,6175.0,2800.0,Tue Dec 16 2014 13:00:00 GMT-0800 (PST)
2007,toyota,Yaris,Base,Sedan,automatic,jtdbt923471125891,California,29.0,111836.0,blue,gray,guard auto sales,4175.0,5600.0,Wed Dec 17 2014 12:30:00 GMT-0800 (PST)
2007,mazda,cx-7,gr tourawd,,automatic,jm3er293270102647,California,2.0,134913.0,silver,black,diablo subaru of walnut creek,3625.0,2500.0,Wed Jan 14 2015 07:10:00 GMT-0800 (PST)
2007,Volkswagen,Passat,2.0T,Wagon,automatic,wvwlk73c47e076890,California,34.0,68505.0,black,black,hertz remarketing,5850.0,5600.0,Thu Jan 08 2015 12:00:00 GMT-0800 (PST)
2007,Volkswagen,Jetta,2.5 PZEV,Sedan,automatic,3vwpg71k67m029087,California,33.0,102302.0,gray,gray,billion dodge chrysler jeep,4150.0,5200.0,Wed Dec 17 2014 12:30:00 GMT-0800 (PST)
2007,nissan,Maxima,3.5 SE,Sedan,automatic,1n4ba41e57c818927,California,,97092.0,unknown,,wells fargo dealer services,6500.0,3800.0,Tue Dec 16 2014 13:00:00 GMT-0800 (PST)
2006,bmw,3 Series,325xi,Sedan,automatic,wbavd13556kv08241,California,,109144.0,black,â,premier chevrolet of buena park,6725.0,6700.0,Thu Dec 18 2014 12:00:00 GMT-0800 (PST)
2007,subaru,B9 Tribeca,Limited 7-Passenger,SUV,other,4s4wx86d074411962,California,,86248.0,green,â,nice car,9900.0,11000.0,Thu Dec 18 2014 12:00:00 GMT-0800 (PST)
2007,nissan,Titan,XE,King Cab,automatic,1n6aa06a67n239550,California,28.0,116107.0,green,green,veros credit,7100.0,6700.0,Wed Dec 17 2014 12:30:00 GMT-0800 (PST)
2007,toyota,Camry,CE,Sedan,automatic,4t1be46k37u553623,California,28.0,94437.0,white,gray,sullivan luxury cars llc,6750.0,7400.0,Wed Dec 17 2014 12:30:00 GMT-0800 (PST)
2007,Lincoln,Navigator,Luxury,SUV,automatic,5lmfu28537lj10925,California,29.0,107836.0,black,black,hornburg jaguar,11450.0,10100.0,Wed Dec 17 2014 12:15:00 GMT-0800 (PST)
2006,audi,A4,1.8T,Convertible,automatic,wauac48h96k003325,California,32.0,60586.0,gray,gray,coastal credit llc / jacksonville / orange park,8375.0,5600.0,Wed Jan 14 2015 04:30:00 GMT-0800 (PST)
2007,volvo,V50,2.4i,Wagon,automatic,yv1mw390x72327065,California,43.0,97277.0,silver,black,hertz remarketing,6600.0,5000.0,Thu Feb 05 2015 04:00:00 GMT-0800 (PST)
2007,nissan,Frontier,Nismo,King Cab,automatic,1n6ad06wx7c413957,California,26.0,154314.0,white,black,coast sports cars inc,4500.0,6100.0,Wed Jan 14 2015 04:15:00 GMT-0800 (PST)
2006,bmw,3 Series,330i,Sedan,automatic,wbavb33586ks36415,California,24.0,117803.0,silver,black,wells fargo dealer services,7300.0,6600.0,Thu Dec 18 2014 12:00:00 GMT-0800 (PST)
2007,toyota,tundra,4x2 v8 sr5,,automatic,5tbrt54167s450279,California,41.0,100737.0,red,black,aaero sweet company,12400.0,14600.0,Thu Dec 18 2014 11:30:00 GMT-0800 (PST)
2007,Volkswagen,New Beetle,2.5 PZEV,Hatchback,automatic,3vwpg31cx7m505584,California,29.0,95772.0,blue,gray,san diego auto finder,3475.0,3300.0,Tue Dec 23 2014 16:00:00 GMT-0800 (PST)
2007,subaru,Impreza,WRX Limited,Sedan,manual,jf1gd74687g518245,California,27.0,61246.0,gray,gray,jpmorgan chase bank n.a.,10650.0,13400.0,Thu Dec 18 2014 12:00:00 GMT-0800 (PST)
2007,toyota,Corolla,CE,Sedan,other,1nxbr32e57z818945,California,19.0,135878.0,green,gray,800 loan mart,4875.0,2500.0,Thu Dec 18 2014 12:00:00 GMT-0800 (PST)
2007,pontiac,Solstice,GXP,Convertible,automatic,1g2mg35x37y137230,California,,68567.0,white,â,marios auto wholesale,6050.0,7500.0,Wed Dec 17 2014 12:30:00 GMT-0800 (PST)
2006,acura,MDX,Touring,SUV,automatic,2hnyd186x6h542582,California,23.0,145706.0,black,black,first credit finance,7250.0,5600.0,Wed Dec 17 2014 12:30:00 GMT-0800 (PST)
2006,bmw,5 Series,530xi,Wagon,automatic,wbann735x6cn02848,California,41.0,76377.0,black,brown,east bay bmw,10350.0,7700.0,Wed Dec 17 2014 15:10:00 GMT-0800 (PST)
2006,acura,RSX,Base,Hatchback,automatic,jh4dc54816s005533,California,19.0,151841.0,black,black,california auto finance,3625.0,3300.0,Wed Dec 17 2014 12:30:00 GMT-0800 (PST)
2007,mazda,mazda5,touring,,automatic,jm1cr29l570143726,California,19.0,115872.0,silver,burgundy,a l financial corporation,3700.0,2800.0,Wed Dec 31 2014 12:30:00 GMT-0800 (PST)
2007,Volkswagen,Jetta,Wolfsburg Edition,Sedan,automatic,3vwef71k47m180519,California,1.0,85270.0,white,beige,vw credit,4975.0,5000.0,Tue Dec 16 2014 12:00:00 GMT-0800 (PST)
2007,Volkswagen,Rabbit,PZEV,Hatchback,automatic,wvwbs71k27w204737,California,,150741.0,white,â,cherry motors,3225.0,3300.0,Wed Dec 17 2014 12:30:00 GMT-0800 (PST)
2007,pontiac,G6,Value Leader,Sedan,automatic,1g2zf58b174252999,California,34.0,118144.0,blue,black,aaero sweet company,3925.0,3200.0,Wed Dec 17 2014 11:30:00 GMT-0800 (PST)
2007,toyota,Avalon,XLS,Sedan,automatic,4t1bk36b67u203390,California,23.0,142660.0,silver,silver,executive enterprises auto wholesale inc,6725.0,7000.0,Wed Dec 17 2014 12:30:00 GMT-0800 (PST)
2007,mercury,Mariner,Luxury,SUV,other,4m2cu81157kj01552,California,4.0,62886.0,gray,gray,santander consumer,7325.0,7100.0,Thu Dec 18 2014 12:00:00 GMT-0800 (PST)
2007,mercury,Milan,Base,Sedan,automatic,3mehm07z57r605765,California,21.0,143418.0,black,black,newport acceptance corp,2225.0,1500.0,Wed Dec 17 2014 12:05:00 GMT-0800 (PST)
2007,Volkswagen,Jetta,Base PZEV,Sedan,automatic,3vwgg71k27m010147,California,23.0,84155.0,white,black,santander consumer,4825.0,5000.0,Thu Dec 18 2014 12:00:00 GMT-0800 (PST)
2007,lexus,gx,470,,automatic,jtjbt20x970131430,California,44.0,86184.0,green,beige,porsche of downtown la,17000.0,17750.0,Thu Dec 18 2014 12:30:00 GMT-0800 (PST)
2006,gmc,Yukon XL,SL 1500,SUV,automatic,1gkec16z86j170963,California,32.0,121488.0,white,gray,premium auto wholesale,7700.0,5500.0,Thu Jan 15 2015 04:00:00 GMT-0800 (PST)
2006,jeep,Commander,Base,SUV,automatic,1j8hh48n96c175740,California,39.0,92858.0,white,black,symbolic motor cars,7625.0,8000.0,Tue Dec 16 2014 12:30:00 GMT-0800 (PST)
2006,Ford,Focus,ZX4 SES,Sedan,automatic,1fafp34n86w219913,California,,109174.0,blue,gray,palm springs nissan,2950.0,2200.0,Thu Dec 18 2014 12:00:00 GMT-0800 (PST)
2006,gmc,Sierra 1500,SLE1,Crew Cab,automatic,2gtec13tx61140093,California,19.0,225462.0,white,beige,walters auto sales/service inc,6500.0,4700.0,Tue Dec 16 2014 12:30:00 GMT-0800 (PST)
2006,Ford,F-350 Super Duty,XL,SuperCab,automatic,1ftwx31546ed89304,California,46.0,29554.0,white,gray,clear view systems,9725.0,17250.0,Tue Dec 16 2014 12:30:00 GMT-0800 (PST)
2006,chevrolet,Malibu,SS,Sedan,automatic,1g1zw53136f165921,California,26.0,125368.0,silver,black,lobel financial corp,4050.0,2300.0,Wed Dec 17 2014 12:30:00 GMT-0800 (PST)
2006,Ford,Five Hundred,SE,Sedan,automatic,1fafp23166g177924,California,33.0,74022.0,silver,gray,nvp remarketing,3450.0,5000.0,Tue Dec 16 2014 12:00:00 GMT-0800 (PST)
2006,hyundai,Azera,Limited,Sedan,other,kmhfc46f06a061139,California,,123961.0,silver,â,win hyundai carson,4350.0,3900.0,Tue Dec 16 2014 12:30:00 GMT-0800 (PST)
2006,infiniti,M45,Base,Sedan,automatic,jnkby01e86m203214,California,2.0,99558.0,silver,black,navy fcu,9700.0,4200.0,Wed Dec 17 2014 11:00:00 GMT-0800 (PST)
2006,gmc,Envoy XL,SLE,SUV,automatic,1gkes16s766153550,California,21.0,74290.0,black,gray,exeter finance corp,6700.0,5500.0,Thu Dec 18 2014 12:00:00 GMT-0800 (PST)
2006,chevrolet,Express Cargo,3500,Van,automatic,1gchg39u661139252,California,1.0,1.0,white,gray,enterprise fm exchange/tra/lease,8675.0,1000.0,Tue Dec 16 2014 13:00:00 GMT-0800 (PST)
2006,jaguar,S-Type,3,Sedan,automatic,sajwa01a96fn57219,California,2.0,123814.0,black,beige,redline remarketing,3000.0,2900.0,Wed Dec 17 2014 12:05:00 GMT-0800 (PST)
2006,chevrolet,Aveo,LT,Hatchback,automatic,kl1tg66636b664725,California,19.0,107469.0,red,gray,time finance co,2250.0,1300.0,Wed Dec 31 2014 12:05:00 GMT-0800 (PST)
2006,Ford,Expedition,Eddie Bauer,SUV,automatic,1fmfu17576la88800,California,25.0,165977.0,burgundy,beige,motor city lexus of bakersfield,3825.0,3100.0,Tue Dec 16 2014 12:30:00 GMT-0800 (PST)
2006,hyundai,Sonata,LX,Sedan,automatic,5npeu46f36h026732,California,,102797.0,silver,â,honda of hayward,4175.0,3600.0,Wed Dec 17 2014 12:30:00 GMT-0800 (PST)
2006,Dodge,Ram Pickup 1500,Laramie,Quad Cab,automatic,1d7ha18n26j144020,California,19.0,114246.0,blue,silver,mas financial services,7325.0,5300.0,Wed Dec 31 2014 12:05:00 GMT-0800 (PST)
2006,chevrolet,Silverado 1500,LT3,Crew Cab,automatic,2gcec13t561216996,California,35.0,80566.0,gray,gray,aaero sweet company,12550.0,13700.0,Thu Dec 18 2014 11:30:00 GMT-0800 (PST)
2006,Dodge,Durango,SLT,SUV,automatic,1d4hd48nx6f117463,California,24.0,93109.0,blue,gray,veros credit,5850.0,4500.0,Wed Dec 17 2014 12:30:00 GMT-0800 (PST)
2006,chevrolet,Suburban,LS 1500,SUV,automatic,1gnec16z26j123785,California,19.0,90174.0,blue,beige,cig financial,7275.0,6100.0,Wed Dec 17 2014 12:30:00 GMT-0800 (PST)
2006,chevrolet,Silverado 1500,LS2,Crew Cab,automatic,2gcec13v261286585,California,36.0,127478.0,white,gray,california republic bank,7525.0,8000.0,Wed Dec 17 2014 12:30:00 GMT-0800 (PST)
2006,honda,Element,EX-P,SUV,automatic,5j6yh18786l002048,California,,218428.0,blue,â,honda of serramonte,3575.0,4400.0,Wed Dec 17 2014 12:30:00 GMT-0800 (PST)
2006,bmw,X3,3.0i,SUV,automatic,wbxpa93426wg84494,California,39.0,97564.0,black,black,high bid trading co inc,8475.0,7600.0,Wed Dec 17 2014 12:15:00 GMT-0800 (PST)
2006,landrover,lr3,v8 hse,,automatic,salag25406a361781,California,19.0,106133.0,gray,black,gm financial,8900.0,7000.0,Wed Dec 31 2014 12:30:00 GMT-0800 (PST)
2006,bentley,Continental Flying Spur,Base,Sedan,automatic,scbbr53w96c036212,California,39.0,15909.0,blue,tan,fratelli investment group,52600.0,57250.0,Thu Dec 18 2014 12:00:00 GMT-0800 (PST)
2006,honda,S2000,Base,Convertible,manual,jhmap21486s000725,California,36.0,45509.0,blue,black,wells fargo dealer services,16350.0,17300.0,Thu Dec 18 2014 12:00:00 GMT-0800 (PST)
2006,honda,CR-V,Special Edition,SUV,automatic,jhlrd78906c060538,California,27.0,96743.0,white,tan,ecars,8175.0,10200.0,Tue Dec 16 2014 12:30:00 GMT-0800 (PST)
2006,chevrolet,Silverado 2500HD,LT3,Crew Cab,automatic,1gchk23266f131221,California,19.0,160509.0,white,black,premium auto wholesale,16000.0,13100.0,Thu Dec 18 2014 12:00:00 GMT-0800 (PST)
2006,Dodge,Grand Caravan,SE,Minivan,automatic,1d4gp24r46b691211,California,23.0,95228.0,silver,gray,cig financial,3425.0,3800.0,Wed Dec 17 2014 12:30:00 GMT-0800 (PST)
2006,infiniti,FX45,Base,SUV,automatic,jnrbs08w16x401715,California,19.0,126863.0,black,black,gm financial,11200.0,8500.0,Wed Dec 31 2014 12:30:00 GMT-0800 (PST)
2006,Ford,Mustang,Standard,Coupe,automatic,1zvft80n165169609,California,35.0,86314.0,silver,black,hertz remarketing,6300.0,4000.0,Thu Jan 08 2015 12:00:00 GMT-0800 (PST)
2006,gmc truck,sr,1500 awd cr denali,,automatic,2gtek63n161261631,California,,98116.0,white,tan,check into cash inc.,14750.0,13800.0,Thu Dec 18 2014 12:00:00 GMT-0800 (PST)
2006,honda,pilot,4x4 ex-l,,automatic,2hkyf18566h505401,California,38.0,72690.0,gold,beige,santander consumer,10050.0,12100.0,Thu Dec 18 2014 12:00:00 GMT-0800 (PST)
2006,cadillac,DTS,Luxury III,Sedan,automatic,1g6kd57y96u105968,California,4.0,71393.0,gold,beige,tdaf remarketing,7425.0,7750.0,Tue Dec 16 2014 12:30:00 GMT-0800 (PST)
2006,chevrolet,Uplander,LT,Minivan,automatic,1gndx33l16d157419,California,,105642.0,silver,â,global motors inc,4425.0,5000.0,Wed Dec 17 2014 12:30:00 GMT-0800 (PST)
2006,chrysler,300,SRT-8,Sedan,automatic,2c3ka73w16h140646,California,25.0,118944.0,silver,black,mercedes benz of temecula,9900.0,12250.0,Wed Dec 17 2014 12:15:00 GMT-0800 (PST)
2006,Ford,Expedition,XLS,SUV,other,1fmpu13586la70509,California,26.0,82721.0,silver,gray,ford motor credit company llc,5275.0,5000.0,Thu Dec 18 2014 12:00:00 GMT-0800 (PST)
2006,Ford,Econoline Cargo,E-250,Van,automatic,1ftne24l66hb14778,California,34.0,81221.0,white,gray,rancho ford,6625.0,6500.0,Thu Dec 18 2014 12:00:00 GMT-0800 (PST)
2006,Dodge,Magnum,RT,Wagon,automatic,2d4gz57266h382289,California,24.0,151788.0,gray,gray,tycon enterprises,4625.0,4300.0,Tue Dec 30 2014 12:30:00 GMT-0800 (PST)
2006,chrysler,PT Cruiser,GT,Wagon,automatic,3a8fy78g16t372822,California,25.0,126511.0,silver,gray,time finance co,2175.0,1900.0,Wed Jan 07 2015 12:05:00 GMT-0800 (PST)
2006,gmc,Sierra 1500,SL2,Crew Cab,automatic,2gtec13v661276173,California,33.0,122585.0,black,gray,century dealer services corp,8450.0,9400.0,Wed Dec 17 2014 12:30:00 GMT-0800 (PST)
2006,Ford,Explorer,Eddie Bauer,SUV,automatic,1fmeu64e56ua50005,California,27.0,82093.0,blue,beige,foreman financial,6625.0,6400.0,Wed Feb 04 2015 04:30:00 GMT-0800 (PST)
2006,bmw,X5,3.0i,SUV,automatic,5uxfa13536ly41496,California,26.0,72782.0,white,tan,newport lexus,8775.0,10250.0,Wed Dec 17 2014 12:15:00 GMT-0800 (PST)
2006,lexus,GS 430,Base,Sedan,other,jthbn96s165014331,California,,165992.0,gray,â,bmw of murrieta,9475.0,9250.0,Tue Dec 16 2014 12:30:00 GMT-0800 (PST)
2006,volvo,XC90,V8,SUV,automatic,yv4cz852261296537,California,29.0,121560.0,silver,beige,remarketing by ge/manheim california,6425.0,2500.0,Wed Dec 31 2014 12:30:00 GMT-0800 (PST)
2006,toyota,Sienna,LE 8-Passenger,Minivan,automatic,5tdza23c06s444667,California,35.0,193632.0,white,gray,high line auto inc,4000.0,4700.0,Tue Jan 13 2015 12:30:00 GMT-0800 (PST)
2005,acura,TL,3.2,Sedan,automatic,19uua66265a027023,California,29.0,117227.0,silver,black,time finance co,6500.0,7600.0,Wed Dec 17 2014 12:05:00 GMT-0800 (PST)
2006,toyota,Sienna,XLE Limited 7-Passenger,Minivan,automatic,5tdza22c16s516185,California,,109745.0,gold,â,detroit west auto wholesale,7475.0,8600.0,Wed Dec 17 2014 12:30:00 GMT-0800 (PST)
2006,landrover,range,rover 4.2l s/c,,automatic,salmf13446a207491,California,28.0,95312.0,black,black,the car exchange,16000.0,14250.0,Wed Dec 17 2014 12:30:00 GMT-0800 (PST)
2006,mercedes-benz,CLK-Class,CLK500,Coupe,automatic,wdbtj75h96f181198,California,28.0,1.0,black,black,quality acceptance,13250.0,3500.0,Tue Dec 30 2014 15:00:00 GMT-0800 (PST)
2006,porsche,Cayman S,Base,Coupe,manual,wp0ab29856u780789,California,47.0,65696.0,white,tan,sports trend auto sales,22200.0,24500.0,Thu Dec 18 2014 12:30:00 GMT-0800 (PST)
2006,Volkswagen,New Beetle,2.5,Convertible,automatic,3vwrf31y26m300881,California,2.0,53790.0,gray,black,cig financial,4775.0,2600.0,Wed Dec 17 2014 11:00:00 GMT-0800 (PST)
2006,Lincoln,Mark LT,Base,Crew Cab,automatic,5ltpw18566fj07866,California,35.0,134216.0,gray,gray,ak international inc,11250.0,9600.0,Wed Dec 17 2014 12:15:00 GMT-0800 (PST)
2006,mercedes-benz,C-Class,C230 Sport,Sedan,automatic,wdbrf52h36a813761,California,22.0,113229.0,silver,black,remarketing by ge/manheim california,5400.0,4400.0,Wed Dec 17 2014 12:05:00 GMT-0800 (PST)
2006,subaru,Impreza,2.5 i,Sedan,automatic,jf1gd67616h507554,California,26.0,163374.0,gray,black,phillips auto brokerage,1925.0,3100.0,Wed Dec 17 2014 12:30:00 GMT-0800 (PST)
2005,audi,S4,quattro,Convertible,automatic,wuarl48h65k900786,California,25.0,59255.0,silver,black,remarketing by ge/manheim san diego,10200.0,9200.0,Tue Dec 23 2014 16:00:00 GMT-0800 (PST)
2006,nissan,Murano,SE,SUV,automatic,jn8az08w06w542275,California,23.0,103234.0,black,black,tdaf remarketing,5500.0,7100.0,Tue Dec 16 2014 12:30:00 GMT-0800 (PST)
2006,toyota,Highlander,Sport,SUV,automatic,jtegp21a560113976,California,,129749.0,silver,â,james family auto sales,6325.0,8100.0,Thu Dec 18 2014 12:00:00 GMT-0800 (PST)
2006,lexus,ES 330,Base,Sedan,automatic,jthba30g865158150,California,,141941.0,black,â,lexus of serramonte,6500.0,4300.0,Wed Dec 17 2014 12:30:00 GMT-0800 (PST)
2006,toyota,Camry,XLE V6,Sedan,automatic,jtdbf30k460170753,California,26.0,76252.0,blue,gray,aaero sweet company,7425.0,8900.0,Wed Dec 17 2014 12:15:00 GMT-0800 (PST)
2006,landrover,rangerover,sport hse,,automatic,salsf25426a909688,California,23.0,81720.0,silver,black,remarketing by ge/manheim california,15550.0,13500.0,Wed Dec 17 2014 12:30:00 GMT-0800 (PST)
2006,mercedes-benz,CLS-Class,CLS500,Sedan,automatic,wdddj75x56a055114,California,36.0,72225.0,blue,black,billion dodge chrysler jeep,14350.0,14250.0,Thu Jan 15 2015 04:30:00 GMT-0800 (PST)
2006,nissan,Sentra,1.8 S,Sedan,other,3n1cb51d06l577129,California,19.0,115726.0,gray,gray,veros credit,3250.0,2900.0,Thu Dec 18 2014 12:00:00 GMT-0800 (PST)
2006,land rover,range,rover sport hse,,automatic,salsf25466a914196,California,,120176.0,white,â,apexcars net,12850.0,13600.0,Wed Dec 17 2014 12:30:00 GMT-0800 (PST)
2006,mercedes-benz,CL-Class,CL500,Coupe,automatic,wdbpj75j46a047913,California,29.0,67521.0,black,black,remarketing by ge/manheim california,12600.0,7800.0,Wed Dec 31 2014 12:30:00 GMT-0800 (PST)
2006,lexus,GS 300,Base,Sedan,automatic,jthbh96s965027092,California,29.0,81312.0,black,beige,bmw of murrieta,12400.0,13800.0,Tue Dec 16 2014 12:30:00 GMT-0800 (PST)
2006,mercedes-benz,M-Class,ML500,SUV,automatic,4jgbb75e16a002533,California,44.0,145175.0,silver,black,hoehn motors inc,8275.0,8000.0,Wed Dec 17 2014 12:30:00 GMT-0800 (PST)
2006,mercedes-benz,E-Class,E55 AMG,Sedan,automatic,wdbuf76j86a909243,California,39.0,94002.0,gray,blue,in line motors,13850.0,14750.0,Thu Dec 18 2014 12:30:00 GMT-0800 (PST)
2006,mercedes-benz,E-Class,E500,Sedan,automatic,wdbuf70j56a944296,California,46.0,55606.0,silver,gray,california auto wholesale,10850.0,14600.0,Wed Dec 17 2014 12:30:00 GMT-0800 (PST)
2006,toyota,Camry Solara,SLE V6,Coupe,automatic,4t1ca30p36u087205,California,29.0,63508.0,white,gray,aaero sweet company,8650.0,10100.0,Wed Dec 17 2014 12:15:00 GMT-0800 (PST)
2006,Volkswagen,Touareg,V8,SUV,automatic,wvgzm77lx6d007829,California,3.0,123139.0,silver,black,jpmorgan chase bank n.a.,5500.0,3000.0,Tue Dec 23 2014 13:00:00 GMT-0800 (PST)
2006,porsche,911,4x2 6c carrera s,,automatic,wp0cb29976s768527,California,45.0,24698.0,black,black,audi north scottsdale,43100.0,37500.0,Thu Dec 18 2014 12:30:00 GMT-0800 (PST)
2006,saturn,Relay,3,Minivan,automatic,5gzdv23106d178364,California,,52205.0,white,gray,toyota of poway,5025.0,5400.0,Wed Dec 17 2014 12:30:00 GMT-0800 (PST)
2006,landrover,rangerover,hse,,automatic,salme15426a226976,California,22.0,140194.0,white,black,top finance company inc.,8250.0,6250.0,Wed Dec 17 2014 12:30:00 GMT-0800 (PST)
2006,lexus,lx,470,,automatic,jtjht00w064015370,California,19.0,182911.0,black,gray,aq motors,18200.0,17000.0,Wed Dec 17 2014 12:30:00 GMT-0800 (PST)
2005,audi,allroad quattro,Base,Wagon,automatic,wa1yd64b45n024988,California,19.0,121261.0,blue,black,k & s auto sales,4975.0,2900.0,Tue Dec 16 2014 12:30:00 GMT-0800 (PST)
2006,Volkswagen,Jetta,Value Edition PZEV,Sedan,automatic,3vwpg71k66m725446,California,28.0,104928.0,silver,black,capitol mazda,3325.0,4200.0,Wed Jan 14 2015 04:30:00 GMT-0800 (PST)
2006,nissan,Altima,3.5 SE,Sedan,automatic,1n4bl11dx6c175070,California,27.0,53320.0,gray,gray,billion dodge chrysler jeep,6725.0,4600.0,Wed Dec 17 2014 12:30:00 GMT-0800 (PST)
2006,land rover,range,rover 4.2l s/c,,automatic,salmf13476a210174,California,28.0,94332.0,black,black,us bank,16050.0,14000.0,Thu Dec 18 2014 12:30:00 GMT-0800 (PST)
2006,saab,9-3,2.0T,Convertible,automatic,ys3fd79y766100305,California,19.0,73926.0,black,gray,m l sim,5075.0,4700.0,Tue Jan 06 2015 12:30:00 GMT-0800 (PST)
2006,Lincoln,Navigator,Ultimate,SUV,automatic,5lmfu27556lj12689,California,42.0,107839.0,white,gray,remarketing by ge/schools first fcu,7775.0,7750.0,Tue Dec 16 2014 12:00:00 GMT-0800 (PST)
2014,Ford,Escape,SE,SUV,automatic,1fmcu0gx7eua39653,California,45.0,29131.0,gray,black,ford motor credit company,16200.0,16700.0,Tue Jan 07 2014 13:00:00 GMT-0800 (PST)
2014,fiat,500L,Easy,Wagon,automatic,zfbcfabhxez020153,California,4.0,22767.0,red,gray,hertz corporation/gdp,12300.0,12000.0,Tue Dec 16 2014 12:30:00 GMT-0800 (PST)
2014,Ford,E-Series Wagon,E-350 Super Duty XLT,Van,automatic,1fbne3bl8eda08495,California,28.0,29592.0,white,beige,ford motor credit company,18600.0,19000.0,Thu Jan 08 2015 12:00:00 GMT-0800 (PST)
2014,Ford,C-Max Hybrid,SEL,Wagon,automatic,1fadp5bu5el515520,California,,7796.0,blue,black,avis tra,18750.0,14100.0,Thu Dec 18 2014 12:00:00 GMT-0800 (PST)
2014,fiat,500L,Lounge,Wagon,automatic,zfbcfachxez004906,California,4.0,27526.0,black,gray,chrysler group llc,12900.0,13000.0,Wed Feb 11 2015 04:30:00 GMT-0800 (PST)
2014,Ford,Fusion,Titanium,Sedan,automatic,3fa6p0k91er323827,California,38.0,11227.0,white,black,ford motor credit company,21200.0,19500.0,Thu Jan 29 2015 04:00:00 GMT-0800 (PST)
2014,fiat,500L,Pop,Wagon,automatic,zfbcfaah5ez016657,California,4.0,13427.0,white,black,hertz corporation/gdp,11750.0,12000.0,Tue Dec 23 2014 12:30:00 GMT-0800 (PST)
2014,Ford,Expedition,EL King Ranch,SUV,automatic,1fmjk1j56eef17694,California,44.0,21062.0,black,beige,ford motor credit company,33500.0,31300.0,Tue Jan 07 2014 13:00:00 GMT-0800 (PST)
2014,Ford,F-350 Super Duty,XLT,Crew Cab,automatic,1ft8w3bt6eeb79973,California,1.0,18444.0,white,gray,enterprise vehicle exchange / tra / rental / tulsa,39400.0,28100.0,Tue Dec 16 2014 12:00:00 GMT-0800 (PST)
2014,Ford,Escape,S,SUV,automatic,1fmcu0f75eue15137,California,1.0,1762.0,white,black,ge fleet services for itself/servicer,15900.0,8000.0,Tue Dec 16 2014 13:00:00 GMT-0800 (PST)
2014,Ford,Fiesta,ST,Hatchback,manual,3fadp4gx8em180197,California,49.0,13235.0,black,black,ford motor credit company llc,16900.0,17900.0,Thu Dec 18 2014 12:00:00 GMT-0800 (PST)
2005,Ford,Five Hundred,Limited,Sedan,automatic,1fafp25165g115693,California,19.0,97199.0,burgundy,beige,yucca valley ford center,3800.0,3500.0,Tue Jan 20 2015 04:00:00 GMT-0800 (PST)
2005,chrysler,pacifica,fwd v6 touring,,automatic,2c4gm68485r495672,California,27.0,145844.0,white,black,first credit finance,2500.0,2500.0,Wed Dec 17 2014 12:30:00 GMT-0800 (PST)
2005,chevrolet,2500,slv 4x2 rg,,automatic,1gbhc24u35e148595,California,2.0,213294.0,white,black,system electric co,3525.0,2100.0,Wed Dec 17 2014 12:30:00 GMT-0800 (PST)
2005,bmw,5 Series,545i,Sedan,manual,wbanb33575b089244,California,27.0,116379.0,black,beige,a l financial corporation,5350.0,4100.0,Wed Dec 17 2014 15:00:00 GMT-0800 (PST)
2005,chrysler,pacifica,awd v6,,automatic,2c8gf48405r328736,California,2.0,167846.0,green,gray,newport acceptance corp,2200.0,600.0,Wed Dec 31 2014 11:00:00 GMT-0800 (PST)
2005,Ford,Freestyle,SEL,Wagon,automatic,1fmdk05155ga43207,California,,98864.0,gold,â,apex auto wholesale - gary,3200.0,3950.0,Wed Dec 17 2014 12:30:00 GMT-0800 (PST)
2005,Dodge,Ram Pickup 3500,SLT,Quad Cab,other,3d7lr38c85g731707,California,35.0,90936.0,white,gray,aaero sweet company,18050.0,19800.0,Thu Dec 18 2014 11:30:00 GMT-0800 (PST)
2005,Dodge,Sprinter Cargo,2500 High Roof 140 WB,Van,automatic,wd0pd644155843564,California,2.0,144331.0,white,gray,lease plan usa,5375.0,9100.0,Tue Dec 16 2014 12:00:00 GMT-0800 (PST)
2005,chrysler,Sebring,Limited,Convertible,automatic,1c3el65r75n638459,California,,122339.0,gray,gray,honda world,1250.0,1500.0,Wed Dec 17 2014 12:30:00 GMT-0800 (PST)
2005,bmw,6 Series,645Ci,Convertible,other,wbaek73425b326706,California,,81423.0,black,â,mercedes benz of san francisco,13500.0,15100.0,Wed Dec 17 2014 12:30:00 GMT-0800 (PST)
2005,Ford,Mustang,Premium,Coupe,other,1zvft80n555189330,California,32.0,96587.0,beige,tan,cig financial,5725.0,5900.0,Wed Dec 17 2014 12:30:00 GMT-0800 (PST)
2005,cadillac,DeVille,Base,Sedan,automatic,1g6kd54y05u256684,California,36.0,27466.0,silver,gray,billotti auto sales,5775.0,6400.0,Tue Dec 16 2014 12:00:00 GMT-0800 (PST)
2005,chevrolet,Silverado 2500HD,LS,Crew Cab,automatic,1gchc23235f970643,California,,194988.0,white,â,james family auto sales,9425.0,10500.0,Thu Dec 18 2014 12:00:00 GMT-0800 (PST)
2005,hummer,H2 SUT,Base,Crew Cab,automatic,5grgn22u75h107565,California,39.0,56608.0,white,black,onemain rem/m&m auto traders,22200.0,24000.0,Thu Jan 08 2015 12:00:00 GMT-0800 (PST)
2005,chevrolet,Monte Carlo,SS,Coupe,automatic,2g1wz121959146866,California,26.0,134353.0,red,black,kern schools fcu,3475.0,1500.0,Wed Jan 14 2015 04:30:00 GMT-0800 (PST)
2005,Dodge,Ram Pickup 1500,SRT-10,Quad Cab,automatic,3d3ha18h15g727268,California,25.0,87162.0,black,black,phillips auto brokerage,16300.0,15500.0,Wed Dec 17 2014 12:30:00 GMT-0800 (PST)
2005,honda,Accord,Hybrid,Sedan,automatic,jhmcn36495c004319,California,25.0,155546.0,silver,gray,cig financial,3825.0,3500.0,Wed Dec 17 2014 12:30:00 GMT-0800 (PST)
2005,chevrolet,TrailBlazer,LS,SUV,automatic,1gnds13s352204857,California,36.0,132371.0,white,gray,j.d. byrider,3225.0,2800.0,Tue Dec 23 2014 16:00:00 GMT-0800 (PST)
2005,kia,Sedona,EX,Minivan,automatic,kndup131756666834,California,18.0,133727.0,blue,gray,veros credit,1250.0,1350.0,Wed Dec 17 2014 12:30:00 GMT-0800 (PST)
2005,chevrolet,Impala,Base,Sedan,automatic,2g1wf52e759149073,California,23.0,75473.0,white,gray,premium auto wholesale,3075.0,3100.0,Thu Dec 18 2014 12:00:00 GMT-0800 (PST)
2005,gmc,Canyon,Z85 SLE,Crew Cab,automatic,1gtcs136058145917,California,19.0,180009.0,green,black,redline remarketing,4175.0,4400.0,Wed Mar 04 2015 04:30:00 GMT-0800 (PST)
2005,Ford,Five Hundred,SEL,Sedan,other,1fafp24145g125432,California,,144705.0,white,â,rent one rent a car,2050.0,1100.0,Tue Dec 16 2014 12:30:00 GMT-0800 (PST)
2005,gmc,Yukon XL,1500 SLE,SUV,other,3gkec16z95g140614,California,,124639.0,silver,â,valley kia,4925.0,4600.0,Thu Dec 18 2014 12:00:00 GMT-0800 (PST)
2005,Dodge,Dakota,ST,Club Cab,automatic,1d7he22k55s293829,California,34.0,125132.0,gray,gray,repo remarketing/hughes fcu,3650.0,4400.0,Wed Dec 17 2014 12:30:00 GMT-0800 (PST)
2005,bentley,Continental GT,Base,Coupe,automatic,scbcr63w75c023841,California,42.0,91330.0,black,black,ferrari of orange county,40200.0,44250.0,Thu Dec 18 2014 12:00:00 GMT-0800 (PST)
2005,hyundai,Sonata,GL,Sedan,automatic,kmhwf25s35a174690,California,,208404.0,burgundy,â,marios auto wholesale,425.0,700.0,Wed Dec 17 2014 12:30:00 GMT-0800 (PST)
2005,Dodge,Neon,SE,Sedan,automatic,1b3es26c95d208201,California,21.0,140830.0,black,black,south bay mazda,975.0,1600.0,Tue Dec 16 2014 12:30:00 GMT-0800 (PST)
2005,Ford,Econoline Wagon,E-350 Super Duty XLT,Van,automatic,1fbne31l05ha98901,California,19.0,72412.0,silver,gray,wheels/cox,5625.0,5100.0,Thu Jan 08 2015 12:00:00 GMT-0800 (PST)
2005,Ford,Freestyle,Limited,Wagon,automatic,1fmdk06125ga70556,California,19.0,135348.0,black,black,onemain rem/delta dealer,2300.0,2600.0,Wed Dec 17 2014 12:30:00 GMT-0800 (PST)
2005,gmc,Sierra 1500,Base,Extended Cab,automatic,2gtec19t151322660,California,19.0,96669.0,gray,gray,santander consumer,9300.0,8700.0,Thu Dec 18 2014 12:00:00 GMT-0800 (PST)
2005,bmw,X5,4.4i,SUV,automatic,5uxfb53515lv13643,California,33.0,126345.0,silver,gray,san diego volvo,5700.0,6600.0,Wed Dec 17 2014 12:30:00 GMT-0800 (PST)
2005,Dodge,Stratus,SXT,Sedan,automatic,1b3el46r95n697089,California,21.0,115315.0,blue,gray,honda cars of corona,1875.0,1450.0,Wed Dec 17 2014 12:30:00 GMT-0800 (PST)
2005,gmc,Yukon,Fleet,SUV,automatic,1gkec13t85r223158,California,22.0,142643.0,gray,beige,first credit finance,6500.0,5600.0,Wed Dec 17 2014 12:30:00 GMT-0800 (PST)
2005,bmw,7 Series,745Li,Sedan,automatic,wbagn635x5ds59649,California,,117982.0,black,â,dollar bill auto sales inc,7075.0,6500.0,Thu Dec 18 2014 12:00:00 GMT-0800 (PST)
2005,Ford,Explorer,XLS,SUV,automatic,1fmzu62e25ub16707,California,35.0,168592.0,white,tan,alliance motor cars,1675.0,2600.0,Thu Dec 18 2014 12:00:00 GMT-0800 (PST)
2005,chevrolet,Cobalt,Base,Sedan,automatic,1g1ak52f557601859,California,28.0,147332.0,white,gray,advantage car exchange,2075.0,1900.0,Wed Dec 17 2014 11:30:00 GMT-0800 (PST)
2005,honda,Civic,Value Package,Sedan,automatic,2hges16385h545021,California,2.0,98651.0,white,beige,purple heart services inc,4900.0,3700.0,Wed Dec 17 2014 11:00:00 GMT-0800 (PST)
2005,cadillac,srx,awd v8,,automatic,1gyee63a750114786,California,26.0,149755.0,blue,tan,jaguar land rover carlsbad,3125.0,3400.0,Wed Dec 17 2014 12:30:00 GMT-0800 (PST)
2005,honda,Element,EX,SUV,other,5j6yh28695l027701,California,28.0,117298.0,black,gray,santander consumer,6175.0,6500.0,Thu Dec 18 2014 12:00:00 GMT-0800 (PST)
2005,bmw,X3,2.5i,SUV,automatic,wbxpa73405wc47497,California,2.0,173918.0,gray,black,lobel financial corp,3150.0,2800.0,Wed Dec 17 2014 11:00:00 GMT-0800 (PST)
2005,Ford,Escape,HEV,SUV,other,1fmcu95h25kd16396,California,,100693.0,silver,â,cali motors inc,3900.0,3750.0,Thu Dec 18 2014 12:00:00 GMT-0800 (PST)
2005,chevrolet,Silverado 2500HD,Base,Extended Cab,automatic,1gchc29u85e179958,California,19.0,170875.0,blue,silver,stg auto group,5050.0,2300.0,Wed Dec 17 2014 12:00:00 GMT-0800 (PST)
2005,chevrolet,TrailBlazer,LT,SUV,automatic,1gnds13s152374618,California,23.0,88812.0,gray,gray,bob baker jeep,5025.0,2500.0,Wed Dec 17 2014 12:15:00 GMT-0800 (PST)
2005,chevrolet,Silverado 1500,Base,Extended Cab,automatic,2gcec19tx51167221,California,,87726.0,white,â,james family auto sales,7475.0,8900.0,Thu Dec 18 2014 12:00:00 GMT-0800 (PST)
2005,infiniti,Q45,Base,Sedan,automatic,jnkbf01a35m100462,California,19.0,83126.0,blue,brown,santander consumer,7675.0,5000.0,Thu Jan 08 2015 12:00:00 GMT-0800 (PST)
2005,Ford,Mustang,GT Premium,Coupe,manual,1zvft82h855148097,California,,104406.0,red,â,westcoast auto sales,7100.0,10100.0,Tue Dec 16 2014 12:30:00 GMT-0800 (PST)
2005,hyundai,Accent,GT,Hatchback,automatic,kmhcg35c15u345403,California,,171462.0,silver,â,california fleet inc,825.0,1000.0,Thu Dec 18 2014 12:00:00 GMT-0800 (PST)
2005,Ford,Freestar,SE,Minivan,automatic,2fmza51655ba69398,California,27.0,135139.0,gray,beige,nextgear capital,1275.0,450.0,Tue Dec 30 2014 13:00:00 GMT-0800 (PST)
2005,mercedes-benz,C-Class,C230 Kompressor,Sedan,automatic,wdbrf40j55f665064,California,34.0,69563.0,red,black,redline remarketing,6100.0,6900.0,Wed Jan 07 2015 12:05:00 GMT-0800 (PST)
2005,nissan,Quest,3.5 SE,Minivan,automatic,5n1bv28u15n103754,California,29.0,1.0,gray,gray,honda world,5375.0,1350.0,Wed Jan 28 2015 04:30:00 GMT-0800 (PST)
2005,mercedes-benz,E-Class,E320,Sedan,automatic,wdbuf65j35a652194,California,44.0,76638.0,silver,black,porsche of downtown la,8450.0,9500.0,Thu Dec 18 2014 12:30:00 GMT-0800 (PST)
2005,mercedes-benz,E-Class,E500 4MATIC,Sedan,automatic,wdbuf83j65x185509,California,35.0,141196.0,silver,black,california fleet inc,5425.0,6900.0,Thu Dec 18 2014 12:00:00 GMT-0800 (PST)
2005,Volkswagen,New Beetle,Bi-Color Edition,Hatchback,automatic,3vwck31c35m417311,California,19.0,139174.0,black,beige,bob baker toyota of lemon grove,1775.0,1000.0,Wed Dec 17 2014 12:15:00 GMT-0800 (PST)
2005,Volkswagen,New Beetle,Dark Flint Edition,Convertible,automatic,3vwcm31yx5m355279,California,22.0,131613.0,gray,red,ideal transportation,2050.0,3100.0,Wed Dec 17 2014 12:30:00 GMT-0800 (PST)
2005,pontiac,Montana,SV6,Minivan,other,1gmdv33l85d232755,California,,94790.0,white,â,wegge motor cars a corporation,3075.0,2400.0,Thu Dec 18 2014 12:00:00 GMT-0800 (PST)
2005,mercury,Grand Marquis,LS Premium,Sedan,other,2mefm75w55x661325,California,,92195.0,unknown,,v/m auto broker,4400.0,3300.0,Tue Dec 16 2014 12:30:00 GMT-0800 (PST)
2005,mercedes-benz,SL-Class,SL55 AMG,Convertible,automatic,wdbsk74f05f092353,California,37.0,55412.0,black,gray,symbolic motor cars,22900.0,24000.0,Tue Dec 16 2014 12:30:00 GMT-0800 (PST)
2004,cadillac,XLR,Base,Convertible,automatic,1g6yv34a145600899,California,28.0,87367.0,blue,gray,hornburg jaguar santa monica,13650.0,11000.0,Tue Jan 06 2015 12:30:00 GMT-0800 (PST)
2005,toyota,Highlander,V6,SUV,other,jteep21a950078946,California,26.0,154943.0,blue,gray,tycon enterprises,6175.0,5700.0,Tue Jan 06 2015 12:30:00 GMT-0800 (PST)
2005,Volkswagen,GTI,1.8T,Hatchback,manual,9bwde61j554030324,California,28.0,97323.0,gray,gray,volkswagen of murrieta,3850.0,4400.0,Tue Dec 16 2014 12:30:00 GMT-0800 (PST)
2005,toyota,Sienna,CE 7-Passenger,Minivan,automatic,5tdza23c25s273936,California,28.0,145865.0,white,gray,danna investments llc,4625.0,6100.0,Wed Dec 17 2014 12:30:00 GMT-0800 (PST)
2005,Lincoln,Aviator,Luxury,SUV,automatic,5lmeu68h25zj22040,California,26.0,110216.0,black,gray,santander consumer,4525.0,3500.0,Thu Dec 18 2014 12:00:00 GMT-0800 (PST)
2005,nissan,Xterra,SE,SUV,automatic,5n1an08u65c617093,California,19.0,133092.0,gray,gray,repo remarketing/first imperial cu,4250.0,3000.0,Wed Dec 17 2014 12:30:00 GMT-0800 (PST)
2004,bmw,7 Series,745i,Sedan,automatic,wbagl63464dp71324,California,2.0,111873.0,black,black,veros credit,5075.0,4100.0,Thu Dec 18 2014 12:00:00 GMT-0800 (PST)
2005,mercedes,g55,amg,,automatic,wdcyr71e75x158436,California,19.0,143877.0,black,black,san diego sports cars,32300.0,32750.0,Wed Dec 17 2014 12:15:00 GMT-0800 (PST)
2004,audi,A4,1.8T quattro,Sedan,automatic,waulc68e04a172808,California,34.0,136902.0,silver,black,aaero sweet company,3050.0,1800.0,Wed Dec 17 2014 11:30:00 GMT-0800 (PST)
2005,porsche,Cayenne,S,SUV,automatic,wp1ab29p15la60383,California,36.0,75458.0,gold,brown,coast sports cars inc,11750.0,14600.0,Wed Dec 17 2014 12:15:00 GMT-0800 (PST)
2005,Volkswagen,Passat,GLS 1.8T,Wagon,automatic,wvwcd63b75e010908,California,36.0,131216.0,black,black,mckenna volks,2375.0,2800.0,Wed Dec 17 2014 12:30:00 GMT-0800 (PST)
2005,nissan,350Z,Touring,Convertible,manual,jn1az36a75m755709,California,3.0,118399.0,silver,gray,california republic bank,5925.0,7000.0,Wed Dec 17 2014 12:30:00 GMT-0800 (PST)
2005,subaru,Impreza,WRX STi,Sedan,manual,jf1gd70665l513684,California,35.0,79755.0,silver,â,mckenna volks,16000.0,19900.0,Wed Dec 17 2014 12:30:00 GMT-0800 (PST)
2005,toyota,Sequoia,Limited,SUV,automatic,5tdzt38a95s239824,California,27.0,171863.0,gray,tan,mckenna volks,6025.0,4200.0,Wed Dec 17 2014 12:30:00 GMT-0800 (PST)
2005,subaru,Outback,2.5i Limited,Wagon,automatic,4s4bp62c057356666,California,,184864.0,silver,â,fmgj inc,3400.0,3500.0,Wed Dec 17 2014 12:30:00 GMT-0800 (PST)
2005,mazda,MPV,LX,Minivan,other,jm3lw28a550534369,California,34.0,175277.0,white,beige,gm financial,1225.0,1500.0,Wed Dec 17 2014 12:30:00 GMT-0800 (PST)
2005,mazda,Mazda3,i,Sedan,manual,jm1bk12f851256284,California,36.0,120159.0,green,beige,trade in solutions,3025.0,3700.0,Wed Dec 17 2014 12:30:00 GMT-0800 (PST)
2005,mazda,Mazda3,s,Hatchback,automatic,jm1bk343151309194,California,2.0,35333.0,silver,black,nextgear capital,6200.0,6900.0,Wed Mar 04 2015 04:30:00 GMT-0800 (PST)
2004,cadillac,srx,4x2 suv,,automatic,1gyee637540179462,California,,123319.0,black,gray,s/n auto imports,3500.0,3600.0,Wed Dec 17 2014 12:45:00 GMT-0800 (PST)
2005,lexus,LS 430,Base,Sedan,automatic,jthbn36f150179551,California,3.0,191607.0,white,tan,high bid trading co inc,9000.0,14000.0,Wed Dec 17 2014 12:15:00 GMT-0800 (PST)
2005,Lincoln,Town Car,Executive L Fleet,Sedan,automatic,1lnhm84w35y643256,California,,381875.0,black,â,mikes auto sales,2100.0,1100.0,Wed Dec 17 2014 12:30:00 GMT-0800 (PST)
2005,mercedes-benz,C-Class,C240 Luxury,Sedan,automatic,wdbrf61j35a770614,California,2.0,133500.0,silver,gray,top finance company inc.,4550.0,2500.0,Wed Dec 31 2014 11:00:00 GMT-0800 (PST)
2005,mercedes-benz,S-Class,S430,Sedan,automatic,wdbng70j45a458224,California,,148116.0,silver,â,auto depot,3150.0,4800.0,Wed Dec 17 2014 12:30:00 GMT-0800 (PST)
2005,toyota,4Runner,SR5,SUV,automatic,jtebu14rx50077814,California,48.0,155887.0,gray,gray,san diego sports cars,6850.0,9500.0,Wed Dec 17 2014 12:15:00 GMT-0800 (PST)
2004,chevrolet,Aveo,Base,Hatchback,automatic,kl1td62684b143883,California,,118253.0,green,â,james family auto sales,1050.0,1400.0,Thu Dec 18 2014 12:00:00 GMT-0800 (PST)
2005,suzuki,Verona,S,Sedan,automatic,kl5vj56l65b165246,California,,112141.0,gold,â,santa monica motor cars,1400.0,1000.0,Wed Dec 17 2014 11:30:00 GMT-0800 (PST)
2005,suzuki,Forenza,S,Sedan,automatic,kl5jd56zx5k225541,California,,123769.0,black,â,melody toyota,1125.0,900.0,Wed Dec 17 2014 12:30:00 GMT-0800 (PST)
2004,chevrolet,Silverado 2500HD,LT,Crew Cab,automatic,1gchk23144f117130,California,2.0,119798.0,black,gray,jimmie johnson kearny mesa chevrolet,17100.0,8750.0,Tue Dec 30 2014 12:30:00 GMT-0800 (PST)
2005,mercedes-benz,CLK-Class,CLK320,Coupe,automatic,wdbtj65j05f163104,California,29.0,114180.0,black,black,high bid trading co inc,5950.0,4500.0,Wed Dec 17 2014 12:15:00 GMT-0800 (PST)
2005,subaru,Impreza,2.5 RS,Sedan,manual,jf1gd675x5g522730,California,,65907.0,black,â,onemain rem/manheim san francisco bay,5425.0,5500.0,Wed Dec 17 2014 12:30:00 GMT-0800 (PST)
2005,Volkswagen,New Beetle,GLS 1.8T,Convertible,automatic,3vwcd31y15m317553,California,28.0,60592.0,yellow,black,palm springs ford-lincoln-mercury,4550.0,4100.0,Thu Dec 18 2014 12:00:00 GMT-0800 (PST)
2005,volvo,S80,T6,Sedan,automatic,yv1ts911451407592,California,23.0,110067.0,black,black,nextgear capital,3500.0,2800.0,Wed Dec 17 2014 12:30:00 GMT-0800 (PST)
2005,nissan,350Z,Enthusiast,Convertible,manual,jn1az36d55m700363,California,31.0,91590.0,black,black,california republic bank,7300.0,6400.0,Wed Dec 17 2014 12:30:00 GMT-0800 (PST)
2004,toyota,Camry,LE V6,Sedan,automatic,jtdbf30k140152417,California,42.0,107479.0,white,gray,fiesta ford lincoln mercury,4325.0,6500.0,Tue Dec 16 2014 12:30:00 GMT-0800 (PST)
2004,hyundai,Sonata,Base,Sedan,automatic,kmhwf25s14a918060,California,3.0,130817.0,white,tan,purple heart services inc,1675.0,300.0,Wed Dec 17 2014 11:00:00 GMT-0800 (PST)
2004,mercedes-benz,C-Class,C230,Hatchback,automatic,wdbrn40j44a575581,California,38.0,174966.0,silver,black,lexus of stevens creek,1450.0,2600.0,Wed Dec 17 2014 12:30:00 GMT-0800 (PST)
2004,lexus,RX 330,Base,SUV,automatic,jtjha31u240032986,California,28.0,161626.0,blue,beige,mckenna audi/mckenna bmw,8525.0,8800.0,Wed Dec 17 2014 12:30:00 GMT-0800 (PST)
2004,mazda,Mazda6,s,Hatchback,automatic,1yvhp84d545n50209,California,2.0,165777.0,gray,black,detroit west auto wholesale,1575.0,900.0,Wed Dec 31 2014 15:10:00 GMT-0800 (PST)
2004,chrysler,300M,Base,Sedan,automatic,2c3he66g44h698257,California,,114345.0,black,â,brad benson motorsports,2150.0,2200.0,Wed Dec 17 2014 12:30:00 GMT-0800 (PST)
2004,lexus,SC 430,Base,Convertible,automatic,jthfn48y540052810,California,28.0,96362.0,silver,beige,rvr,12150.0,13400.0,Wed Dec 17 2014 12:30:00 GMT-0800 (PST)
2004,landrover,discovery,se7,,automatic,saltw19444a861956,California,27.0,94300.0,white,beige,remarketing by ge/manheim california,3850.0,5700.0,Wed Dec 17 2014 12:30:00 GMT-0800 (PST)
2004,Ford,Freestar,SES,Minivan,automatic,2fmza57664ba24556,California,,110865.0,silver,â,northwest import sales,2200.0,1700.0,Wed Dec 17 2014 12:30:00 GMT-0800 (PST)
2004,Ford,Excursion,Limited,SUV,automatic,1fmnu42p44ea00633,California,,152504.0,beige,â,south county lexus at mission viejo,8850.0,9000.0,Wed Dec 17 2014 12:30:00 GMT-0800 (PST)
2004,gmc,Envoy XUV,SLE,SUV,automatic,1gkes12s446172012,California,29.0,71019.0,silver,gray,santander consumer,4700.0,5000.0,Thu Dec 18 2014 12:00:00 GMT-0800 (PST)
2004,gmc,Envoy,SLE,SUV,automatic,1gkdt13s842432278,California,,126604.0,gray,â,apexcars net,3875.0,5000.0,Wed Dec 17 2014 12:30:00 GMT-0800 (PST)
2004,mazda,Mazda6,i,Sedan,other,1yvfp80c745n28894,California,,107660.0,silver,â,check into cash inc.,2475.0,1200.0,Thu Dec 18 2014 12:00:00 GMT-0800 (PST)
2004,porsche,911,awd carrera 4s,,manual,wp0ca299x4s650987,California,29.0,79478.0,black,brown,world motorsports,26300.0,24500.0,Wed Dec 17 2014 12:30:00 GMT-0800 (PST)
2004,hyundai,Accent,GL,Sedan,automatic,kmhcg45c24u514946,California,,112578.0,black,â,apexcars net,1050.0,550.0,Wed Dec 17 2014 12:30:00 GMT-0800 (PST)
2004,pontiac,Grand Prix,GT1,Sedan,automatic,2g2wp522141295593,California,19.0,216866.0,green,black,pch pre owned,1025.0,700.0,Tue Jan 06 2015 04:30:00 GMT-0800 (PST)
2004,chrysler,Concorde,LX,Sedan,automatic,2c3hd46r74h695359,California,,114935.0,burgundy,â,blvd motors,1250.0,1100.0,Wed Dec 17 2014 12:30:00 GMT-0800 (PST)
2004,pontiac,Grand Prix,GTP,Sedan,other,2g2wr544941334844,California,,121763.0,gold,â,garys auto sales inc,3000.0,1700.0,Thu Dec 18 2014 12:00:00 GMT-0800 (PST)
2004,subaru,Outback,Base,Wagon,manual,4s3bh675046614362,California,,186711.0,white,â,detroit west auto wholesale,1900.0,2200.0,Wed Dec 17 2014 12:30:00 GMT-0800 (PST)
2004,Dodge,Durango,ST,SUV,automatic,1d4hd38n14f128813,California,29.0,79243.0,gray,gray,national auto clearing house,3250.0,4700.0,Tue Dec 16 2014 12:30:00 GMT-0800 (PST)
2004,Ford,Focus,ZX3,Hatchback,manual,3fafp31zx4r116886,California,19.0,100003.0,silver,black,south bay mazda,1750.0,1950.0,Tue Dec 16 2014 12:30:00 GMT-0800 (PST)
2004,mercury,Monterey,Premier,Minivan,automatic,2mrda20224bj10044,California,36.0,155237.0,gray,gray,clear view systems,1550.0,1900.0,Tue Dec 16 2014 12:30:00 GMT-0800 (PST)
2004,saab,9-3,Arc,Convertible,automatic,ys3fd79y046007039,California,,107532.0,red,â,mikes auto sales,2850.0,1600.0,Wed Dec 17 2014 12:30:00 GMT-0800 (PST)
2004,chevrolet,Monte Carlo,LS,Coupe,automatic,2g1ww12e349191442,California,,111316.0,silver,gray,bmw of monrovia,2375.0,1300.0,Thu Dec 18 2014 12:00:00 GMT-0800 (PST)
2004,saab,9-3,Aero,Sedan,automatic,ys3fh49y941010070,California,46.0,105592.0,gray,gray,stg auto group,2550.0,3400.0,Wed Dec 17 2014 12:00:00 GMT-0800 (PST)
2004,chevrolet,Avalanche,1500,Crew Cab,automatic,3gnec12t84g289437,California,1.0,1.0,black,tan,quality acceptance,11200.0,1000.0,Tue Dec 30 2014 13:00:00 GMT-0800 (PST)
2004,gmc,Sierra 2500HD,Base,Crew Cab,automatic,1gthk23134f126241,California,25.0,145697.0,black,gray,bob baker jeep,16900.0,14000.0,Wed Feb 04 2015 04:15:00 GMT-0800 (PST)
2004,mercedes-benz,SL-Class,SL500,Convertible,automatic,wdbsk75f44f065136,California,41.0,48033.0,blue,beige,mercedes benz of laguna niguel,17600.0,19500.0,Wed Dec 17 2014 12:30:00 GMT-0800 (PST)
2004,mercedes-benz,CL-Class,CL600,Coupe,automatic,wdbpj76j84a039907,California,2.0,85514.0,black,black,lobel financial corp,10200.0,6000.0,Wed Jan 14 2015 03:00:00 GMT-0800 (PST)
2004,nissan,Quest,3.5 S,Minivan,automatic,5n1bv28u44n316227,California,25.0,110295.0,gray,gray,skyhigh remarketing inc,3250.0,5250.0,Wed Dec 17 2014 12:15:00 GMT-0800 (PST)
2004,chrysler,PT Cruiser,Touring Edition,Wagon,automatic,3c4fy588x4t247254,California,27.0,112250.0,red,gray,alliance motor cars,1675.0,2000.0,Thu Dec 18 2014 12:00:00 GMT-0800 (PST)
2004,Dodge,stratus,4c se,,automatic,1b3el36xx4n170265,California,,160220.0,gray,â,mid city motors,825.0,250.0,Thu Dec 18 2014 12:00:00 GMT-0800 (PST)
2004,Ford,Excursion,Eddie Bauer,SUV,automatic,1fmsu45p64ec11959,California,41.0,136583.0,gray,brown,aaero sweet company,10450.0,12250.0,Thu Dec 18 2014 11:30:00 GMT-0800 (PST)
2004,mercury,Mountaineer,Convenience,SUV,automatic,4m2zu66k04uj00390,California,29.0,174857.0,silver,gray,gosch hyundai,1150.0,1700.0,Thu Dec 18 2014 12:00:00 GMT-0800 (PST)
2004,kia,Amanti,Base,Sedan,automatic,knald124445021270,California,,114838.0,gray,â,carpower trading inc,2100.0,2100.0,Wed Dec 17 2014 11:30:00 GMT-0800 (PST)
2004,chevrolet,Malibu Maxx,LT,Hatchback,automatic,1g1zu64884f186400,California,23.0,90590.0,black,gray,jimmie johnson kearny mesa chevrolet,2950.0,2000.0,Tue Dec 23 2014 12:30:00 GMT-0800 (PST)
2004,toyota,Celica,GTS,Hatchback,manual,jtddy38t840070135,California,19.0,170813.0,black,black,all in auto sales inc,1950.0,2000.0,Thu Jan 08 2015 12:00:00 GMT-0800 (PST)
2004,Ford,Explorer,NBX,SUV,other,1fmzu73w24za05265,California,29.0,88669.0,gray,black,skyhigh remarketing inc,3625.0,3800.0,Wed Dec 17 2014 12:30:00 GMT-0800 (PST)
2004,saab,9-3,Linear,Sedan,automatic,ys3fb49s941027173,California,2.0,1.0,gray,gray,axcess financial,4300.0,500.0,Wed Jan 14 2015 07:10:00 GMT-0800 (PST)
2004,pontiac,Grand Am,SE1,Sedan,automatic,1g2nf52f44m524032,California,3.0,150002.0,black,black,california fleet inc,2225.0,1350.0,Thu Dec 18 2014 12:00:00 GMT-0800 (PST)
2004,toyota,Matrix,Base,Wagon,manual,2t1kr32ex4c183122,California,27.0,134528.0,black,gray,century dealer services corp,3350.0,3700.0,Wed Jan 07 2015 12:30:00 GMT-0800 (PST)
2004,honda,pilot,awd,,automatic,2hkyf18524h554043,California,34.0,107856.0,gold,brown,cabe toyota,5650.0,5600.0,Wed Dec 17 2014 12:30:00 GMT-0800 (PST)
2004,mercedes-benz,C-Class,C320,Sedan,automatic,wdbrf64j24f524571,California,,150676.0,silver,â,rab motors,3350.0,2300.0,Wed Dec 17 2014 12:30:00 GMT-0800 (PST)
2004,mitsubishi,galant,v6 ls,,automatic,4a3ab36s14e135082,California,,206944.0,white,â,california fleet inc,1000.0,1650.0,Thu Dec 18 2014 12:00:00 GMT-0800 (PST)
2004,gmc,Sierra 1500,SLT,Crew Cab,other,2gtek13t241418047,California,,152039.0,white,â,sierra auto investment co,8700.0,9400.0,Tue Dec 16 2014 12:00:00 GMT-0800 (PST)
2004,mitsubishi,Endeavor,XLS,SUV,automatic,4a4mm31s94e023981,California,22.0,139892.0,black,black,jpmorgan chase bank n.a.,1800.0,2400.0,Thu Dec 18 2014 12:00:00 GMT-0800 (PST)
2004,nissan,Xterra,XE,SUV,automatic,5n1ed28t74c630117,California,28.0,150641.0,silver,beige,newport acceptance corp,3275.0,3200.0,Wed Dec 17 2014 12:05:00 GMT-0800 (PST)
2004,chrysler,Concorde,LXi,Sedan,automatic,2c3hd36mx4h704490,California,33.0,126973.0,gray,gray,bmw of murrieta,1075.0,1200.0,Tue Dec 30 2014 12:30:00 GMT-0800 (PST)
2003,mercury,Marauder,Base,Sedan,automatic,2mehm75v83x665835,California,46.0,38273.0,blue,black,aaero sweet company,6700.0,13800.0,Wed Dec 17 2014 12:15:00 GMT-0800 (PST)
2003,Ford,Taurus,SES Deluxe,Sedan,automatic,1fafp55s43g145606,California,28.0,180770.0,silver,beige,hertz remarketing,650.0,900.0,Thu Dec 18 2014 12:00:00 GMT-0800 (PST)
2004,volvo,XC90,2.5T,SUV,automatic,yv1cy59h641077039,California,4.0,129353.0,gold,tan,aaero sweet company,4125.0,4700.0,Wed Dec 17 2014 11:30:00 GMT-0800 (PST)
2004,volvo,S40,T5,Sedan,automatic,yv1ms682242024650,California,27.0,78322.0,gray,gray,remarketing by ge/nextgear capital,4800.0,4500.0,Tue Dec 23 2014 16:00:00 GMT-0800 (PST)
2004,volvo,C70,LPT,Convertible,automatic,yv1nc63d24j061309,California,19.0,92260.0,black,beige,lon motors,2475.0,900.0,Wed Jan 14 2015 03:30:00 GMT-0800 (PST)
2003,honda,Element,DX,SUV,automatic,5j6yh18263l002808,California,,168725.0,black,black,mazda of orange,2950.0,3700.0,Wed Dec 17 2014 12:30:00 GMT-0800 (PST)
2003,Ford,escape,4x4 v6 limited,,automatic,1fmcu94113kb13100,California,2.0,133876.0,silver,black,credit acceptance corp/vrs/southfield,3475.0,800.0,Wed Dec 17 2014 15:00:00 GMT-0800 (PST)
2003,audi,A4,3.0 quattro,Sedan,automatic,wault68e03a119296,California,21.0,147523.0,silver,gray,logistics leasing,2050.0,2000.0,Wed Dec 17 2014 12:30:00 GMT-0800 (PST)
2003,chevrolet,1500,sub 4x2 v8 ls,,automatic,1gnec16t13j141699,California,27.0,200749.0,white,gray,premium auto wholesale,1175.0,2250.0,Thu Dec 18 2014 12:00:00 GMT-0800 (PST)
2003,Ford,Expedition,XLT Value,SUV,automatic,1fmru15w73lc20684,California,28.0,139947.0,blue,black,valley kia,2900.0,2800.0,Thu Dec 18 2014 12:00:00 GMT-0800 (PST)
2003,infiniti,QX4,Base,SUV,other,jnrdr09x83w252068,California,25.0,155626.0,gold,gray,mas financial services,3025.0,2300.0,Wed Dec 17 2014 12:05:00 GMT-0800 (PST)
2004,Volkswagen,Passat,GLX,Sedan,automatic,wvwrh63bx4p056623,California,,177832.0,gray,â,apexcars net,2100.0,1700.0,Wed Dec 17 2014 12:30:00 GMT-0800 (PST)
2004,Volkswagen,Passat,GLS 1.8T 4Motion,Sedan,automatic,wvwpd63b24p100505,California,36.0,119353.0,green,gray,primeritus remarketing / huntington bank,2050.0,600.0,Wed Dec 17 2014 12:30:00 GMT-0800 (PST)
2003,bmw,3 Series,325Ci,Coupe,automatic,wbabn73403pj16051,California,,148404.0,black,â,velocity motors,2375.0,2300.0,Wed Dec 17 2014 12:30:00 GMT-0800 (PST)
2003,bmw,Z4,2.5i,Convertible,other,4usbt33493lr66201,California,,58071.0,gray,â,auto plaza,7150.0,5200.0,Wed Dec 17 2014 12:30:00 GMT-0800 (PST)
2003,acura,RSX,Type-S,Hatchback,manual,jh4dc53043c007052,California,2.0,104049.0,black,black,california auto finance,5425.0,3700.0,Wed Dec 17 2014 12:30:00 GMT-0800 (PST)
2003,Lincoln,LS,Premium,Sedan,automatic,1lnhm87a73y662096,California,26.0,95782.0,white,beige,lobel financial corp,1425.0,2000.0,Wed Dec 17 2014 12:30:00 GMT-0800 (PST)
2003,infiniti,Q45,Premium,Sedan,automatic,jnkbf01a23m102376,California,29.0,168305.0,black,black,california fleet inc,3350.0,3500.0,Thu Dec 18 2014 12:00:00 GMT-0800 (PST)
2003,Ford,Taurus,SES,Sedan,automatic,1fafp55u63a264892,California,,210535.0,beige,gray,honda of escondido,175.0,700.0,Wed Dec 17 2014 12:15:00 GMT-0800 (PST)
2003,chevrolet,Blazer,LS,SUV,automatic,1gncs18xx3k158215,California,23.0,139926.0,black,gray,hoehn honda,1750.0,600.0,Wed Jan 14 2015 04:30:00 GMT-0800 (PST)
2003,Dodge,Ram Pickup 2500,SLT,Quad Cab,automatic,3d7ka28d93g757879,California,,114730.0,white,gray,kearny pearson kia,5450.0,8900.0,Wed Dec 17 2014 12:30:00 GMT-0800 (PST)
2003,buick,LeSabre,Custom,Sedan,automatic,1g4hp52k834133544,California,35.0,185688.0,blue,gray,wondries toyota,800.0,700.0,Wed Dec 17 2014 12:30:00 GMT-0800 (PST)
2003,audi,A6,3,Sedan,other,waujt64bx3n039306,California,19.0,127141.0,blue,gray,hertz remarketing,1850.0,1000.0,Thu Jan 15 2015 04:00:00 GMT-0800 (PST)
2003,gmc,Yukon XL,2500 SLE,SUV,automatic,3gkgk26u63g237529,California,,169766.0,gray,â,a to z liquidators inc,5100.0,3400.0,Thu Dec 18 2014 12:00:00 GMT-0800 (PST)
2004,volvo,V40,Base,Wagon,automatic,yv1vw27574f067094,California,,110613.0,silver,black,toyota of poway,3375.0,2100.0,Wed Dec 17 2014 12:30:00 GMT-0800 (PST)
2003,mitsubishi,Outlander,XLS,SUV,automatic,ja4lx41gx3u033607,California,43.0,194590.0,white,gray,ss motors llc,1375.0,1500.0,Wed Dec 17 2014 11:30:00 GMT-0800 (PST)
2003,bmw,3 Series,330Ci,Convertible,automatic,wbabs53493ju98032,California,26.0,89863.0,white,black,honda of stevens creek,6575.0,6000.0,Wed Dec 17 2014 12:30:00 GMT-0800 (PST)
2003,honda,Civic,DX,Sedan,automatic,2hges16153h574441,California,28.0,237509.0,white,gray,aaero sweet company,2225.0,2100.0,Wed Dec 17 2014 11:30:00 GMT-0800 (PST)
2004,volvo,XC90,T6,SUV,automatic,yv1cz91h541107504,California,3.0,134229.0,black,tan,tradewinds remarketing,3500.0,3500.0,Tue Dec 16 2014 12:00:00 GMT-0800 (PST)
2004,Volkswagen,New Beetle,GLS,Convertible,automatic,3vwcm21y94m300170,California,31.0,96675.0,silver,black,hertz remarketing,3050.0,2100.0,Thu Dec 18 2014 12:00:00 GMT-0800 (PST)
2003,mazda,Mazdaspeed Protege,Base,Sedan,other,jm1bj227230649007,California,,53913.0,blue,â,autohaus,3950.0,4400.0,Tue Dec 16 2014 12:30:00 GMT-0800 (PST)
2003,mazda,MPV,ES,Minivan,automatic,jm3lw28j130351290,California,24.0,137007.0,gray,beige,myrddin fleet services,2050.0,1900.0,Wed Dec 17 2014 12:30:00 GMT-0800 (PST)
2004,Volkswagen,Touareg,V6,SUV,automatic,wvgbc67l94d006537,California,1.0,128887.0,gray,black,vw credit,4225.0,1800.0,Tue Dec 16 2014 13:00:00 GMT-0800 (PST)
2003,mitsubishi,Montero,Limited,SUV,automatic,ja4nw51s23j040994,California,27.0,141789.0,gray,beige,cig financial,3300.0,2900.0,Wed Dec 31 2014 12:30:00 GMT-0800 (PST)
2003,mercedes-benz,C-Class,C240,Sedan,automatic,wdbrf61j73a512996,California,,115054.0,blue,tan,city cars,3925.0,2500.0,Wed Dec 17 2014 12:30:00 GMT-0800 (PST)
2003,lexus,ES 300,Base,Sedan,automatic,jthbf30g030126870,California,37.0,75330.0,silver,gray,high bid trading co inc,6725.0,6900.0,Wed Dec 31 2014 12:15:00 GMT-0800 (PST)
2004,volvo,S60,2.4,Sedan,automatic,yv1rs64a342388823,California,21.0,128927.0,black,beige,quality acceptance,2400.0,1500.0,Thu Dec 18 2014 12:00:00 GMT-0800 (PST)
2003,Ford,focus,zx3,,automatic,3fafp31z43r178461,California,19.0,176993.0,blue,gray,charitable auto resource,875.0,650.0,Tue Dec 16 2014 12:00:00 GMT-0800 (PST)
2003,Ford,Expedition,XLT Popular,SUV,other,1fmpu15lx3la76142,California,24.0,156640.0,blue,tan,first credit finance,2525.0,2850.0,Wed Dec 17 2014 12:30:00 GMT-0800 (PST)
2003,audi,TT,180hp,Convertible,automatic,trutc28n131009472,California,,106998.0,red,â,california auto exchange,5075.0,3700.0,Wed Dec 17 2014 12:30:00 GMT-0800 (PST)
2003,Dodge,Dakota,SLT,Quad Cab,automatic,1d7hl48n23s259413,California,,149930.0,silver,black,weseloh kia carlsbad,3025.0,3400.0,Wed Dec 17 2014 12:30:00 GMT-0800 (PST)
2003,Ford,Thunderbird,Premium,Convertible,automatic,1fahp60a03y105112,California,19.0,135934.0,white,black,800 loan mart,5800.0,4700.0,Thu Dec 18 2014 12:00:00 GMT-0800 (PST)
2003,buick,Century,Base,Sedan,automatic,2g4ws52j231207923,California,19.0,128235.0,beige,tan,coast acceptance corp,2000.0,700.0,Thu Dec 18 2014 12:00:00 GMT-0800 (PST)
2003,nissan,350z,4x2,,automatic,jn1az34dx3t103859,California,,168287.0,black,â,mccauley automotive co,4375.0,4000.0,Wed Dec 17 2014 12:30:00 GMT-0800 (PST)
2003,chevrolet,Cavalier,Base,Coupe,manual,1g1jc12f537219740,California,2.0,82420.0,white,beige,charitable auto resource,1300.0,400.0,Tue Dec 23 2014 13:00:00 GMT-0800 (PST)
2003,chevrolet,Venture,LS,Minivan,automatic,1gndx03ex3d197879,California,19.0,153296.0,silver,beige,newport acceptance corp,1200.0,750.0,Wed Dec 31 2014 12:05:00 GMT-0800 (PST)
2003,chevrolet,S-10,LS,Regular Cab,automatic,1gccs14x338265375,California,22.0,156643.0,gold,gray,ak international inc,2150.0,1800.0,Wed Dec 31 2014 11:30:00 GMT-0800 (PST)
2003,mercedes,s55,amg,,automatic,wdbng74j43a362648,California,27.0,144745.0,gray,black,hoehn motors inc,5875.0,5400.0,Wed Dec 17 2014 12:30:00 GMT-0800 (PST)
2003,hyundai,Santa Fe,LX,SUV,automatic,km8sc73dx3u353345,California,3.0,162616.0,silver,gray,charitable auto resource,1350.0,1000.0,Tue Dec 16 2014 12:00:00 GMT-0800 (PST)
2004,volvo,S60,2.5T,Sedan,automatic,yv1rs59v142400229,California,29.0,32506.0,black,gray,alliance motor cars,3350.0,4200.0,Thu Jan 08 2015 12:00:00 GMT-0800 (PST)
2003,chevrolet,Malibu,Base,Sedan,automatic,1g1nd52j73m555675,California,26.0,73895.0,silver,silver,enterprise car sales/orange,1950.0,2000.0,Wed Dec 17 2014 12:30:00 GMT-0800 (PST)
2003,Ford,focus,se,,automatic,1fafp34z63w282863,California,,183520.0,white,â,california fleet inc,550.0,1050.0,Thu Dec 18 2014 12:00:00 GMT-0800 (PST)
2003,chevrolet,Corvette,Z06,Coupe,manual,1g1yy12s435112090,California,28.0,70180.0,red,black,trade in solutions irvine,16550.0,12500.0,Tue Dec 30 2014 12:30:00 GMT-0800 (PST)
2002,mercury,Cougar,Base,Hatchback,other,1zwft61l925616260,California,,109580.0,white,â,sunny hills auto sales inc,1400.0,800.0,Tue Dec 16 2014 12:30:00 GMT-0800 (PST)
2003,suzuki,XL-7,Limited,SUV,automatic,js3ty92v834101045,California,19.0,105581.0,silver,gray,santander consumer,1775.0,1700.0,Thu Dec 18 2014 12:00:00 GMT-0800 (PST)
2002,Ford,Escape,XLT Premium,SUV,automatic,1fmyu03132ka51832,California,,146413.0,red,â,care fox autowhole sale,2250.0,2000.0,Wed Dec 17 2014 11:30:00 GMT-0800 (PST)
2002,Ford,Windstar,LX Standard,Minivan,other,2fmza51402ba40708,California,,111001.0,gold,â,west coast acceptance,1100.0,2600.0,Tue Dec 16 2014 12:30:00 GMT-0800 (PST)
2002,Ford,Focus,ZX5,Hatchback,automatic,3fafp37342r229202,California,,108579.0,red,â,elite auto sales/leasing,1825.0,3000.0,Wed Dec 17 2014 12:30:00 GMT-0800 (PST)
2002,chevrolet,Silverado 1500HD,LS,Crew Cab,automatic,1gcgc13u12f135398,California,19.0,161157.0,white,black,california fleet inc,4800.0,3100.0,Thu Dec 18 2014 12:00:00 GMT-0800 (PST)
2002,Ford,Explorer Sport,Choice,SUV,automatic,1fmcu60e92uc45497,California,,109362.0,black,â,honda of serramonte,1975.0,1600.0,Wed Dec 17 2014 12:30:00 GMT-0800 (PST)
2002,gmc,Savana Cargo,2500,Van,automatic,1gtgg25r921903337,California,26.0,81086.0,white,gray,aaero sweet company,2400.0,4000.0,Wed Dec 17 2014 11:30:00 GMT-0800 (PST)
2002,jeep,Wrangler,Sahara,SUV,automatic,1j4fa59sx2p700444,California,36.0,49947.0,black,green,remarketing by ge/manheim southern california,11850.0,12000.0,Tue Dec 30 2014 15:00:00 GMT-0800 (PST)
2003,nissan,Altima,2.5 SL,Sedan,automatic,1n4al11d93c157604,California,2.0,45966.0,green,tan,purple heart car donation,2950.0,1200.0,Tue Dec 16 2014 13:00:00 GMT-0800 (PST)
2002,jaguar,X-Type,2.5,Sedan,automatic,sajea53d12xc85949,California,37.0,130364.0,silver,black,james family auto sales,1750.0,900.0,Thu Feb 19 2015 04:00:00 GMT-0800 (PST)
2002,Lincoln,LS,Sport,Sedan,automatic,1lnhm87a22y677460,California,19.0,115532.0,black,black,quality acceptance,1675.0,500.0,Tue Dec 16 2014 13:00:00 GMT-0800 (PST)
2002,gmc,Sonoma,SLS,Crew Cab,automatic,1gtdt13w82k136074,California,41.0,107691.0,red,black,remarketing by ge/schools first fcu,5275.0,5300.0,Tue Dec 16 2014 12:00:00 GMT-0800 (PST)
2002,gmc,Envoy XL,SLT,SUV,automatic,1gket16s026115763,California,,200043.0,silver,â,g a o motors,1850.0,1200.0,Thu Dec 18 2014 12:00:00 GMT-0800 (PST)
2003,Volkswagen,Jetta,GL,Wagon,automatic,wvwrk61j13w411159,California,19.0,113706.0,blue,gray,quality acceptance,2425.0,2400.0,Thu Dec 18 2014 12:00:00 GMT-0800 (PST)
2002,lexus,IS 300,Base,Sedan,manual,jthbd192720049172,California,19.0,166739.0,blue,black,first credit finance,3500.0,3500.0,Wed Dec 17 2014 12:30:00 GMT-0800 (PST)
2002,chrysler,Sebring,LXi,Convertible,automatic,1c3el55r32n325222,California,34.0,95442.0,gold,tan,wondries toyota,1075.0,1000.0,Wed Dec 17 2014 12:30:00 GMT-0800 (PST)
2003,Volkswagen,Jetta,GLX VR6,Sedan,other,3vwth69m73m057261,California,2.0,129516.0,blue,black,mercedes benz of oakland,2050.0,300.0,Wed Feb 04 2015 07:10:00 GMT-0800 (PST)
2003,subaru,forester,awd xs,,automatic,jf1sg65603h747775,California,,144959.0,silver,â,rd cars,3325.0,4300.0,Wed Dec 17 2014 12:30:00 GMT-0800 (PST)
2002,mercedes-benz,E-Class,E320 4MATIC,Wagon,automatic,wdbjh82j22x070660,California,25.0,131391.0,blue,tan,800 loan mart,3000.0,1500.0,Thu Jan 15 2015 04:00:00 GMT-0800 (PST)
2002,Lincoln,LS,Base,Sedan,automatic,1lnhm86s02y639087,California,2.0,187444.0,black,black,remarketing by ge/manheim california,725.0,250.0,Wed Dec 17 2014 11:00:00 GMT-0800 (PST)
2002,honda,Insight,Base,Hatchback,automatic,jhmze14792t000245,California,28.0,180401.0,gray,gray,scott robinson honda,1650.0,1300.0,Tue Dec 16 2014 12:00:00 GMT-0800 (PST)
2002,chrysler,Town and Country,LXi,Minivan,automatic,2c4gp54l12r569427,California,3.0,153893.0,red,beige,purple heart services inc,1400.0,750.0,Wed Dec 17 2014 11:00:00 GMT-0800 (PST)
2003,volvo,S60,2.4T,Sedan,automatic,yv1rs58d432250981,California,,204528.0,burgundy,â,lexus of serramonte,1025.0,1300.0,Wed Dec 17 2014 12:30:00 GMT-0800 (PST)
2002,Dodge,Grand Caravan,Sport,Minivan,automatic,2b4gp44322r770924,California,,91802.0,white,gray,honda of escondido,1575.0,1400.0,Wed Dec 17 2014 12:15:00 GMT-0800 (PST)
2002,cadillac,DeVille,DHS,Sedan,automatic,1g6ke57y32u118965,California,1.0,120551.0,silver,gray,charitable auto resource,1800.0,800.0,Tue Dec 16 2014 12:00:00 GMT-0800 (PST)
2002,jaguar,XJ-Series,XJ8,Sedan,automatic,sajda14c02lf44545,California,34.0,54825.0,silver,beige,billion dodge chrysler jeep,3850.0,4500.0,Thu Dec 18 2014 12:30:00 GMT-0800 (PST)
2002,Dodge,Durango,Sport,SUV,automatic,1b4hr38n82f184773,California,19.0,181679.0,gray,gray,all in auto sales inc,1150.0,500.0,Thu Dec 18 2014 12:00:00 GMT-0800 (PST)
2002,mazda,Protege5,Base,Wagon,automatic,jm1bj245321628218,California,33.0,101784.0,red,black,trade in solutions,2200.0,2500.0,Wed Dec 17 2014 12:30:00 GMT-0800 (PST)
2002,Dodge,sprinter,2500,,automatic,wd2yd341225314782,California,2.0,247430.0,white,gray,mas financial services,2950.0,4100.0,Wed Dec 17 2014 11:00:00 GMT-0800 (PST)
2003,nissan,Maxima,SE,Sedan,manual,jn1da31d43t509242,California,,182597.0,silver,â,marios auto wholesale,1100.0,1200.0,Wed Dec 17 2014 12:30:00 GMT-0800 (PST)
2002,mercedes-benz,SLK-Class,SLK320,Convertible,automatic,wdbkk65f42f254098,California,23.0,69167.0,silver,gray,san diego sports cars,7975.0,7500.0,Wed Dec 17 2014 12:15:00 GMT-0800 (PST)
2002,audi,S6,Avant quattro,Wagon,automatic,wauxu54bx2n052069,California,31.0,152904.0,gray,black,audi of downtown l a,5825.0,5000.0,Wed Dec 31 2014 12:15:00 GMT-0800 (PST)
2002,acura,RL,3.5,Sedan,automatic,jh4ka96562c010139,California,,179367.0,silver,black,weseloh kia carlsbad,1975.0,2000.0,Wed Dec 17 2014 12:30:00 GMT-0800 (PST)
2003,Volkswagen,Passat,W8 4Motion,Sedan,automatic,wvwuk63b63p112972,California,,116227.0,silver,â,action auction llc,2225.0,2000.0,Wed Dec 17 2014 12:30:00 GMT-0800 (PST)
2003,nissan,Frontier,XE,King Cab,manual,1n6dd26t83c412007,California,1.0,265329.0,silver,gray,palm springs nissan,2375.0,1500.0,Tue Dec 23 2014 13:00:00 GMT-0800 (PST)
2002,gmc,Sierra 1500,SL,Extended Cab,automatic,2gtek19t621257805,California,19.0,244834.0,blue,gray,yucca valley chrysler plymouth dodge inc,1375.0,1650.0,Tue Dec 16 2014 12:00:00 GMT-0800 (PST)
2002,Ford,Mustang,GT Deluxe,Coupe,manual,1fafp42x42f157267,California,21.0,182473.0,black,black,valley kia,2400.0,2350.0,Thu Dec 18 2014 12:00:00 GMT-0800 (PST)
2003,oldsmobile,Alero,GL1,Sedan,automatic,1g3nl52f73c288579,California,19.0,134170.0,blue,gray,800 loan mart,1325.0,500.0,Thu Dec 18 2014 12:00:00 GMT-0800 (PST)
2003,suzuki,Grand Vitara,Base,SUV,automatic,js3td62v334106633,California,19.0,106728.0,green,gray,gosch ford,3225.0,2200.0,Thu Dec 18 2014 12:00:00 GMT-0800 (PST)
2002,lexus,RX 300,Base,SUV,automatic,jtjgf10u120139592,California,37.0,125176.0,gray,gray,desert auto trade,5400.0,6600.0,Tue Dec 16 2014 12:30:00 GMT-0800 (PST)
2002,saturn,L-Series,L300,Sedan,automatic,1g8jw54r12y563789,California,1.0,150348.0,black,black,trade in solutions,850.0,850.0,Tue Dec 23 2014 16:00:00 GMT-0800 (PST)
2001,jaguar,S-Type,4,Sedan,automatic,sajda01p51gl94003,California,,89923.0,silver,black,audi san diego,2950.0,2000.0,Wed Dec 17 2014 12:45:00 GMT-0800 (PST)
2002,subaru,Outback,VDC,Wagon,automatic,4s3bh896027651467,California,,128076.0,white,â,apex auto wholesale - gary,3150.0,5100.0,Wed Dec 17 2014 12:30:00 GMT-0800 (PST)
2001,Lincoln,Town Car,Cartier,Sedan,automatic,1lnhm83w51y650544,California,33.0,75245.0,white,gray,california auto exchange,3750.0,3600.0,Wed Dec 31 2014 12:30:00 GMT-0800 (PST)
2002,Volkswagen,Jetta,GLS,Sedan,manual,3vwsk69m62m184899,California,,140704.0,gray,gray,toyota of poway,1600.0,1700.0,Wed Dec 17 2014 12:30:00 GMT-0800 (PST)
2002,saab,9-3,SE,Hatchback,automatic,ys3df58k522031859,California,,104186.0,gray,â,honda of hayward,1650.0,1200.0,Wed Dec 17 2014 12:30:00 GMT-0800 (PST)
2002,volvo,V70,2.4T,Wagon,automatic,yv1sw58dx21251899,California,,189712.0,gray,â,audi concord,1175.0,800.0,Wed Dec 17 2014 12:30:00 GMT-0800 (PST)
2002,oldsmobile,Intrigue,GX,Sedan,automatic,1g3wh52h62f111784,California,2.0,200991.0,silver,gray,purple heart car donation,850.0,400.0,Tue Dec 16 2014 13:00:00 GMT-0800 (PST)
2002,saturn,L-Series,LW300,Wagon,automatic,1g8jw84r22y579663,California,,153507.0,silver,â,honda of hayward,775.0,1100.0,Wed Dec 17 2014 12:30:00 GMT-0800 (PST)
2002,volvo,XC,Base,Wagon,automatic,yv1sz58d621065882,California,28.0,183885.0,black,black,yucca valley chrysler plymouth dodge inc,1125.0,1700.0,Tue Dec 16 2014 12:00:00 GMT-0800 (PST)
2001,chrysler,Town and Country,EX,Minivan,automatic,2c4gp74lx1r320084,California,2.0,160381.0,gold,gray,purple heart services inc,850.0,400.0,Wed Dec 17 2014 11:00:00 GMT-0800 (PST)
2001,land rover,Discovery Series II,SE,SUV,automatic,saltw15411a715936,California,,123762.0,black,â,rab motors,1675.0,1100.0,Wed Dec 17 2014 12:30:00 GMT-0800 (PST)
2001,pontiac,Grand Prix,GT,Sedan,automatic,1g2wp52k21f210944,California,2.0,118198.0,red,gray,credit acceptance corp/vrs/southfield,1500.0,700.0,Wed Jan 14 2015 04:30:00 GMT-0800 (PST)
2002,saturn,S-Series,SL2,Sedan,automatic,1g8zk54742z176578,California,1.0,145658.0,burgundy,beige,center for car donations,900.0,300.0,Wed Dec 17 2014 15:10:00 GMT-0800 (PST)
2001,nissan,Quest,GXE,Minivan,other,4n2zn15t81d807939,California,19.0,152905.0,blue,gray,dynamic auto group,1375.0,1050.0,Wed Dec 17 2014 11:30:00 GMT-0800 (PST)
2001,oldsmobile,alero,gl,,automatic,1g3nl52e61c230242,California,2.0,143775.0,red,gray,inland chevrolet,1400.0,400.0,Tue Dec 16 2014 13:00:00 GMT-0800 (PST)
2001,toyota,Avalon,XL,Sedan,automatic,4t1bf28b31u125413,California,33.0,138904.0,blue,beige,financial services remarketing (lease),2800.0,3500.0,Tue Dec 23 2014 12:00:00 GMT-0800 (PST)
2001,land rover,Range Rover,4.6 HSE,SUV,automatic,salpm16431a447154,California,34.0,121719.0,green,tan,hornburg jaguar,2025.0,2600.0,Wed Dec 17 2014 12:30:00 GMT-0800 (PST)
2001,audi,A4,2.8 quattro,Sedan,automatic,waudh68d81a111358,California,,167727.0,silver,â,audi palo alto,1350.0,750.0,Wed Dec 17 2014 12:30:00 GMT-0800 (PST)
2001,mercedes-benz,S-Class,S55 AMG,Sedan,automatic,wdbng73j21a173608,California,29.0,134777.0,silver,gray,land rover san jose,5000.0,5800.0,Tue Dec 23 2014 12:30:00 GMT-0800 (PST)
2002,toyota,Celica,GT,Hatchback,other,jtddr38t920141823,California,,162246.0,unknown,,quality acceptance,2425.0,1600.0,Thu Dec 18 2014 12:00:00 GMT-0800 (PST)
2001,hyundai,santa,fe 4x4 v6 lx,,automatic,km8sc83d81u114363,California,,209416.0,black,â,savarani motors,875.0,1000.0,Wed Dec 17 2014 12:30:00 GMT-0800 (PST)
2001,land rover,Discovery Series II,SD,SUV,automatic,saltl15451a711185,California,27.0,129096.0,silver,tan,trade in solutions,1725.0,1300.0,Wed Dec 17 2014 12:30:00 GMT-0800 (PST)
2001,mercedes-benz,M-Class,ML430,SUV,automatic,4jgab72e81a251128,California,19.0,124842.0,white,tan,siry auto group,2575.0,2000.0,Wed Dec 17 2014 12:30:00 GMT-0800 (PST)
2002,toyota,ECHO,Base,Sedan,automatic,jtdbt123720216539,California,,168596.0,blue,gray,mazda of orange,2575.0,2400.0,Wed Dec 17 2014 12:30:00 GMT-0800 (PST)
2001,chevrolet,Camaro,Base,Hatchback,automatic,2g1fp22k012116887,California,19.0,113591.0,gray,gray,california fleet inc,1975.0,2250.0,Thu Dec 18 2014 12:00:00 GMT-0800 (PST)
2001,nissan,Sentra,GXE,Sedan,other,3n1cb51d71l456591,California,2.0,135393.0,gray,gray,one autosource,1450.0,1600.0,Wed Dec 31 2014 11:30:00 GMT-0800 (PST)
2002,subaru,Outback,Limited,Wagon,automatic,4s3bh686027609483,California,25.0,324030.0,green,beige,jimmie johnson kearny mesa chevrolet,650.0,1000.0,Tue Dec 23 2014 12:30:00 GMT-0800 (PST)
2001,nissan,Frontier,SE-V6,Crew Cab,automatic,1n6ed27t91c325863,California,,177177.0,blue,â,elite motors,3975.0,5400.0,Wed Dec 17 2014 12:30:00 GMT-0800 (PST)
2001,mazda,MX-5 Miata,Base,Convertible,manual,jm1nb353210216535,California,,44915.0,silver,â,arno auto dealer,4250.0,3500.0,Wed Dec 17 2014 12:30:00 GMT-0800 (PST)
2001,Lincoln,Continental,Base,Sedan,automatic,1lnhm97v41y635380,California,4.0,114133.0,gold,tan,bob baker toyota of lemon grove,1125.0,1500.0,Wed Dec 17 2014 12:15:00 GMT-0800 (PST)
2001,cadillac,Seville,SLS,Sedan,automatic,1g6ks54y21u147921,California,19.0,179303.0,beige,gray,airport car rental inc,725.0,550.0,Wed Dec 17 2014 12:30:00 GMT-0800 (PST)
2001,chevrolet,Tahoe,Base,SUV,automatic,1gnek13t11j104754,California,19.0,205760.0,gray,gray,first choice auto center,2625.0,1800.0,Wed Dec 17 2014 12:30:00 GMT-0800 (PST)
2001,mercedes-benz,M-Class,ML320,SUV,automatic,4jgab54e31a247988,California,2.0,184421.0,white,beige,lon motors,2125.0,1400.0,Wed Dec 17 2014 11:30:00 GMT-0800 (PST)
2002,toyota,camry,v6 le,,automatic,4t1bf30k024023845,California,,267351.0,black,â,mccauley automotive co,1300.0,2500.0,Wed Dec 17 2014 12:30:00 GMT-0800 (PST)
2001,buick,Park Avenue,Base,Sedan,automatic,1g4cw54k314173635,California,2.0,112488.0,black,gray,charitable auto resource,1925.0,700.0,Tue Dec 16 2014 12:00:00 GMT-0800 (PST)
2001,Ford,Windstar,LX,Minivan,automatic,2fmza51411bb53985,California,,190541.0,white,â,winn santa maria hyundai,575.0,700.0,Wed Dec 17 2014 12:30:00 GMT-0800 (PST)
2001,bmw,7 Series,740iL,Sedan,automatic,wbagh83431dp33168,California,1.0,1.0,black,beige,axcess financial,4675.0,2500.0,Wed Mar 04 2015 07:10:00 GMT-0800 (PST)
2001,audi,A4,1.8T Avant quattro,Wagon,automatic,waukc68d31a101164,California,,152291.0,silver,â,stevens creek auto imports,400.0,1000.0,Wed Dec 17 2014 12:30:00 GMT-0800 (PST)
2002,toyota,Camry Solara,SE V6,Convertible,automatic,2t1ff28p12c549690,California,,209631.0,white,â,agoura motorcar co inc,1050.0,1700.0,Thu Dec 18 2014 12:00:00 GMT-0800 (PST)
2000,honda,Civic,VP,Sedan,automatic,2hgej6611yh574105,California,,226117.0,silver,â,apexcars net,1125.0,1550.0,Wed Dec 17 2014 12:30:00 GMT-0800 (PST)
2000,bmw,3 Series,323Ci,Convertible,manual,wbabr3348yeg02058,California,2.0,116389.0,blue,gray,check into cash inc.,2850.0,2200.0,Thu Dec 18 2014 12:00:00 GMT-0800 (PST)
2000,mazda,Millenia,S,Sedan,automatic,jm1ta2222y1608452,California,27.0,155695.0,silver,black,nextgear capital,900.0,400.0,Tue Dec 23 2014 13:00:00 GMT-0800 (PST)
2000,nissan,Maxima,GLE,Sedan,automatic,jn1ca31axyt223114,California,,79054.0,black,â,rd cars,2825.0,2500.0,Wed Dec 17 2014 12:30:00 GMT-0800 (PST)
2000,infiniti,I30,Base,Sedan,automatic,jnkca31a9yt112789,California,,177430.0,silver,â,otis auto sales,1425.0,1350.0,Wed Dec 17 2014 12:30:00 GMT-0800 (PST)
2000,volvo,S40,Base,Sedan,automatic,yv1vs2551yf512207,California,,110342.0,green,â,orange county auto wholesale,775.0,550.0,Wed Dec 17 2014 11:30:00 GMT-0800 (PST)
2000,nissan,Altima,GXE,Sedan,automatic,1n4dl01a2yc200202,California,,98414.0,black,â,james family auto sales,1450.0,1800.0,Thu Dec 18 2014 12:00:00 GMT-0800 (PST)
2000,buick,LeSabre,Limited,Sedan,automatic,1g4hr54k2yu308658,California,19.0,95974.0,silver,gray,worthington ford,2325.0,2200.0,Wed Dec 17 2014 12:00:00 GMT-0800 (PST)
2000,Ford,Explorer,Sport,SUV,automatic,1fmyu60x9yua06113,California,,169958.0,black,gray,mazda of orange,1000.0,500.0,Wed Dec 17 2014 12:30:00 GMT-0800 (PST)
1999,jeep,gr,cherokee 4x4 limited,,automatic,1j4gw68n5xc802272,California,,149586.0,white,â,detroit west auto wholesale,1700.0,1900.0,Wed Dec 17 2014 12:30:00 GMT-0800 (PST)
2000,volvo,V70,XC,Wagon,automatic,yv1lz56dxy2718210,California,2.0,1.0,blue,â,peddle llc,1125.0,500.0,Wed Dec 17 2014 15:00:00 GMT-0800 (PST)
2000,toyota,sienna,le,,automatic,4t3zf13c5yu213440,California,,237510.0,white,â,apexcars net,1825.0,1325.0,Wed Dec 17 2014 12:30:00 GMT-0800 (PST)
2001,Volkswagen,Passat,GLX V6,Sedan,other,wvwbh63b01p010098,California,19.0,135789.0,blue,gray,hertz remarketing,1425.0,800.0,Thu Jan 15 2015 04:00:00 GMT-0800 (PST)
2000,Ford,Mustang,Base,Coupe,manual,1fafp4043yf153454,California,24.0,147629.0,red,black,hertz remarketing,1225.0,700.0,Tue Dec 30 2014 15:00:00 GMT-0800 (PST)
2000,Volkswagen,New Beetle,GLX 1.8T,Hatchback,automatic,3vwdd21c8ym459020,California,19.0,120955.0,black,gray,trade in solutions,1800.0,1500.0,Wed Dec 17 2014 12:30:00 GMT-0800 (PST)
2000,jaguar,XJ-Series,Vanden Plas,Sedan,automatic,sajda24c8ylf09184,California,28.0,84486.0,green,beige,aaero sweet company,3075.0,1800.0,Wed Dec 31 2014 11:30:00 GMT-0800 (PST)
2000,nissan,Maxima,GXE,Sedan,automatic,jn1ca31d5yt716189,California,19.0,134118.0,green,beige,david wilsons ford of orange,1175.0,1700.0,Wed Dec 17 2014 12:30:00 GMT-0800 (PST)
2000,jeep,Cherokee,Classic,SUV,automatic,1j4ft58s0yl153471,California,,153828.0,black,â,hayward auto store llc,2100.0,1450.0,Wed Dec 17 2014 12:30:00 GMT-0800 (PST)
2000,nissan,Altima,XE,Sedan,automatic,1n4dl01d1yc217552,California,,174939.0,gold,â,carlos ricardo landeau,1000.0,1200.0,Wed Dec 17 2014 11:30:00 GMT-0800 (PST)
1999,bmw,Z3,2.3,Convertible,automatic,4usch9334xlg00901,California,26.0,57572.0,green,tan,m l sim,5200.0,4900.0,Tue Dec 16 2014 12:30:00 GMT-0800 (PST)
1999,honda,civic,dx,,automatic,1hgej6262xl802373,California,28.0,93378.0,white,gray,california auto exchange,1775.0,2000.0,Wed Dec 17 2014 12:30:00 GMT-0800 (PST)
1999,Dodge,ram,1500 lramie slt,,automatic,3b7hc13zxxg230208,California,,75332.0,blue,â,usa motors and used,1275.0,3900.0,Wed Dec 17 2014 12:30:00 GMT-0800 (PST)
2001,Volkswagen,Golf,GLS,Hatchback,automatic,9bwgs61j814080120,California,2.0,93095.0,silver,black,ed dees,2100.0,2500.0,Tue Dec 16 2014 12:30:00 GMT-0800 (PST)
2000,audi,A6,2.7T quattro,Sedan,automatic,waued64b6yn121698,California,,130756.0,white,â,mission bay motors,1900.0,2000.0,Wed Dec 17 2014 12:30:00 GMT-0800 (PST)
2000,honda,odyssey,ex,,automatic,2hkrl187xyh594097,California,33.0,132139.0,green,tan,aaero sweet company,1650.0,2400.0,Wed Dec 17 2014 11:30:00 GMT-0800 (PST)
1999,gmc,Yukon,SLT,SUV,automatic,1gkek13r4xj778309,California,,77394.0,blue,â,boardwalk volkswagen  boardwalk lotus,2475.0,300.0,Wed Dec 17 2014 12:30:00 GMT-0800 (PST)
2000,Ford,taurus,lx,,automatic,1fafp5220ya238847,California,2.0,137375.0,black,gray,simer used car sales,975.0,250.0,Wed Dec 17 2014 15:10:00 GMT-0800 (PST)
2000,toyota,sienna,xle,,automatic,4t3zf13c3yu301239,California,23.0,198168.0,white,beige,onemain remarketing services,2125.0,1000.0,Wed Jan 14 2015 04:30:00 GMT-0800 (PST)
2000,Ford,expedition,4x2 xlt,,automatic,1fmru15l3yla12301,California,19.0,206716.0,black,gray,onemain remarketing services,800.0,650.0,Wed Dec 31 2014 12:30:00 GMT-0800 (PST)
1999,chevrolet,Prizm,Base,Sedan,automatic,1y1sk5483xz426878,California,,119638.0,red,â,blvd motors,1025.0,2100.0,Wed Dec 17 2014 12:30:00 GMT-0800 (PST)
2001,Volkswagen,New Beetle,GL,Hatchback,automatic,3vwbk21c91m443492,California,2.0,49310.0,yellow,black,remarketing by ge/manheim california,2000.0,600.0,Wed Dec 31 2014 11:00:00 GMT-0800 (PST)
1999,bmw,3 Series,323i,Sedan,automatic,wbaam3330xca80926,California,,125753.0,white,â,carson honda,2050.0,2600.0,Thu Dec 18 2014 12:00:00 GMT-0800 (PST)
1999,Ford,Escort,LX,Sedan,automatic,1fafp10p6xw130239,California,,114442.0,gold,â,honda of hayward,550.0,1000.0,Wed Dec 17 2014 12:30:00 GMT-0800 (PST)
2000,toyota,Camry Solara,SE,Coupe,automatic,2t1cg22p1yc352455,California,19.0,237523.0,white,beige,hertz remarketing,1350.0,1100.0,Tue Dec 30 2014 15:00:00 GMT-0800 (PST)
2000,chevrolet,s10,4x2 ext,,automatic,1gccs194xy8154358,California,19.0,95637.0,red,gray,enterprise car sales/orange,2500.0,2700.0,Wed Dec 17 2014 12:30:00 GMT-0800 (PST)
1999,chrysler,LHS,Base,Sedan,automatic,2c3hc56g2xh581345,California,43.0,99016.0,brown,beige,wholesale enterprise inc,975.0,3200.0,Tue Dec 16 2014 12:30:00 GMT-0800 (PST)
2000,Lincoln,Town Car,Executive,Sedan,automatic,1lnhm81wxyy805375,California,,115097.0,silver,â,veracom ford,1625.0,1000.0,Wed Dec 17 2014 12:30:00 GMT-0800 (PST)
1999,Ford,windstar,fwd sel,,other,2fmza5346xbc64876,California,19.0,132162.0,green,gray,the car exchange,750.0,1600.0,Wed Dec 17 2014 12:30:00 GMT-0800 (PST)
2000,Ford,f250,4x4 crew xlt,,automatic,1ftnw21f8yec89016,California,26.0,265775.0,white,tan,alliance motor cars,7750.0,7400.0,Thu Jan 08 2015 12:00:00 GMT-0800 (PST)
2000,buick,Regal,LS,Sedan,automatic,2g4wb52k1y1201790,California,1.0,1.0,white,gray,credit acceptance corp/vrs/southfield,2550.0,250.0,Tue Dec 23 2014 13:30:00 GMT-0800 (PST)
2000,Ford,explorer,awd v8 limited,,automatic,1fmdu85pxyzb51084,California,,179075.0,white,â,savarani motors,1200.0,550.0,Wed Dec 17 2014 12:30:00 GMT-0800 (PST)
1999,buick,Park Avenue,Ultra,Sedan,automatic,1g4cu5215x4627764,California,1.0,142243.0,silver,â,purple heart services inc,1025.0,250.0,Tue Dec 23 2014 13:40:00 GMT-0800 (PST)
1999,bmw,5 Series,540i,Sedan,other,wbadn5349xgc93073,California,2.0,133772.0,white,beige,apexcars net,3725.0,1200.0,Wed Jan 07 2015 07:10:00 GMT-0800 (PST)
2000,infiniti,G20,Base,Sedan,automatic,jnkcp11axyt311983,California,3.0,236263.0,white,tan,purple heart services inc,275.0,600.0,Wed Dec 17 2014 11:00:00 GMT-0800 (PST)
2000,chevrolet,1500,4x2 reg silverado,,automatic,1gcec14v8ye423223,California,23.0,195156.0,white,gray,crown auto sales/leasing,1825.0,1400.0,Wed Dec 17 2014 12:30:00 GMT-0800 (PST)
2000,pontiac,Bonneville,SE,Sedan,automatic,1g2hx54k3y4127311,California,,144882.0,silver,â,hayward nissan,1000.0,500.0,Wed Dec 17 2014 12:30:00 GMT-0800 (PST)
2000,bmw,M,Base,Convertible,manual,wbsck9349ylc89928,California,38.0,72535.0,blue,black,porsche of downtown la,10850.0,10750.0,Thu Dec 18 2014 12:30:00 GMT-0800 (PST)
1999,cadillac,Eldorado,Touring,Coupe,automatic,1g6et1291xu602667,California,32.0,82173.0,gray,beige,rpm lenders,1350.0,900.0,Wed Dec 17 2014 12:30:00 GMT-0800 (PST)
2000,chrysler,voyager,fwd 4c,,automatic,2c4fj25b0yr889316,California,2.0,219333.0,white,gray,charitable auto resource,650.0,400.0,Tue Dec 16 2014 13:00:00 GMT-0800 (PST)
1999,chevrolet,venture,fwd ext ls,,automatic,1gndx03e1xd144364,California,25.0,72213.0,white,silver,aaero sweet company,1400.0,1600.0,Wed Dec 17 2014 11:30:00 GMT-0800 (PST)
1999,Dodge,durango,4x4 slt,,automatic,1b4hs28zxxf641463,California,,168143.0,gray,black,kearny mesa toyota,1000.0,1100.0,Wed Dec 17 2014 12:00:00 GMT-0800 (PST)
2000,honda,Accord,EX V6,Sedan,automatic,1hgcg1656ya019581,California,2.0,28884.0,green,beige,mercedes benz of walnut creek,3200.0,1700.0,Wed Dec 17 2014 12:30:00 GMT-0800 (PST)
1999,Dodge,Intrepid,ES,Sedan,automatic,2b3hd56j5xh542903,California,2.0,195725.0,gold,black,purple heart services inc,350.0,300.0,Wed Dec 17 2014 15:10:00 GMT-0800 (PST)
2000,Ford,Contour,SE Sport,Sedan,automatic,1fafp66l7yk105375,California,3.0,69567.0,blue,silver,california auto exchange,1075.0,1650.0,Wed Dec 17 2014 12:30:00 GMT-0800 (PST)
1998,volvo,S90,Base,Sedan,automatic,yv1ks9609w1124439,California,2.0,204947.0,gray,black,purple heart services inc,575.0,200.0,Tue Dec 23 2014 13:40:00 GMT-0800 (PST)
1995,mercedes-benz,S-Class,S320 LWB,Sedan,automatic,wdbga33e6sa240718,California,,172358.0,silver,â,ocean auto sales,1125.0,1700.0,Wed Dec 17 2014 12:30:00 GMT-0800 (PST)
1998,saturn,S-Series,SL1,Sedan,automatic,1g8zh528xwz303897,California,,151438.0,gold,gray,poway honda,750.0,200.0,Wed Dec 17 2014 13:30:00 GMT-0800 (PST)
1997,subaru,Legacy,Outback Limited,Wagon,automatic,4s3bg685xv7646670,California,2.0,193138.0,blue,gray,charitable auto resource,1250.0,400.0,Tue Dec 23 2014 13:00:00 GMT-0800 (PST)
1998,jeep,Cherokee,Sport,SUV,automatic,1j4fj68s2wl204655,California,,149623.0,red,â,beverly hills bmw,1375.0,2000.0,Thu Dec 18 2014 12:00:00 GMT-0800 (PST)
1995,buick,Regal,Custom,Sedan,automatic,2g4wb52l7s1421497,California,2.0,111199.0,white,tan,purple heart services inc,650.0,325.0,Wed Dec 17 2014 13:30:00 GMT-0800 (PST)
1999,pontiac,Grand Am,SE,Sedan,automatic,1g2ne52t1xc575829,California,19.0,187390.0,red,gray,evergreen auto sales,575.0,950.0,Wed Jan 14 2015 04:30:00 GMT-0800 (PST)
1999,pontiac,Sunfire,SE,Coupe,automatic,1g2jb124xx7513525,California,21.0,125618.0,black,gray,high bid trading co inc,550.0,650.0,Wed Dec 17 2014 12:30:00 GMT-0800 (PST)
1996,chevrolet,1500,4x2 ext silverado,,automatic,2gcec19r3t1209228,California,3.0,142834.0,white,blue,purple heart car donation,1450.0,1550.0,Tue Dec 16 2014 12:00:00 GMT-0800 (PST)
1999,volvo,V70,GLT,Wagon,automatic,yv1lw56d2x2570755,California,2.0,1.0,gray,beige,purple heart services inc,1575.0,300.0,Wed Dec 17 2014 15:10:00 GMT-0800 (PST)
1998,chrysler,Sebring,JXi,Convertible,automatic,3c3el55h4wt280160,California,22.0,75328.0,gold,beige,motor city,800.0,550.0,Thu Dec 18 2014 12:00:00 GMT-0800 (PST)
1997,mazda,mpv,base,,automatic,jm3lv5222v0825742,California,19.0,111414.0,green,tan,trade in solutions,800.0,900.0,Tue Dec 23 2014 16:00:00 GMT-0800 (PST)
1997,Ford,explorer,awd xlt,,automatic,1fmdu35p5vza56513,California,1.0,195748.0,white,beige,purple heart services inc,500.0,100.0,Wed Dec 17 2014 11:00:00 GMT-0800 (PST)
1996,Dodge,Ram Pickup 1500,LT,Regular Cab,other,1b7hc16x7ts713572,California,,214359.0,blue,â,premier chry jeep dge ram of w covina,875.0,900.0,Thu Dec 18 2014 12:00:00 GMT-0800 (PST)
1998,volvo,V70,Base,Wagon,automatic,yv1lw5572w2466115,California,19.0,165970.0,silver,gray,high bid trading co inc,900.0,500.0,Wed Jan 14 2015 03:00:00 GMT-0800 (PST)
1995,mercedes-benz,S-Class,S320 SWB,Sedan,automatic,wdbga32e8sa251687,California,,140943.0,silver,â,winn santa maria hyundai,1300.0,800.0,Wed Dec 17 2014 12:30:00 GMT-0800 (PST)
1998,jaguar,XJ-Series,XJ8L,Sedan,automatic,sajhx6242wc819084,California,,93783.0,red,â,brad benson motorsports,1850.0,1000.0,Wed Dec 17 2014 12:30:00 GMT-0800 (PST)
1998,nissan,200SX,SE,Coupe,other,1n4ab42d2wc513060,California,27.0,131413.0,red,gray,wondries toyota,1125.0,1400.0,Wed Dec 17 2014 12:30:00 GMT-0800 (PST)
1997,mitsubishi,Eclipse,RS,Hatchback,manual,4a3ak34y3ve133763,California,,187984.0,silver,gray,mossy nissan oceanside,675.0,300.0,Wed Dec 17 2014 13:30:00 GMT-0800 (PST)
1997,chevrolet,Suburban,1500,SUV,automatic,3gnfk16r8vg109106,California,1.0,244874.0,green,beige,tiger financial management llc,1000.0,500.0,Tue Dec 23 2014 13:00:00 GMT-0800 (PST)
1998,isuzu,Rodeo,LS,SUV,automatic,4s2ck58w5w4376549,California,,129965.0,green,â,concord honda,1250.0,400.0,Wed Dec 17 2014 12:30:00 GMT-0800 (PST)
1997,Dodge,gr,caravn se,,automatic,1b4gp44r7vb473221,California,19.0,246997.0,white,gray,yucca valley chrysler plymouth dodge inc,625.0,550.0,Tue Dec 16 2014 12:00:00 GMT-0800 (PST)
1998,jeep,wrangler,4x4 4c se,,manual,1j4fy29p4wp752602,California,3.0,194242.0,red,beige,charitable auto resource,2450.0,2100.0,Tue Dec 16 2014 13:00:00 GMT-0800 (PST)
1995,Ford,Taurus,GL,Sedan,automatic,1falp52u2sg325268,California,,176693.0,white,blue,toyota of poway,350.0,200.0,Wed Dec 17 2014 12:30:00 GMT-0800 (PST)
1996,Ford,Taurus,LX,Sedan,automatic,1falp53s9tg150791,California,,153831.0,beige,â,concord toyota,450.0,600.0,Wed Dec 17 2014 12:30:00 GMT-0800 (PST)
1998,Dodge,caravan,se,,automatic,2b4gp45g6wr755608,California,,165255.0,green,â,lithia chrysler jeep dodge,400.0,250.0,Wed Dec 17 2014 12:30:00 GMT-0800 (PST)
1997,chevrolet,Cavalier,LS,Sedan,automatic,1g1jf5248v7190234,California,1.0,106235.0,green,blue,charitable auto resource,775.0,400.0,Tue Dec 16 2014 13:00:00 GMT-0800 (PST)
1997,Ford,f150,4x4 ext lariat,,other,1ftex18l9vkc18584,California,,115395.0,burgundy,â,walters auto sales/service inc,2125.0,2400.0,Tue Dec 16 2014 12:30:00 GMT-0800 (PST)
1996,Ford,windstar,fwd gl,,automatic,2fmda5146tbb38041,California,,112355.0,beige,gray,weseloh kia carlsbad,650.0,450.0,Wed Dec 17 2014 12:30:00 GMT-0800 (PST)
1999,saturn,S-Series,SC1,Coupe,automatic,1g8zp1283xz376509,California,2.0,127875.0,purple,beige,purple heart services inc,725.0,300.0,Wed Dec 17 2014 15:05:00 GMT-0800 (PST)
1996,bmw,3 Series,328is,Coupe,manual,wbabg1320tet01542,California,1.0,221625.0,white,beige,apexcars net,825.0,150.0,Wed Feb 04 2015 07:10:00 GMT-0800 (PST)
1996,toyota,Tercel,Base,Coupe,automatic,jt2ac52l5t0172313,California,,265426.0,white,â,metro nissan of montclair,550.0,400.0,Thu Dec 18 2014 12:00:00 GMT-0800 (PST)
1995,pontiac,Grand Prix,SE,Sedan,automatic,1g2wj52m3sf268808,California,1.0,190770.0,white,gray,purple heart services inc,500.0,250.0,Tue Dec 23 2014 13:40:00 GMT-0800 (PST)
1998,volvo,S70,T5,Sedan,automatic,yv1ls5370w1480695,California,,179764.0,silver,gray,bmw of monrovia,550.0,600.0,Thu Dec 18 2014 12:00:00 GMT-0800 (PST)
1999,toyota,sienna,ce,,other,4t3zf19c7xu094974,California,3.0,173036.0,green,tan,the car exchange,1375.0,500.0,Wed Jan 14 2015 03:00:00 GMT-0800 (PST)
1998,land rover,Discovery,LE,SUV,automatic,saljy1244wa778770,California,,130674.0,gold,â,apexcars net,1350.0,800.0,Wed Dec 17 2014 12:30:00 GMT-0800 (PST)
1997,Ford,Mustang SVT Cobra,Base,Convertible,manual,1falp46v6vf149039,California,33.0,102865.0,red,black,mechanics bank,5750.0,900.0,Wed Jan 14 2015 07:00:00 GMT-0800 (PST)
1993,Ford,taurus,gl,,automatic,1facp5246pg168965,California,1.0,57432.0,blue,blue,purple heart services inc,525.0,250.0,Tue Dec 23 2014 15:10:00 GMT-0800 (PST)
1989,toyota,pickup,4x4 dx,,manual,jt4rn01p2k0005711,California,,131187.0,white,gray,kearny mesa toyota,2875.0,800.0,Wed Dec 17 2014 12:00:00 GMT-0800 (PST)
1994,mercury,Grand Marquis,LS,Sedan,automatic,2melm75w8rx671727,California,2.0,156428.0,beige,beige,purple heart services inc,400.0,250.0,Tue Dec 23 2014 15:10:00 GMT-0800 (PST)
1993,oldsmobile,ciera,s,,automatic,1g3ag54nxp6454024,California,,122636.0,burgundy,gray,kearny mesa toyota,300.0,800.0,Wed Dec 17 2014 12:00:00 GMT-0800 (PST)
1994,mercedes-benz,C-Class,C280,Sedan,other,wdbha28exrf014928,California,3.0,115680.0,gray,gray,s/s auto wholesale,1175.0,1100.0,Wed Dec 17 2014 12:30:00 GMT-0800 (PST)
1993,acura,Legend,L,Sedan,automatic,jh4ka7660pc030794,California,,233011.0,green,â,brad benson motorsports,425.0,200.0,Wed Dec 17 2014 12:30:00 GMT-0800 (PST)
1993,geo,Prizm,Base,Sedan,other,1y1sk5367pz013099,California,3.0,139565.0,white,â,purple heart services inc,750.0,300.0,Tue Dec 23 2014 15:10:00 GMT-0800 (PST)
1991,lexus,LS 400,Base,Sedan,automatic,jt8uf11e5m0094008,California,2.0,171533.0,silver,silver,san diego sports cars,1075.0,1400.0,Wed Dec 17 2014 12:15:00 GMT-0800 (PST)
1994,acura,Legend,GS,Sedan,automatic,jh4ka768xrc007768,California,,187908.0,white,â,winn volkswagen,1100.0,550.0,Wed Dec 17 2014 12:30:00 GMT-0800 (PST)
1992,oldsmobile,Cutlass Ciera,S,Sedan,automatic,1g3al54n0n6406766,California,2.0,268325.0,white,blue,wondries toyota,325.0,200.0,Wed Feb 11 2015 04:30:00 GMT-0800 (PST)
2014,hyundai,Genesis Coupe,3.8 Ultimate,Genesis Coupe,automatic,kmhhu6kj6eu113690,California,5.0,3792.0,white,brown,aaero sweet company,24800.0,24750.0,Wed Dec 17 2014 12:15:00 GMT-0800 (PST)
2014,hyundai,Santa Fe Sport,Sport 2.0T,SUV,automatic,5xyzwdlaxeg118480,California,5.0,5210.0,white,brown,hyundai motor america/co car,25400.0,27100.0,Tue Dec 16 2014 12:00:00 GMT-0800 (PST)
2014,kia,Cadenza,Premium,Sedan,automatic,knaln4d74e5145238,California,33.0,15867.0,gray,black,kia motors america  inc,20000.0,20750.0,Tue Jan 20 2015 04:30:00 GMT-0800 (PST)
2014,infiniti,Q50,Premium,Sedan,automatic,jn1bv7ap1em670044,California,37.0,15871.0,unknown,black,nissan infiniti lt,29400.0,30250.0,Thu Dec 18 2014 12:30:00 GMT-0800 (PST)
2014,jeep,Patriot,Limited,SUV,automatic,1c4njpcb6ed805638,California,44.0,3762.0,white,black,donlen corporation,17400.0,18000.0,Thu Dec 18 2014 12:00:00 GMT-0800 (PST)
2014,hyundai,Elantra GT,Base,Hatchback,automatic,kmhd35lh0eu190031,California,1.0,10134.0,white,black,enterprise vehicle exchange / tra / rental / tulsa,14150.0,10300.0,Tue Dec 16 2014 12:00:00 GMT-0800 (PST)
2014,jaguar,F-TYPE,V8 S,Convertible,automatic,sajwa6gl0emk02767,California,5.0,5357.0,black,red,jaguar north america llc,73000.0,73000.0,Thu Dec 18 2014 12:30:00 GMT-0800 (PST)
2014,Ford,Shelby GT500,Base,Coupe,manual,1zvbp8jz8e5217125,California,42.0,10426.0,white,black,high bid trading co inc,52900.0,55250.0,Thu Dec 18 2014 12:00:00 GMT-0800 (PST)
2014,infiniti,QX70,Base,SUV,automatic,jn8cs1mw5em411622,California,48.0,2005.0,white,black,nissan north america inc.,39000.0,41500.0,Thu Dec 18 2014 12:30:00 GMT-0800 (PST)
2014,kia,Forte,Forte5 EX,Hatchback,automatic,knafx5a8xe5232667,California,42.0,13590.0,gray,black,kia motors america  inc,13200.0,14500.0,Tue Dec 16 2014 12:30:00 GMT-0800 (PST)
2014,infiniti,Q50,Hybrid Sport,Sedan,automatic,jn1av7ap5em690888,California,49.0,2003.0,black,black,nissan north america inc.,36300.0,32750.0,Tue Dec 16 2014 12:30:00 GMT-0800 (PST)
2014,jaguar,XJ,XJR,Sedan,automatic,sajwa1ek6emv67838,California,49.0,4225.0,silver,red,jaguar north america llc,87000.0,83500.0,Thu Dec 18 2014 12:30:00 GMT-0800 (PST)
2014,infiniti,Q50,Hybrid Premium,Sedan,automatic,jn1av7ar6em702189,California,45.0,9954.0,gray,beige,nissan north america inc.,34000.0,32750.0,Thu Dec 18 2014 12:30:00 GMT-0800 (PST)
2014,honda,Accord,Sport,Sedan,automatic,1hgcr2f54ea105824,California,49.0,11070.0,gray,gray,ahfc/honda lease trust/hvt  inc.,18850.0,20500.0,Thu Dec 18 2014 12:00:00 GMT-0800 (PST)
2014,hyundai,Santa Fe Sport,Sport,SUV,automatic,5xyztdlb4eg189885,California,43.0,10567.0,gray,beige,hyundai motor america,21400.0,20700.0,Tue Dec 16 2014 12:00:00 GMT-0800 (PST)
2014,honda,Pilot,Touring w/Navigation and Rear Entertainment,SUV,automatic,5fnyf3h93eb025179,California,45.0,4048.0,white,black,ahfc/honda lease trust/hvt  inc.,32600.0,34250.0,Thu Dec 18 2014 12:00:00 GMT-0800 (PST)
2014,jaguar,F-TYPE,S,Convertible,automatic,sajwa6fc2e8k01081,California,48.0,5236.0,red,red,jaguar north america llc,63000.0,67500.0,Thu Dec 18 2014 12:30:00 GMT-0800 (PST)
2014,infiniti,QX60,Base,SUV,automatic,5n1al0mm9ec526377,California,37.0,18800.0,unknown,black,nissan north america inc.,35400.0,38000.0,Thu Dec 18 2014 12:30:00 GMT-0800 (PST)
2014,gmc,Yukon XL,SLT 1500,SUV,automatic,1gks2ke73er229266,California,41.0,28263.0,silver,gray,enterprise veh exchange/rental,33200.0,32500.0,Thu Dec 18 2014 11:30:00 GMT-0800 (PST)
2014,infiniti,Q60 Convertible,Base,Q60 Convertible,automatic,jn1cv6fe4em901041,California,47.0,4768.0,black,black,nissan north america inc.,35100.0,31500.0,Tue Dec 16 2014 12:30:00 GMT-0800 (PST)
2014,hyundai,Elantra,Sport,Sedan,automatic,kmhdh4ah0eu182882,California,5.0,4006.0,black,gray,hyundai motor america/co car,16700.0,18600.0,Tue Dec 16 2014 12:00:00 GMT-0800 (PST)
2014,infiniti,QX60,Hybrid,SUV,automatic,5n1cl0mm1ec512594,California,5.0,8269.0,white,brown,nissan north america inc.,40900.0,34250.0,Tue Dec 16 2014 12:30:00 GMT-0800 (PST)
2014,jeep,Cherokee,Latitude,SUV,automatic,1c4pjmcs4ew114569,California,4.0,11849.0,unknown,black,chrysler group/hertz/pv holding/000gd,22200.0,21500.0,Tue Feb 03 2015 04:30:00 GMT-0800 (PST)
2014,mini,Cooper Roadster,Base,Convertible,automatic,wmwsy1c57et625707,California,47.0,4929.0,white,â,bmw mini financial services,18850.0,19250.0,Thu Dec 18 2014 12:30:00 GMT-0800 (PST)
2014,mazda,CX-5,Sport,SUV,automatic,jm3ke2be1e0412747,California,42.0,13264.0,gray,black,mazda motors of america inc.,18350.0,19500.0,Tue Jan 13 2015 12:30:00 GMT-0800 (PST)
2014,mazda,Mazda3,i Grand Touring,Sedan,manual,jm1bm1w74e1125995,California,43.0,13259.0,gray,black,onemain rem/fmt enterprises inc,18400.0,18000.0,Thu Dec 18 2014 12:00:00 GMT-0800 (PST)
2014,mazda,CX-5,Touring,SUV,automatic,jm3ke2cy6e0428189,California,44.0,14037.0,gray,black,mazda motors of america inc.,20700.0,20750.0,Tue Dec 16 2014 12:30:00 GMT-0800 (PST)
2014,mazda,CX-5,Grand Touring,SUV,automatic,jm3ke2dy4e0405203,California,42.0,10106.0,gray,black,mazda motors of america inc.,24400.0,24000.0,Tue Dec 16 2014 12:30:00 GMT-0800 (PST)
2014,mini,Cooper Paceman,John Cooper Works ALL4,Hatchback,automatic,wmwss9c5xewn98517,California,48.0,1789.0,black,black,high bid trading co inc,32700.0,34750.0,Thu Dec 18 2014 12:00:00 GMT-0800 (PST)
2014,land rover,LR4,XXV,SUV,automatic,salak2v69ea704716,California,48.0,3861.0,brown,tan,land rover north america llc,67000.0,62000.0,Thu Dec 18 2014 12:30:00 GMT-0800 (PST)
2014,land rover,LR4,HSE,SUV,automatic,salag2v63ea693164,California,48.0,7270.0,red,tan,land rover north america llc,61000.0,60000.0,Thu Dec 18 2014 12:30:00 GMT-0800 (PST)
2014,land rover,Range Rover,Autobiography LWB,SUV,automatic,salgv3tf1ea155989,California,46.0,5369.0,white,orange,land rover north america llc,136000.0,135000.0,Thu Dec 18 2014 12:30:00 GMT-0800 (PST)
2014,land rover,Range Rover Sport,Autobiography,SUV,automatic,salwv2ef3ea300128,California,48.0,5556.0,white,red,land rover north america llc,85000.0,98000.0,Thu Jan 15 2015 04:30:00 GMT-0800 (PST)
2014,nissan,Pathfinder,SL,SUV,automatic,5n1ar2mm1ec601728,California,43.0,16305.0,brown,black,nissan north america inc.,30100.0,28750.0,Tue Dec 16 2014 12:30:00 GMT-0800 (PST)
2014,mazda,MX-5 Miata,Grand Touring,Convertible,manual,jm1nc2pfxe0236844,California,44.0,11809.0,black,brown,mazda motors of america inc.,23800.0,22500.0,Tue Dec 16 2014 12:30:00 GMT-0800 (PST)
2014,nissan,Versa,1.6 SV,Sedan,automatic,3n1cn7ap6el828926,California,19.0,12311.0,blue,black,wells fargo dealer services,11100.0,9200.0,Thu Dec 18 2014 12:00:00 GMT-0800 (PST)
2014,mazda,MX-5 Miata,Club,Convertible,automatic,jm1nc2lf6e0235180,California,43.0,13611.0,white,black,mazda motors of america inc.,20700.0,20000.0,Tue Dec 16 2014 12:30:00 GMT-0800 (PST)
2014,nissan,Rogue Select,S,SUV,automatic,jn8as5mt3ew102417,California,47.0,6497.0,red,black,team nissan,15650.0,15250.0,Tue Dec 16 2014 12:30:00 GMT-0800 (PST)
2014,porsche,Cayman,Base,Coupe,automatic,wp0aa2a81ek172194,California,5.0,174.0,blue,black,sports trend auto sales,51200.0,57500.0,Thu Jan 15 2015 04:30:00 GMT-0800 (PST)
2014,nissan,Pathfinder,Platinum,SUV,automatic,5n1ar2mm0ec700203,California,49.0,21661.0,red,beige,nissan north america inc.,28900.0,31750.0,Tue Dec 16 2014 12:30:00 GMT-0800 (PST)
2014,mercedes-benz,CLA-Class,CLA45 AMG,Sedan,automatic,wddsj5cb9en047513,California,28.0,9399.0,white,black,high bid trading co inc,50700.0,52000.0,Thu Dec 18 2014 12:00:00 GMT-0800 (PST)
2014,mercedes-benz,GL-Class,GL63 AMG,SUV,automatic,4jgdf7ee7ea347612,California,43.0,14363.0,black,gray,mercedes-benz usa,94000.0,88500.0,Thu Dec 18 2014 12:00:00 GMT-0800 (PST)
2014,mercedes-benz,E-Class,E550,Convertible,automatic,wddkk7df1ef230926,California,39.0,8724.0,red,black,mercedes-benz usa,55400.0,55500.0,Thu Jan 29 2015 04:00:00 GMT-0800 (PST)
2014,mercedes-benz,G-Class,G63 AMG,SUV,automatic,wdcyc7df6ex216753,California,5.0,980.0,charcoal,black,chings trading,133000.0,134000.0,Thu Dec 18 2014 12:30:00 GMT-0800 (PST)
2014,mercedes-benz,C-Class,C300 Sport 4MATIC,Sedan,automatic,wddgf8ab5ea917356,California,5.0,8759.0,green,gray,wheels exchange llc,30100.0,29500.0,Wed Dec 17 2014 12:30:00 GMT-0800 (PST)
2014,mercedes-benz,E-Class,E63 AMG 4MATIC,Sedan,automatic,wddhf9cb4ea930400,California,42.0,8938.0,black,black,mercedes-benz finc wholesale advantage,70000.0,68500.0,Thu Dec 18 2014 12:30:00 GMT-0800 (PST)
2014,mercedes-benz,GLK-Class,GLK250 BlueTEC 4MATIC,SUV,automatic,wdcgg0eb2eg290335,California,48.0,2322.0,gray,beige,the car exchange,39500.0,35500.0,Thu Dec 18 2014 12:30:00 GMT-0800 (PST)
2014,mercedes-benz,CLA-Class,CLA250,Sedan,automatic,wddsj4eb6en037173,California,45.0,13668.0,unknown,gray,mercedes-benz usa,28700.0,26250.0,Thu Dec 18 2014 12:00:00 GMT-0800 (PST)
2013,chevrolet,Captiva Sport,LS Fleet,SUV,automatic,3gnal2ekxds602816,California,39.0,38733.0,gray,black,enterprise veh exchange/rental,12400.0,12500.0,Thu Dec 18 2014 11:30:00 GMT-0800 (PST)
2013,audi,allroad,Premium quattro,Wagon,automatic,wa19fafl3da102061,California,38.0,22496.0,black,black,audi mission viejo,29300.0,28250.0,Thu Dec 18 2014 12:00:00 GMT-0800 (PST)
2013,cadillac,ATS,Luxury,Sedan,automatic,1g6ab5rxxd0156860,California,1.0,22734.0,silver,black,enterprise vehicle exchange / tra / rental / tulsa,20500.0,14400.0,Tue Dec 23 2014 12:00:00 GMT-0800 (PST)
2013,bmw,3 Series,320i,Sedan,automatic,wba3b1c5xdk128435,California,46.0,28198.0,white,tan,financial services remarketing (lease),22800.0,24500.0,Thu Dec 18 2014 12:30:00 GMT-0800 (PST)
2014,ram,2500,SLT,Crew Cab,automatic,3c6tr5dt4eg207456,California,44.0,20167.0,silver,gray,enterprise veh exchange/rental,28000.0,29000.0,Thu Dec 18 2014 11:30:00 GMT-0800 (PST)
2014,toyota,Prius v,Three,Wagon,automatic,jtdzn3eu8ej002201,California,1.0,20387.0,gray,black,ge fleet services for itself/servicer,18750.0,11500.0,Tue Dec 16 2014 12:00:00 GMT-0800 (PST)
2013,chevrolet,Captiva Sport,LT Fleet,SUV,automatic,3gnal3ekxds615264,California,48.0,39763.0,red,black,avis rac/san leandro,12450.0,13700.0,Wed Dec 17 2014 12:30:00 GMT-0800 (PST)
2013,bentley,Continental GTC,Base,Convertible,automatic,scbgu3za5dc085358,California,4.0,16603.0,blue,beige,porsche fin svcs dba bentley financial services,149000.0,139000.0,Thu Dec 18 2014 12:30:00 GMT-0800 (PST)
2013,acura,ILX,Premium Package,Sedan,automatic,19vde1f58de016531,California,44.0,29989.0,gray,black,ahfc/honda lease trust/hvt  inc. eot,17100.0,19300.0,Thu Dec 18 2014 12:00:00 GMT-0800 (PST)
2013,bmw,X1,xDrive35i,SUV,automatic,wbavm5c59dvv91160,California,42.0,12780.0,gray,black,financial services remarketing (lease),32300.0,30250.0,Thu Dec 18 2014 12:30:00 GMT-0800 (PST)
2013,audi,S6,Prestige,Sedan,automatic,wauf2afc5dn109023,California,23.0,10464.0,black,black,fratelli investment group,48100.0,43500.0,Thu Dec 18 2014 12:00:00 GMT-0800 (PST)
2014,subaru,XV Crosstrek,Limited,SUV,automatic,jf2gpagc1e8247926,California,43.0,29261.0,silver,black,jpmorgan chase bank n.a.,20400.0,20000.0,Thu Dec 18 2014 12:00:00 GMT-0800 (PST)
2013,audi,A5,2.0T Premium Plus quattro,Convertible,automatic,waulfafh3dn000269,California,35.0,24548.0,black,beige,high bid trading co inc,32600.0,30500.0,Thu Dec 18 2014 12:00:00 GMT-0800 (PST)
2013,chevrolet,Camaro,SS,Coupe,manual,2g1ft1ew7d9125182,California,42.0,33930.0,gray,black,rancho ford,22600.0,25000.0,Thu Dec 18 2014 12:00:00 GMT-0800 (PST)
2014,toyota,Corolla,LE Plus,Sedan,automatic,5yfburhe5ep094827,California,,18267.0,gray,black,enterprise vehicle exchange / tra / rental / tulsa,13450.0,4250.0,Tue Dec 16 2014 13:00:00 GMT-0800 (PST)
2014,toyota,Corolla,S Plus,Sedan,automatic,5yfburhe6ep114051,California,,17841.0,silver,black,hertz/tra,14050.0,3250.0,Tue Dec 16 2014 13:00:00 GMT-0800 (PST)
2014,subaru,Forester,2.0XT Touring,SUV,automatic,jf2sjgmc3eh443353,California,46.0,27348.0,white,black,premium auto wholesale,26800.0,27500.0,Tue Dec 30 2014 15:00:00 GMT-0800 (PST)
2014,Volkswagen,Touareg,V6 Executive,SUV,automatic,wvgef9bp5ed010019,California,2.0,17779.0,blue,black,enterprise vehicle exchange / tra / rental / tulsa,28300.0,19100.0,Thu Dec 18 2014 12:00:00 GMT-0800 (PST)
2013,buick,LaCrosse,Leather Group,Sedan,automatic,1g4gc5e35df154630,California,25.0,64920.0,white,black,the hertz corporation,13600.0,13500.0,Wed Dec 17 2014 12:30:00 GMT-0800 (PST)
2014,ram,3500,SLT,Crew Cab,other,3c63r3hl1eg259996,California,2.0,17210.0,white,gray,enterprise vehicle exchange / tra / rental / tulsa,38400.0,31600.0,Tue Dec 16 2014 13:00:00 GMT-0800 (PST)
2013,audi,Q7,3.0T Premium Plus quattro,SUV,automatic,wa1lgafe7dd004928,California,41.0,76543.0,gray,black,enterprise vehicle exchange/orange,36400.0,31000.0,Tue Dec 23 2014 12:30:00 GMT-0800 (PST)
2013,bmw,7 Series,750Li xDrive,Sedan,other,wbayf8c5xdde59378,California,46.0,16188.0,beige,tan,financial services remarketing (lease),53000.0,52500.0,Thu Dec 18 2014 12:30:00 GMT-0800 (PST)
2013,Ford,C-Max Energi,SEL,Wagon,automatic,1fadp5cu1dl516824,California,36.0,32753.0,white,tan,ge fleet services for itself/servicer,14900.0,15500.0,Tue Dec 16 2014 12:00:00 GMT-0800 (PST)
2013,Ford,Escape,SEL,SUV,automatic,1fmcu9hx7dub32111,California,41.0,70429.0,silver,black,the hertz corporation,13950.0,14100.0,Wed Dec 17 2014 12:30:00 GMT-0800 (PST)
2013,Ford,C-Max Hybrid,SE,Wagon,automatic,1fadp5au2dl511764,California,44.0,30869.0,white,black,ford motor credit company llc pd,12500.0,13200.0,Thu Dec 18 2014 12:00:00 GMT-0800 (PST)
2013,chevrolet,Spark,2LT,Hatchback,automatic,kl8cf6s94dc580764,California,2.0,30939.0,silver,beige,fox rent a car tra,8525.0,4000.0,Tue Jan 20 2015 04:00:00 GMT-0800 (PST)
2013,Ford,Escape,Titanium,SUV,automatic,1fmcu0j91dub32953,California,42.0,83203.0,black,black,m/r motors inc,16250.0,15500.0,Thu Jan 15 2015 04:00:00 GMT-0800 (PST)
2013,Dodge,Dart,SE,Sedan,manual,1c3cdfah4dd256556,California,39.0,29508.0,red,black,gm financial,9750.0,10000.0,Wed Dec 17 2014 12:30:00 GMT-0800 (PST)
2013,honda,Civic,LX PZEV,Sedan,automatic,19xfb2f58de255849,California,42.0,12785.0,black,black,ahfc/honda lease trust/hvt  inc.,15450.0,14800.0,Thu Dec 18 2014 12:00:00 GMT-0800 (PST)
2013,Ford,Fiesta,Titanium,Hatchback,automatic,3fadp4fj8dm220595,California,42.0,17391.0,gray,black,ford motor credit company llc pd,11250.0,12700.0,Tue Jan 07 2014 13:00:00 GMT-0800 (PST)
2013,gmc,Terrain,SLT-1,SUV,automatic,2gkflvek0d6215842,California,3.0,62453.0,silver,black,the hertz corporation/gm,16050.0,16200.0,Tue Dec 16 2014 12:30:00 GMT-0800 (PST)
2013,honda,Pilot,EX-L w/Rear Entertainment,SUV,automatic,5fnyf3h67db024881,California,42.0,7170.0,white,gray,ahfc/honda lease trust/hvt  inc.,28300.0,29000.0,Thu Dec 18 2014 12:00:00 GMT-0800 (PST)
2013,Ford,Focus ST,Base,Hatchback,automatic,1fadp3l92dl185767,California,,33244.0,unknown,gray,kearny pearson kia,15700.0,16500.0,Wed Dec 17 2014 12:30:00 GMT-0800 (PST)
2013,Ford,Fusion Hybrid,SE,Sedan,automatic,3fa6p0lu9dr142766,California,42.0,23286.0,black,black,ford motor credit company llc pd,17300.0,19800.0,Thu Dec 18 2014 12:00:00 GMT-0800 (PST)
2013,honda,Civic,Hybrid PZEV w/Leather and Navigation,Sedan,automatic,19xfb4f33de203670,California,37.0,25439.0,silver,gray,american honda motor company,16200.0,17700.0,Thu Dec 18 2014 12:00:00 GMT-0800 (PST)
2013,Ford,F-150,Limited,SuperCrew,automatic,1ftfw1et3dfa55126,California,46.0,13975.0,red,red,certified preowned ford&lincoln/mercury dlr unit,38800.0,40000.0,Thu Dec 18 2014 12:00:00 GMT-0800 (PST)
2014,audi,RS 7,Prestige quattro,Sedan,automatic,wuaw2afc7en902024,California,5.0,6526.0,black,black,kawo int'l inc,101000.0,105000.0,Thu Dec 18 2014 12:30:00 GMT-0800 (PST)
2014,acura,MDX,SH-AWD w/Technology Package,SUV,automatic,5fryd4h49eb036816,California,39.0,8577.0,white,beige,high bid trading co inc,42700.0,43250.0,Wed Dec 17 2014 12:15:00 GMT-0800 (PST)
2013,volvo,XC60,T6,SUV,automatic,yv4902dz6d2460492,California,22.0,11670.0,gray,black,volvo na rep/world omni,31000.0,26000.0,Thu Dec 18 2014 12:30:00 GMT-0800 (PST)
2012,audi,Q7,3.0T Premium quattro,SUV,automatic,wa1lgafe4cd004223,California,31.0,25728.0,black,black,high bid trading co inc,35300.0,35750.0,Thu Dec 18 2014 12:00:00 GMT-0800 (PST)
2013,toyota,Venza,XLE,Wagon,automatic,4t3za3bb8du075714,California,38.0,19204.0,white,beige,reliance motors llc,22300.0,22500.0,Thu Dec 18 2014 12:00:00 GMT-0800 (PST)
2012,audi,A8,L 4.2 quattro,Sedan,automatic,waurvafd7cn011073,California,41.0,20909.0,black,beige,fratelli investment group,45200.0,46750.0,Thu Dec 18 2014 12:00:00 GMT-0800 (PST)
2013,toyota,Sienna,Limited 7-Passenger,Minivan,automatic,5tdyk3dc1ds320577,California,38.0,10693.0,white,gray,skyhigh remarketing inc,26900.0,27250.0,Wed Dec 17 2014 12:15:00 GMT-0800 (PST)
2013,ram,2500,Tradesman,Crew Cab,automatic,3c6ur5cl2dg515777,California,42.0,12542.0,white,black,california fleet inc,33700.0,36750.0,Thu Dec 18 2014 12:00:00 GMT-0800 (PST)
2012,bmw,5 Series Gran Turismo,550i,Hatchback,automatic,wbasn4c51cc210079,California,33.0,41554.0,gray,black,high bid trading co inc,38000.0,36250.0,Wed Dec 17 2014 12:15:00 GMT-0800 (PST)
2012,lexus,GX 460,Base,SUV,automatic,jtjbm7fx5c5040900,California,4.0,17148.0,black,black,lexus of thousand oaks,41200.0,39000.0,Thu Dec 18 2014 12:30:00 GMT-0800 (PST)
2012,lexus,CT 200h,Base,Hatchback,automatic,jthkd5bh7c2110273,California,42.0,35286.0,silver,black,american road leasing inc,20000.0,22500.0,Wed Dec 17 2014 12:15:00 GMT-0800 (PST)
2012,mercedes-benz,C-Class,C300 Luxury 4MATIC,Sedan,automatic,wddgf8bb8cr196740,California,46.0,30052.0,white,beige,mercedes-benz finc wholesale advantage,22400.0,26250.0,Thu Dec 18 2014 12:30:00 GMT-0800 (PST)
2012,nissan,Titan,SV,King Cab,automatic,1n6aa0cj8cn304297,California,48.0,35792.0,white,black,california fleet inc,20300.0,22000.0,Thu Dec 18 2014 12:00:00 GMT-0800 (PST)
2012,subaru,Outback,2.5i Premium PZEV,Wagon,automatic,4s4brbfc0c3267438,California,29.0,60697.0,silver,black,fleet street remarketing llc,15750.0,15100.0,Thu Dec 18 2014 12:00:00 GMT-0800 (PST)
2011,Dodge,Avenger,Express,Sedan,automatic,1b3bd4fb3bn616764,California,35.0,52967.0,gray,black,bob baker jeep,8150.0,7600.0,Wed Dec 17 2014 12:15:00 GMT-0800 (PST)
2011,Dodge,Caliber,Heat,Wagon,automatic,1b3cb5ha6bd249112,California,34.0,66489.0,silver,black,guard auto sales,7475.0,8000.0,Wed Dec 17 2014 12:30:00 GMT-0800 (PST)
2011,bmw,5 Series Gran Turismo,550i xDrive,Hatchback,automatic,wbasp4c56bc341422,California,,49696.0,gray,â,apexcars net,28700.0,28100.0,Wed Dec 17 2014 12:30:00 GMT-0800 (PST)
2011,mini,Cooper Countryman,S,Wagon,automatic,wmwzc3c59bwl79830,California,,39533.0,red,â,century dealer services corp,16950.0,17500.0,Wed Dec 17 2014 12:15:00 GMT-0800 (PST)
2011,land rover,LR4,V8,SUV,automatic,salag2d49ba582131,California,37.0,73377.0,black,black,audi of chandler,27900.0,27750.0,Thu Dec 18 2014 12:30:00 GMT-0800 (PST)
2011,nissan,Juke,SV,Hatchback,automatic,jn8af5mr2bt006588,California,41.0,25694.0,gray,black,high bid trading co inc,12700.0,12800.0,Wed Dec 17 2014 12:15:00 GMT-0800 (PST)
2011,mercedes-benz,SLK-Class,SLK300,Convertible,automatic,wdbwk5ea2bf238269,California,37.0,37528.0,black,black,mercedes-benz financial services,25200.0,24500.0,Thu Dec 18 2014 12:30:00 GMT-0800 (PST)
2010,cadillac,CTS Wagon,Sport,CTS Wagon,automatic,1g6da8eg1a0119831,California,35.0,54985.0,silver,silver,fivetenauto sales inc,14750.0,14800.0,Wed Dec 17 2014 12:30:00 GMT-0800 (PST)
2011,subaru,Outback,3.6R Limited,Wagon,automatic,4s4brdkc3b2418066,California,43.0,24909.0,gray,black,premium auto wholesale,21400.0,22400.0,Thu Dec 18 2014 12:00:00 GMT-0800 (PST)
2011,mercedes-benz,SLS AMG,Base,Coupe,automatic,wddrj7ha4ba004243,California,41.0,22128.0,gray,black,jba motors llc,123000.0,117800.0,Thu Dec 18 2014 12:30:00 GMT-0800 (PST)
2010,toyota,Corolla,XLE,Sedan,automatic,2t1bu4ee5ac413175,California,22.0,72413.0,white,gray,santander consumer,7600.0,8200.0,Thu Dec 18 2014 12:00:00 GMT-0800 (PST)
2010,Dodge,Ram Pickup 2500,Laramie,Crew Cab,automatic,3d7tt2ct3ag190465,California,38.0,90779.0,white,black,century dealer services corp,15800.0,15000.0,Wed Dec 17 2014 12:30:00 GMT-0800 (PST)
2014,Dodge,Durango,Limited,SUV,other,1c4rdhdg7ec443463,California,,28447.0,black,â,enterprise veh exchange/rental,26900.0,27500.0,Thu Dec 18 2014 11:30:00 GMT-0800 (PST)
2014,Dodge,Challenger,SRT8 Core,Coupe,manual,2c3cdydj4eh253543,California,44.0,6430.0,white,black,aaero sweet company,30600.0,34000.0,Thu Dec 18 2014 11:30:00 GMT-0800 (PST)
2009,jaguar,XF,Luxury,Sedan,automatic,sajwa05b39hr42352,California,35.0,73334.0,black,gray,jaguar land rover north scottsdale,16750.0,17000.0,Mon Jan 06 2014 12:00:00 GMT-0800 (PST)
2010,Volkswagen,Jetta,Limited Edition PZEV,Sedan,automatic,3vwaz7ajxam109443,California,,97976.0,black,â,cherry motors,6225.0,5500.0,Wed Dec 17 2014 12:30:00 GMT-0800 (PST)
2010,Volkswagen,Jetta,SportWagen TDI,Wagon,automatic,3vwpl7aj5am669169,California,,157622.0,white,black,bob baker volkswagen subaru,6325.0,7500.0,Wed Dec 17 2014 12:30:00 GMT-0800 (PST)
2009,jeep,Grand Cherokee,SRT-8,SUV,automatic,1j8hr78w49c506431,California,39.0,49573.0,red,black,specialized sales and leasing,29600.0,28750.0,Thu Dec 18 2014 12:30:00 GMT-0800 (PST)
2009,mazda,CX-7,Sport,SUV,automatic,jm3er29l990218589,California,37.0,63303.0,red,gray,santander consumer,7625.0,9100.0,Thu Dec 18 2014 12:00:00 GMT-0800 (PST)
2008,chevrolet,2500,slv 4x2 ex work truck,,automatic,1gbhc29kx8e148069,California,28.0,137915.0,white,gray,premium auto wholesale,7300.0,10300.0,Thu Dec 18 2014 12:00:00 GMT-0800 (PST)
2008,chrysler,300,C HEMI,Sedan,automatic,2c3la63h98h140087,California,37.0,121950.0,silver,black,premium auto wholesale,8900.0,9700.0,Thu Dec 18 2014 12:00:00 GMT-0800 (PST)
2009,mercedes-benz,R-Class,R350 4MATIC,Wagon,automatic,4jgcb65e39a089936,California,34.0,97289.0,black,black,high bid trading co inc,13200.0,13750.0,Wed Dec 17 2014 12:15:00 GMT-0800 (PST)
2009,Volkswagen,CC,Luxury,Sedan,automatic,wvwhl73c69e539442,California,28.0,35779.0,white,beige,premium auto wholesale,12100.0,10000.0,Thu Dec 18 2014 12:00:00 GMT-0800 (PST)
2008,chrysler,Aspen,Limited,SUV,automatic,1a8hx58208f106449,California,,366136.0,gray,gray,san diego auto finder,4650.0,2450.0,Wed Dec 17 2014 12:15:00 GMT-0800 (PST)
2008,chevrolet,Uplander,LS,Minivan,automatic,1gndv23178d145812,California,24.0,98377.0,beige,beige,santander consumer,3550.0,4200.0,Thu Dec 18 2014 12:00:00 GMT-0800 (PST)
2009,porsche,911,4x2 6c carrera,,automatic,wp0aa29909s706272,California,37.0,43506.0,white,gray,future auto sales inc,45700.0,45300.0,Thu Dec 18 2014 12:30:00 GMT-0800 (PST)
2009,nissan,Quest,3.5 SL,Minivan,automatic,5n1bv28u89n105541,California,32.0,66321.0,blue,gray,santander consumer,7500.0,8000.0,Thu Dec 18 2014 12:00:00 GMT-0800 (PST)
2008,mazda,Mazda6,i Sport Value Edition,Sedan,automatic,1yvhp80c485m15788,California,,135527.0,silver,â,auto trade center,3400.0,4500.0,Wed Dec 17 2014 12:30:00 GMT-0800 (PST)
2008,jeep,Wrangler,X,SUV,manual,1j4fa24128l594911,California,,60051.0,black,â,m and m enterprises,14350.0,16200.0,Thu Dec 18 2014 12:00:00 GMT-0800 (PST)
2008,mitsubishi,Eclipse Spyder,GT,Convertible,manual,4a3al35t38e003003,California,25.0,78455.0,gray,gray,california motorsports,7450.0,8250.0,Tue Jan 06 2015 12:30:00 GMT-0800 (PST)
2008,Dodge,durango,4x2 v8 slt,,automatic,1d8hd48n98f109632,California,35.0,89323.0,white,gray,in line motors,7925.0,7900.0,Wed Dec 17 2014 12:30:00 GMT-0800 (PST)
2008,Ford,F-450 Super Duty,XL,Crew Cab,automatic,1ftxw43r18ec17876,California,29.0,62397.0,gray,beige,atta group,28000.0,33250.0,Thu Dec 18 2014 12:30:00 GMT-0800 (PST)
2008,Dodge,Avenger,R/T,Sedan,automatic,1b3lc76m88n661430,California,33.0,76234.0,white,gray,skyhigh remarketing inc,6175.0,7500.0,Wed Dec 17 2014 12:15:00 GMT-0800 (PST)
2008,jeep,Liberty,Limited Edition,SUV,automatic,1j8gp58k18w173654,California,43.0,42528.0,blue,gray,aaero sweet company,10500.0,12300.0,Thu Dec 18 2014 11:30:00 GMT-0800 (PST)
2007,chevrolet,Silverado 1500,LT2,Crew Cab,automatic,2gcec13j771507306,California,36.0,78001.0,gray,beige,aaero sweet company,15450.0,17250.0,Thu Dec 18 2014 11:30:00 GMT-0800 (PST)
2008,porsche,911,Turbo,Convertible,automatic,wp0cd29978s708406,California,45.0,35790.0,gray,brown,porsche of downtown la,63000.0,64500.0,Thu Dec 18 2014 12:30:00 GMT-0800 (PST)
2008,pontiac,Vibe,Base,Wagon,automatic,5y2sl67898z416294,California,35.0,111249.0,white,black,wholesale motor sales inc,4950.0,4900.0,Thu Dec 18 2014 12:00:00 GMT-0800 (PST)
2008,Volkswagen,New Beetle,S PZEV,Hatchback,manual,3vwpg31c58m526831,California,35.0,99717.0,red,black,caseys cars inc,4250.0,4600.0,Tue Jan 06 2015 04:00:00 GMT-0800 (PST)
2007,audi,A6,4.2 quattro,Sedan,automatic,wauev74fx7n048890,California,34.0,97827.0,black,black,san diego sports cars,7450.0,12750.0,Wed Dec 17 2014 12:15:00 GMT-0800 (PST)
2008,Volkswagen,Eos,Turbo,Convertible,automatic,wvwba71f98v003625,California,39.0,115229.0,white,beige,stanford car co,5025.0,7100.0,Wed Dec 17 2014 12:30:00 GMT-0800 (PST)
2007,audi,A3,2.0T,Wagon,automatic,waunf78p57a125348,California,,103985.0,black,â,lexus of stevens creek,6575.0,5400.0,Wed Dec 17 2014 12:30:00 GMT-0800 (PST)
2007,Ford,Edge,SEL Plus,SUV,other,2fmdk39c27bb70102,California,39.0,90333.0,silver,black,bob baker toyota of lemon grove,8250.0,8500.0,Wed Dec 17 2014 12:15:00 GMT-0800 (PST)
2007,chrysler,Sebring,Base,Sedan,automatic,1c3lc46k87n505399,California,,80945.0,blue,â,east bay bmw,3450.0,5100.0,Wed Dec 17 2014 12:30:00 GMT-0800 (PST)
2007,chevrolet,hhr,ls,,automatic,3gnda13dx7s596585,California,34.0,91469.0,red,gray,premium auto wholesale,4150.0,5300.0,Thu Dec 18 2014 12:00:00 GMT-0800 (PST)
2007,land rover,lr3,v8 hse,,automatic,salag25487a419105,California,41.0,96445.0,blue,beige,jaguar land rover north scottsdale,11300.0,13000.0,Thu Dec 18 2014 12:30:00 GMT-0800 (PST)
2007,hyundai,Entourage,Limited,Minivan,automatic,kndmc233076011274,California,,99735.0,gold,tan,lithia hyundai of fresno,4075.0,4500.0,Thu Dec 18 2014 13:00:00 GMT-0800 (PST)
2007,Ford,expeditn,el 4x2 ed bauer,,automatic,1fmfk17537la17407,California,32.0,80504.0,blue,black,mossy ford,11900.0,13500.0,Tue Dec 30 2014 15:00:00 GMT-0800 (PST)
2007,Dodge,Charger,SRT-8,Sedan,automatic,2b3la73w17h652491,California,,43875.0,silver,â,stanford car co,17850.0,20100.0,Wed Dec 17 2014 12:30:00 GMT-0800 (PST)
2007,Ford,expeditn,el 4x2 xlt,,automatic,1fmfk155x7la83665,California,19.0,104102.0,white,beige,veros credit,8825.0,7200.0,Wed Dec 17 2014 12:30:00 GMT-0800 (PST)
2007,mercedes-benz,SLK-Class,SLK280,Convertible,automatic,wdbwk54f57f140499,California,25.0,76682.0,red,beige,high bid trading co inc,11650.0,11000.0,Wed Dec 17 2014 12:15:00 GMT-0800 (PST)
2007,mercedes-benz,S-Class,S65 AMG,Sedan,automatic,wddng79x67a095345,California,41.0,76958.0,gray,gray,mercedes-benz finc wholesale advantage,32900.0,34250.0,Thu Feb 26 2015 04:30:00 GMT-0800 (PST)
2006,Dodge,Caravan,SXT,Minivan,automatic,1d4gp45r86b502067,California,19.0,82088.0,blue,gray,santander consumer,2950.0,1900.0,Thu Dec 18 2014 12:00:00 GMT-0800 (PST)
2006,Dodge,Caravan,SE,Minivan,automatic,1d4gp25r86b509654,California,21.0,72546.0,gold,beige,santander consumer,2625.0,2500.0,Thu Dec 18 2014 12:00:00 GMT-0800 (PST)
2006,chevrolet,Cobalt,LS,Sedan,automatic,1g1ak55f667626878,California,19.0,127748.0,black,gray,nationwide motor vehicles,2400.0,1200.0,Wed Jan 07 2015 04:30:00 GMT-0800 (PST)
2006,chevrolet,Avalanche,1500 LS,Crew Cab,automatic,3gnec12z56g104610,California,35.0,99830.0,black,gray,huntington beach ford,10650.0,10700.0,Wed Dec 17 2014 12:15:00 GMT-0800 (PST)
2006,landrover,range,rover sport s/c,,automatic,salsh23416a965179,California,37.0,67331.0,gray,black,high bid trading co inc,18300.0,19000.0,Wed Dec 17 2014 12:15:00 GMT-0800 (PST)
2006,landrover,range,rover sport hse,,automatic,salsf25406a918874,California,29.0,114532.0,green,beige,aaero sweet company,13350.0,10500.0,Wed Dec 17 2014 12:15:00 GMT-0800 (PST)
2006,maserati,Quattroporte,Base,Sedan,automatic,zamce39a760022254,California,,80360.0,blue,â,toyota of orange,18450.0,18250.0,Wed Dec 17 2014 12:15:00 GMT-0800 (PST)
2006,infiniti,M35,Base,Sedan,automatic,jnkay01e66m101082,California,,104043.0,gray,â,century dealer services corp,9625.0,10000.0,Wed Dec 17 2014 12:15:00 GMT-0800 (PST)
2006,land rover,range,rover hse,,automatic,salmf15436a218950,California,29.0,90536.0,silver,beige,jaguar land rover north scottsdale,11700.0,12500.0,Thu Dec 18 2014 12:30:00 GMT-0800 (PST)
2006,suzuki,Forenza,Base,Sedan,other,kl5jd56zx6k365297,California,,54564.0,red,â,kars forever,1850.0,3050.0,Tue Dec 23 2014 12:30:00 GMT-0800 (PST)
2006,subaru,Outback,2.5i Special Edition,Wagon,automatic,4s4bp61c767350544,California,31.0,132697.0,green,beige,south coast acura,5075.0,5300.0,Wed Dec 17 2014 12:30:00 GMT-0800 (PST)
2006,mercury,Mariner,Premier,SUV,automatic,4m2cu57126kj12903,California,27.0,136395.0,gray,black,auto house llc,3900.0,3600.0,Wed Jan 07 2015 12:30:00 GMT-0800 (PST)
2006,saab,9-5,Base,Sedan,automatic,ys3ed49g263501408,California,,104435.0,black,â,atlas auto sales,2925.0,2900.0,Wed Dec 17 2014 11:30:00 GMT-0800 (PST)
2006,porsche,911,awd 6c carrera 4s,,manual,wp0cb29906s766585,California,37.0,27425.0,black,black,high bid trading co inc,46300.0,44250.0,Thu Dec 18 2014 12:00:00 GMT-0800 (PST)
2006,mercedes-benz,C-Class,C280 Luxury,Sedan,automatic,wdbrf54h66a841826,California,,94510.0,black,â,mercedes benz of san francisco,7175.0,6800.0,Wed Dec 17 2014 12:30:00 GMT-0800 (PST)
2006,Volkswagen,Passat,3.6,Sedan,automatic,wvweu73c86p093908,California,,114355.0,blue,â,the parshay group inc,4525.0,6148.0,Thu Dec 18 2014 12:00:00 GMT-0800 (PST)
2005,chevrolet,SSR,LS,Regular Cab,automatic,1gces14hx5b116033,California,39.0,47037.0,yellow,black,in line motors,20900.0,19750.0,Thu Dec 18 2014 12:30:00 GMT-0800 (PST)
2005,chevrolet,Astro Cargo,Base,Minivan,automatic,1gcdm19x85b101004,California,,244464.0,white,â,executive enterprises auto wholesale inc,1600.0,2000.0,Wed Dec 17 2014 11:30:00 GMT-0800 (PST)
2006,volvo,V50,T5,Wagon,automatic,yv1mw682862168727,California,38.0,109472.0,black,black,phillips auto brokerage,5350.0,5600.0,Wed Dec 17 2014 12:30:00 GMT-0800 (PST)
2006,Volkswagen,Jetta,2.0T,Sedan,automatic,3vwmj71k36m676968,California,,46954.0,blue,â,apexcars net,6450.0,8300.0,Wed Dec 17 2014 12:30:00 GMT-0800 (PST)
2005,chrysler,pacifica,fwd v6,,automatic,2c4gm48l45r453396,California,,127019.0,white,tan,lithia nissan of fresno,2250.0,2000.0,Thu Dec 18 2014 13:00:00 GMT-0800 (PST)
2005,gmc,Safari Cargo,Base,Minivan,automatic,1gtdm19x45b509340,California,23.0,120214.0,white,gray,aaero sweet company,2350.0,2100.0,Wed Dec 17 2014 11:30:00 GMT-0800 (PST)
2005,kia,Spectra,Spectra5,Wagon,automatic,knafe161955132330,California,2.0,75527.0,white,gray,santander consumer,2025.0,2800.0,Thu Dec 18 2014 12:00:00 GMT-0800 (PST)
2005,honda,Accord,EX PZEV,Coupe,automatic,1hgcm72735a007449,California,29.0,127563.0,white,brown,high bid trading co inc,4400.0,5250.0,Wed Dec 17 2014 12:15:00 GMT-0800 (PST)
2005,mercedes-benz,S-Class,S500,Sedan,automatic,wdbng75j45a457647,California,,120563.0,silver,â,east bay bmw,6075.0,6900.0,Wed Dec 17 2014 12:30:00 GMT-0800 (PST)
2005,subaru,Legacy,2.5 GT Limited,Wagon,automatic,4s3bp676654358463,California,33.0,157439.0,silver,black,oc motors,3025.0,4000.0,Wed Dec 17 2014 12:30:00 GMT-0800 (PST)
2005,pontiac,Grand Am,SE Fleet,Sedan,automatic,1g2ne52e75m120184,California,,148780.0,white,gray,lithia hyundai of fresno,1325.0,1600.0,Thu Dec 18 2014 13:00:00 GMT-0800 (PST)
2004,bmw,3 Series,330xi,Sedan,automatic,wbaew53444pn33253,California,26.0,143604.0,gray,gray,california fleet inc,3925.0,3900.0,Thu Dec 18 2014 12:00:00 GMT-0800 (PST)
2005,Volkswagen,passat,fwd 4c gls,,automatic,wvwad63b35p040841,California,,103096.0,black,â,apexcars net,2800.0,3300.0,Wed Dec 17 2014 12:30:00 GMT-0800 (PST)
2004,audi,A6,2.7T S-Line quattro,Sedan,automatic,waucd64b84n103205,California,2.0,105694.0,silver,black,dt credit corporation,4400.0,1300.0,Thu Dec 18 2014 12:30:00 GMT-0800 (PST)
2004,chevrolet,Colorado,ZQ8 LS,Crew Cab,automatic,1gccs136448192589,California,,87806.0,white,â,fresno chrysler dodge jeep ram,6925.0,7200.0,Wed Dec 17 2014 12:30:00 GMT-0800 (PST)
2004,mazda,Tribute,LX-V6,SUV,automatic,4f2yz04124km09915,California,2.0,120775.0,green,gray,credit acceptance corp/vrs/southfield,3100.0,900.0,Wed Dec 17 2014 11:00:00 GMT-0800 (PST)
2004,chrysler,Town and Country,LX Family Value,Minivan,automatic,2c4gp44r34r609881,California,19.0,201895.0,silver,gray,onemain remarketing services,800.0,550.0,Thu Dec 18 2014 12:00:00 GMT-0800 (PST)
2004,mitsubishi,Diamante,LS,Sedan,other,6mmap67p44t002575,California,,172897.0,silver,â,bmw of monrovia,925.0,650.0,Thu Dec 18 2014 12:00:00 GMT-0800 (PST)
2004,mercury,Sable,GS,Sedan,automatic,1mefm50u54g613225,California,32.0,103479.0,gray,gray,automotive remarketing inc,1775.0,950.0,Thu Jan 22 2015 04:30:00 GMT-0800 (PST)
2004,chevrolet,Silverado 3500,LT,Crew Cab,other,1gcjk33254f182214,California,3.0,167347.0,silver,gray,tradewinds remarketing,15300.0,13000.0,Thu Dec 18 2014 12:00:00 GMT-0800 (PST)
2004,honda,pilot,awd ex,,automatic,5fnyf18554b004639,California,,133439.0,red,â,auto trade center,5025.0,7200.0,Wed Dec 17 2014 12:30:00 GMT-0800 (PST)
2004,chrysler,PT Cruiser,Limited Edition,Wagon,automatic,3c8fy68b44t330307,California,35.0,120372.0,gold,brown,inland chevrolet,1625.0,1600.0,Thu Dec 18 2014 12:00:00 GMT-0800 (PST)
2004,Volkswagen,Phaeton,V8,Sedan,automatic,wvwaf63d148007986,California,35.0,133597.0,silver,gray,volkswagen of downtown la,4500.0,4600.0,Wed Dec 17 2014 12:30:00 GMT-0800 (PST)
2003,chevrolet,Silverado 1500,SS,Extended Cab,automatic,2gcek19n931391212,California,,173930.0,black,â,savarani motors,4775.0,5500.0,Wed Dec 17 2014 12:30:00 GMT-0800 (PST)
2004,nissan,Frontier,XE-V6,Crew Cab,automatic,1n6ed29x84c437414,California,,114543.0,silver,â,ideal transportation,5750.0,7000.0,Wed Dec 17 2014 12:30:00 GMT-0800 (PST)
2003,Dodge,Neon,SRT-4,Sedan,manual,1b3es66s33d195182,California,,127629.0,red,â,livermore toyota and livermore scion,2850.0,2650.0,Wed Dec 17 2014 12:30:00 GMT-0800 (PST)
2003,chevrolet,Silverado 3500,LS,Crew Cab,automatic,1gcjk33123f139598,California,,246407.0,gray,tan,liberty chevrolet,7450.0,7500.0,Thu Dec 18 2014 13:00:00 GMT-0800 (PST)
2004,Volkswagen,R32,Base,Hatchback,manual,wvwkg61j64d099873,California,37.0,180141.0,black,black,century dealer services corp,6425.0,5500.0,Wed Dec 17 2014 12:30:00 GMT-0800 (PST)
2004,nissan,Sentra,1.8,Sedan,automatic,3n1cb51d14l901296,California,,178590.0,gold,â,apexcars net,1350.0,1500.0,Wed Dec 17 2014 12:30:00 GMT-0800 (PST)
2003,Ford,Expedition,XLT Premium,SUV,automatic,1fmpu16l13la25224,California,,201235.0,blue,â,apexcars net,2100.0,2300.0,Wed Dec 17 2014 12:30:00 GMT-0800 (PST)
2004,porsche,911,4x2 carrera,,manual,wp0aa29944s621041,California,19.0,90281.0,black,black,santander consumer,19600.0,19000.0,Thu Jan 08 2015 12:00:00 GMT-0800 (PST)
2004,porsche,Cayenne,Turbo,SUV,automatic,wp1ac29p64la90927,California,34.0,151656.0,silver,black,la autobrokers sales/leasing,7250.0,9400.0,Wed Dec 17 2014 00:00:00 GMT-0800 (PST)
2003,audi,A4,3,Convertible,automatic,wauat48h33k020696,California,,114314.0,gold,â,autohaus,3375.0,3200.0,Wed Dec 17 2014 12:30:00 GMT-0800 (PST)
2003,saab,9-5,Linear 2.3T,Sedan,automatic,ys3eb49e133034207,California,2.0,87152.0,black,brown,high bid trading co inc,1550.0,1300.0,Wed Dec 17 2014 12:30:00 GMT-0800 (PST)
2003,Lincoln,Aviator,Premium,SUV,automatic,5lmeu78h33zj11633,California,22.0,187193.0,black,beige,first credit finance,2375.0,1400.0,Wed Jan 21 2015 04:30:00 GMT-0800 (PST)
2003,Volkswagen,Passat,GLX 4Motion,Wagon,automatic,wvwyh63b73e141473,California,,174177.0,gray,â,apex auto wholesale - gary,1575.0,1600.0,Wed Dec 17 2014 12:30:00 GMT-0800 (PST)
2003,mazda,Tribute,ES-V6,SUV,automatic,4f2cz961x3km16637,California,,170615.0,silver,â,apexcars net,1725.0,2200.0,Wed Dec 17 2014 12:30:00 GMT-0800 (PST)
2003,infiniti,I35,Base,Sedan,automatic,jnkda31a33t101882,California,,120924.0,beige,beige,bmw of san diego,3200.0,2700.0,Wed Dec 17 2014 12:15:00 GMT-0800 (PST)
2002,oldsmobile,Bravada,Base,SUV,automatic,1ghds13s222172143,California,,113799.0,white,tan,lexus of san diego,3025.0,2600.0,Wed Dec 17 2014 12:00:00 GMT-0800 (PST)
2002,saturn,L-Series,L100,Sedan,automatic,1g8js54f02y598356,California,,124959.0,white,â,unique motorsports inc,1400.0,1000.0,Wed Dec 17 2014 11:30:00 GMT-0800 (PST)
2002,cadillac,DeVille,DTS,Sedan,automatic,1g6kf57972u110339,California,29.0,87893.0,black,black,tm motors,2125.0,2350.0,Wed Dec 17 2014 12:30:00 GMT-0800 (PST)
2002,Dodge,Dakota,Sport,Quad Cab,automatic,1b7hl38x62s658801,California,,111863.0,gray,â,james family auto sales,3350.0,1500.0,Thu Dec 18 2014 12:00:00 GMT-0800 (PST)
2002,jeep,Grand Cherokee,Overland,SUV,automatic,1j8gw68j62c212635,California,,90961.0,gray,â,toyota of orange,3250.0,4500.0,Wed Dec 17 2014 12:30:00 GMT-0800 (PST)
2002,volvo,V70,2.4,Wagon,automatic,yv1sw61r422237941,California,,64574.0,blue,â,beverly hills bmw,2950.0,2400.0,Thu Dec 18 2014 12:00:00 GMT-0800 (PST)
2002,Volkswagen,Jetta,GLS 1.8T,Sedan,automatic,3vwse69m42m131304,California,,146903.0,white,â,apex auto wholesale - gary,1075.0,1700.0,Wed Dec 17 2014 12:30:00 GMT-0800 (PST)
2002,toyota,Sienna,LE,Minivan,automatic,4t3zf13c12u507537,California,,156147.0,beige,â,auto trade center,2900.0,3400.0,Wed Dec 17 2014 12:30:00 GMT-0800 (PST)
2001,mercedes-benz,SLK-Class,SLK230,Convertible,manual,wdbkk49f61f174704,California,,118334.0,black,â,mercedes benz of san francisco,4350.0,4100.0,Wed Dec 17 2014 12:30:00 GMT-0800 (PST)
2002,Volkswagen,Jetta,GLS TDI,Sedan,automatic,3vwsp69mx2m022503,California,,158349.0,silver,â,savarani motors,1525.0,2600.0,Wed Dec 17 2014 12:30:00 GMT-0800 (PST)
2000,honda,civic,ex,,automatic,1hgen1649yl000386,California,,115008.0,white,â,savarani motors,2425.0,2800.0,Wed Dec 17 2014 12:30:00 GMT-0800 (PST)
2000,isuzu,Rodeo,S,SUV,automatic,4s2ck58w1y4314410,California,,110391.0,silver,â,fmgj inc,1525.0,1400.0,Wed Dec 17 2014 12:30:00 GMT-0800 (PST)
2000,mitsubishi,Eclipse,GT,Hatchback,automatic,4a3ac54l4ye179734,California,,148420.0,silver,â,apexcars net,1175.0,1450.0,Wed Dec 17 2014 12:30:00 GMT-0800 (PST)
2000,cadillac,Eldorado,ESC,Coupe,automatic,1g6el12yxyb703467,California,43.0,6540.0,white,black,phillips auto brokerage,3550.0,11750.0,Thu Dec 18 2014 12:30:00 GMT-0800 (PST)
2000,Ford,Escort,ZX2,Coupe,automatic,3fakp1138yr195186,California,,34861.0,silver,â,fmgj inc,800.0,900.0,Wed Dec 17 2014 12:30:00 GMT-0800 (PST)
2000,chevrolet,Express Cargo,G3500,Van,automatic,1gchg39r9y1258511,California,29.0,149491.0,white,gray,tradewinds remarketing,1700.0,3150.0,Wed Dec 17 2014 12:30:00 GMT-0800 (PST)
2001,toyota,Tundra,Base,Regular Cab,manual,5tbjn32171s167671,California,2.0,293281.0,white,beige,lon motors,350.0,1550.0,Fri Jan 09 2015 15:00:00 GMT-0800 (PST)
2000,subaru,forester,awd l,,automatic,jf1sf6357yh731125,California,19.0,140834.0,white,gray,california auto exchange,1675.0,2200.0,Wed Dec 17 2014 12:30:00 GMT-0800 (PST)
2000,chevrolet,Tahoe Limited/Z71,Limited,SUV,automatic,1gnec13r5yr159124,California,,123473.0,black,â,buena park honda,1625.0,1400.0,Thu Dec 18 2014 12:00:00 GMT-0800 (PST)
1999,nissan,Altima,GLE,Sedan,automatic,1n4dl01d7xc194342,California,19.0,178309.0,silver,gray,honda world,575.0,800.0,Wed Jan 07 2015 12:30:00 GMT-0800 (PST)
1999,chevrolet,1500,4x4 reg silver ls,,automatic,1gcek14t4xe229692,California,,154780.0,white,gray,merle stone chevrolet inc,2525.0,1900.0,Thu Dec 18 2014 13:00:00 GMT-0800 (PST)
1997,honda,CR-V,Base,SUV,automatic,jhlrd1844vc061014,California,,204823.0,green,â,toyota of orange,1700.0,1400.0,Wed Dec 17 2014 12:30:00 GMT-0800 (PST)
1997,Dodge,Ram Pickup 1500,Laramie SLT,Extended Cab,automatic,3b7hc13y4vg753101,California,19.0,119968.0,red,silver,mercedes benz of laguna niguel,1375.0,1300.0,Wed Dec 17 2014 12:30:00 GMT-0800 (PST)
1999,Volkswagen,Jetta,GLX VR6 (1999.5),Sedan,other,3vwte29m4xm098907,California,,103762.0,silver,â,carson honda,1075.0,600.0,Thu Dec 18 2014 12:00:00 GMT-0800 (PST)
1999,land rover,Range Rover,4.0 S,SUV,automatic,salpa1248xa408468,California,21.0,72461.0,green,tan,dutton motor co,1725.0,3300.0,Tue Jan 06 2015 04:30:00 GMT-0800 (PST)
1999,jeep,wrangler,sport,,manual,1j4fy19s7xp489036,California,,254959.0,blue,â,lexus of stevens creek,1625.0,3100.0,Wed Dec 17 2014 12:30:00 GMT-0800 (PST)
1997,cadillac,Eldorado,Base,Coupe,automatic,1g6el12yxvu619682,California,,120108.0,white,gray,trade in solutions irvine,1325.0,800.0,Wed Dec 17 2014 12:30:00 GMT-0800 (PST)
1999,porsche,911,cpe carrera 2,,manual,wp0aa2990xs621154,California,25.0,146102.0,black,black,mercedes benz of laguna niguel,8925.0,7500.0,Wed Dec 17 2014 12:30:00 GMT-0800 (PST)
1997,nissan,Truck,XE,Extended Cab,manual,1n6sd16s6vc311205,California,19.0,173650.0,red,gray,american auto finance,900.0,1400.0,Thu Dec 18 2014 12:30:00 GMT-0800 (PST)
1997,toyota,Tercel,CE,Coupe,automatic,jt2ac52l8v0237268,California,29.0,201819.0,white,tan,bob baker jeep,600.0,450.0,Wed Dec 17 2014 11:30:00 GMT-0800 (PST)
1990,chevrolet,C/K 1500 Series,454SS,Regular Cab,automatic,1gcdc14n8lz223536,California,,153558.0,black,purple,california fleet inc,5475.0,6500.0,Thu Dec 18 2014 12:00:00 GMT-0800 (PST)
1997,pontiac,grand,prix se,,automatic,1g2wj52k2vf221448,California,,98406.0,green,â,hanford toyota scion,875.0,400.0,Wed Dec 17 2014 12:30:00 GMT-0800 (PST)
1996,lexus,SC 300,Base,Coupe,automatic,jt8cd32z3t0034161,California,,160013.0,white,tan,west coast acceptance,1225.0,300.0,Wed Dec 17 2014 13:30:00 GMT-0800 (PST)
1995,buick,Roadmaster,Base,Sedan,automatic,1g4bn52p9sr402353,California,4.0,27096.0,gray,gray,wholesale enterprise inc,2100.0,5600.0,Tue Dec 23 2014 12:30:00 GMT-0800 (PST)
1992,lexus,SC 400,Base,Coupe,automatic,jt8uz30c6n0012808,California,3.0,136747.0,black,beige,magnussens lexus of fremont,2025.0,3300.0,Wed Dec 31 2014 12:30:00 GMT-0800 (PST)
2014,lexus,LX 570,Base,SUV,automatic,jtjhy7ax0e4141499,California,45.0,9869.0,white,black,ubs wholesale,80000.0,79750.0,Thu Dec 18 2014 12:30:00 GMT-0800 (PST)
2014,infiniti,QX80,Base,SUV,automatic,jn8az2nf0e9553323,California,35.0,21766.0,black,black,onesource/glendale mitsubishi,56600.0,47500.0,Thu Dec 18 2014 12:30:00 GMT-0800 (PST)
2013,audi,RS 5,quattro,Coupe,automatic,wuac6afr6da902467,California,49.0,28238.0,red,gray,high bid trading co inc,56900.0,57250.0,Thu Dec 18 2014 12:00:00 GMT-0800 (PST)
2013,audi,Q7,TDI Prestige quattro,SUV,automatic,wa1wmafe9dd013104,California,36.0,16930.0,black,black,porsche of fresno audi fresno,51800.0,52750.0,Thu Dec 18 2014 12:30:00 GMT-0800 (PST)
2014,Volkswagen,Jetta GLI,Edition 30 PZEV,Sedan,automatic,3vw4t7aj0em378829,California,42.0,19389.0,white,black,century dealer services corp,20500.0,18750.0,Wed Dec 17 2014 12:15:00 GMT-0800 (PST)
2014,nissan,GT-R,Premium,Coupe,automatic,jn1ar5efxem270747,California,36.0,5250.0,white,black,ferrari of orange county,79000.0,77000.0,Thu Dec 18 2014 12:00:00 GMT-0800 (PST)
2013,audi,A7,Prestige quattro,Sedan,automatic,wau3gafc9dn053334,California,24.0,21310.0,white,beige,audi north scottsdale,47800.0,44500.0,Thu Dec 18 2014 12:30:00 GMT-0800 (PST)
2013,audi,A4,2.0T Premium Plus,Sedan,automatic,wauefafl5da055570,California,4.0,34246.0,black,black,high bid trading co inc,24100.0,23500.0,Thu Dec 18 2014 12:00:00 GMT-0800 (PST)
2013,Dodge,Dart,SXT,Sedan,automatic,1c3cdfbh9dd134726,California,37.0,55352.0,blue,gray,santander consumer,9925.0,11400.0,Thu Dec 18 2014 12:00:00 GMT-0800 (PST)
2013,hyundai,Genesis Coupe,3.8 R-Spec,Genesis Coupe,manual,kmhhu6kj5du113193,California,39.0,4340.0,white,red,hyundai motor finance,20400.0,21000.0,Tue Dec 16 2014 12:00:00 GMT-0800 (PST)
2013,lexus,ES 300h,Base,Sedan,automatic,jthbw1gg0d2037896,California,2.0,11359.0,silver,beige,newport lexus,32500.0,28750.0,Thu Dec 18 2014 12:00:00 GMT-0800 (PST)
2015,chevrolet,Suburban,LT,SUV,automatic,1gnskjkc8fr180582,Maryland,35.0,21005.0,black,black,enterprise veh exchange/rental,46900.0,47200.0,Tue Dec 23 2014 09:30:00 GMT-0800 (PST)
2015,chevrolet,capt,spt lt,,automatic,3gnal3ek9fs509942,New Jersey,1.0,9677.0,gray,black,enterprise vehicle exchange / tra / rental / tulsa,18150.0,11000.0,Wed Jan 14 2015 04:00:00 GMT-0800 (PST)
2015,bmw,M4,Base,Coupe,automatic,wbs3r9c53fk329392,Ohio,5.0,3780.0,white,black,international motor car company,67000.0,64000.0,Thu Jan 15 2015 02:05:00 GMT-0800 (PST)
2015,audi,A3,2.0 TFSI Premium Plus quattro,Sedan,other,wauefgff9f1012219,Georgia,5.0,3634.0,gray,brown,mercedes benz of buckhead,28500.0,26200.0,Tue Dec 23 2014 13:00:00 GMT-0800 (PST)
2014,chevrolet,Impala Limited,LTZ Fleet,Sedan,automatic,2g1wc5e34e1159867,Illinois,5.0,18164.0,red,black,gm remarketing,14850.0,15300.0,Thu Feb 19 2015 03:00:00 GMT-0800 (PST)
2014,chrysler,300,S,Sedan,automatic,2c3ccagg4eh146129,Virginia,3.0,24948.0,gray,black,chrysler group llc,22100.0,22800.0,Thu Jan 15 2015 00:45:00 GMT-0800 (PST)
2012,suzuki,SX4,Base,Sedan,automatic,js2yb5a3xc6302521,Ohio,43.0,50616.0,silver,black,wells fargo dealer services,8975.0,9600.0,Tue Dec 23 2014 12:00:00 GMT-0800 (PST)
2012,ram,2500,Laramie,Crew Cab,automatic,3c6td5ft4cg112694,Utah,35.0,129501.0,white,black,auto focus inc,28500.0,21000.0,Wed Jan 14 2015 03:30:00 GMT-0800 (PST)
2012,subaru,Legacy,2.5i PZEV,Sedan,other,4s3bmba66c3039481,Pennsylvania,27.0,36994.0,blue,black,jpmorgan chase bank n.a.,14400.0,13000.0,Fri Dec 19 2014 09:00:00 GMT-0800 (PST)
2012,ram,1500,Laramie,Crew Cab,other,1c6rd7nt5cs233024,Pennsylvania,39.0,71572.0,red,black,salerno duane infiniti llc,26800.0,24000.0,Fri Jan 16 2015 01:30:00 GMT-0800 (PST)
2012,ram,1500,Sport,Quad Cab,automatic,1c6rd7ht2cs210943,Michigan,39.0,25309.0,black,black,automobiles n.c.,25400.0,24100.0,Thu Jan 22 2015 01:30:00 GMT-0800 (PST)
2012,subaru,Outback,3.6R Premium,Wagon,other,4s4brdgc7c2280901,Pennsylvania,22.0,45856.0,gray,black,apple acura subaru,20000.0,15500.0,Fri Dec 19 2014 09:00:00 GMT-0800 (PST)
2012,scion,iQ,Base,Hatchback,automatic,jtnjjxb01cj012739,Georgia,43.0,14821.0,gray,black,toyota financial services,9375.0,9200.0,Thu Dec 18 2014 10:00:00 GMT-0800 (PST)
2012,subaru,Forester,2.5X Premium,SUV,automatic,jf2shbdc4ch413029,Florida,,17087.0,white,gray,mini of wesley chapel,19550.0,20000.0,Thu Dec 18 2014 09:45:00 GMT-0800 (PST)
2012,subaru,Impreza,2.0i Premium PZEV,Sedan,other,jf1gjac69ch015965,Missouri,21.0,54835.0,gray,black,the hertz corporation,13150.0,11501.0,Tue Jan 20 2015 03:00:00 GMT-0800 (PST)
2012,subaru,Outback,2.5i Limited PZEV,Wagon,automatic,4s4brbjc7c3276905,Ohio,37.0,77518.0,blue,tan,ge fleet services for itself/servicer,15200.0,15700.0,Tue Dec 23 2014 09:30:00 GMT-0800 (PST)
2012,suzuki,SX4,LE Popular Package,Sedan,automatic,js2yc5a34c6304780,Puerto Rico,3.0,17915.0,gray,beige,oriental bank,6750.0,6000.0,Tue Dec 30 2014 11:30:00 GMT-0800 (PST)
2012,subaru,Legacy,2.5i Limited PZEV,Sedan,other,4s3bmbk64c3025965,Pennsylvania,19.0,33107.0,black,beige,winner subaru/vw of dover,15750.0,12700.0,Fri Dec 19 2014 09:00:00 GMT-0800 (PST)
2012,suzuki,SX4,LE,Sedan,automatic,js2yc5a34c6300521,North Carolina,26.0,61129.0,white,beige,c&f finance company,4775.0,5000.0,Tue Dec 23 2014 09:15:00 GMT-0800 (PST)
2012,ram,3500,ST,Crew Cab,automatic,3c63drgl6cg107602,Texas,27.0,104822.0,black,black,tdaf remarketing,25900.0,25750.0,Wed Dec 31 2014 10:15:00 GMT-0800 (PST)
2012,suzuki,Grand Vitara,Premium,SUV,automatic,js3te0d20c4100897,Puerto Rico,3.0,21279.0,white,beige,oriental bank,9775.0,8500.0,Thu Jan 08 2015 11:30:00 GMT-0800 (PST)
2012,suzuki,grand,v 4x2 ult advent,,automatic,js3te0d42c4100059,Puerto Rico,38.0,87331.0,beige,black,oriental bank,7975.0,8000.0,Thu Dec 18 2014 11:30:00 GMT-0800 (PST)
2012,ram,1500,Laramie Longhorn Edition,Crew Cab,other,1c6rd7pt7cs179237,Pennsylvania,,99388.0,black,â,healey ford lincoln mercury llc,30400.0,23500.0,Fri Dec 19 2014 09:30:00 GMT-0800 (PST)
2012,suzuki,Kizashi,SE,Sedan,automatic,js2re9a33c6101305,Indiana,37.0,48690.0,red,black,remarketing by ge/flagship credit acceptance,8750.0,9400.0,Thu Dec 18 2014 10:00:00 GMT-0800 (PST)
2012,subaru,Forester,2.5X Premium PZEV,SUV,other,jf2shadc3ch400945,Pennsylvania,33.0,22938.0,gray,gray,ford-lincoln dealer program,19050.0,18800.0,Fri Dec 19 2014 09:00:00 GMT-0800 (PST)
2012,ram,2500,Laramie Longhorn Edition,Crew Cab,automatic,3c6ud5gl8cg171797,Pennsylvania,46.0,27163.0,white,brown,a and d motors llc,42500.0,42000.0,Fri Dec 19 2014 09:30:00 GMT-0800 (PST)
2012,ram,3500,Laramie,Crew Cab,automatic,3c63drjl9cg209470,Indiana,1.0,154633.0,white,black,chrysler capital,31200.0,19600.0,Thu Dec 18 2014 12:30:00 GMT-0800 (PST)
2012,subaru,Impreza,2.0i,Hatchback,automatic,jf1gpaa64ch211216,Pennsylvania,32.0,13605.0,white,beige,jpmorgan chase bank n.a.,14500.0,14200.0,Fri Dec 19 2014 09:00:00 GMT-0800 (PST)
2012,ram,C/V Cargo Van,Base,Minivan,automatic,2c4jdgag6cr262662,Texas,24.0,96303.0,white,black,ge fleet services for itself/servicer,7650.0,7100.0,Thu Dec 18 2014 11:00:00 GMT-0800 (PST)
2012,smart,fortwo,passion cabriolet,Convertible,automatic,wmeek3ba3ck520775,Texas,39.0,41253.0,black,black,mercedes-benz financial services,7000.0,7250.0,Thu Jan 15 2015 03:00:00 GMT-0800 (PST)
2012,toyota,Prius c,Two,Hatchback,automatic,jtdkdtb3xc1010992,New Jersey,37.0,56744.0,orange,black,royalton auto enterprises inc,11350.0,11400.0,Wed Jan 21 2015 01:30:00 GMT-0800 (PST)
2012,toyota,Yaris,Fleet,Sedan,automatic,jtdbt4k30cl012456,Illinois,2.0,64548.0,silver,black,ally,8100.0,6500.0,Thu Dec 18 2014 10:00:00 GMT-0800 (PST)
2012,toyota,Venza,Limited,Wagon,automatic,4t3zk3bb4cu051793,New Jersey,,90951.0,white,â,sams auto wholesale inc,19850.0,17000.0,Wed Dec 17 2014 09:30:00 GMT-0800 (PST)
2012,Volkswagen,CC,R-Line,Sedan,manual,wvwnn7an1ce515588,Florida,31.0,49648.0,black,black,tfp international inc,12650.0,11500.0,Thu Jan 15 2015 02:30:00 GMT-0800 (PST)
2012,Volkswagen,Beetle,2.5L,Hatchback,automatic,3vwjx7at5cm612193,Texas,36.0,47535.0,white,black,supreme fcu,10500.0,11200.0,Wed Jan 28 2015 02:20:00 GMT-0800 (PST)
2012,toyota,Sienna,SE 8-Passenger,Minivan,automatic,5tdxk3dc5cs198672,Ohio,32.0,36441.0,black,black,toyota financial services,21800.0,22100.0,Tue Jan 13 2015 09:30:00 GMT-0800 (PST)
2012,Volkswagen,CC,Lux Limited,Sedan,automatic,wvwhn7an3ce537539,Texas,24.0,36497.0,black,black,vw credit,16100.0,13000.0,Thu Dec 18 2014 11:00:00 GMT-0800 (PST)
2012,Volkswagen,Tiguan,SEL 4Motion,SUV,automatic,wvgbv7ax3cw094287,New York,41.0,12802.0,gray,black,danbury auto group inc,17000.0,18300.0,Wed Dec 31 2014 09:30:00 GMT-0800 (PST)
2012,Volkswagen,Touareg,TDI Sport,SUV,automatic,wvgfk9bp2cd005194,Florida,49.0,39782.0,white,beige,stadium toyota inc,30400.0,30400.0,Thu Dec 18 2014 09:45:00 GMT-0800 (PST)
2012,Volkswagen,Passat,S,Sedan,automatic,1vwah7a36cc023040,North Carolina,19.0,83168.0,white,black,santander consumer,8200.0,7100.0,Mon Dec 22 2014 09:30:00 GMT-0800 (PST)
2012,Volkswagen,Passat,TDI SEL Premium,Sedan,automatic,1vwcn7a39cc051609,Georgia,47.0,53325.0,white,beige,j m wholesale,17800.0,20800.0,Tue Dec 23 2014 12:30:00 GMT-0800 (PST)
2012,volvo,S60,T6 R-Design,Sedan,automatic,yv1902fh6c2081783,Florida,47.0,79390.0,black,black,best buy repos inc,22400.0,20000.0,Tue Dec 23 2014 12:15:00 GMT-0800 (PST)
2012,Volkswagen,Jetta SportWagen,TDI,Wagon,other,3vwpl7aj6cm694973,Pennsylvania,33.0,39940.0,white,tan,jpmorgan chase bank n.a.,16650.0,16400.0,Fri Dec 19 2014 09:00:00 GMT-0800 (PST)
2012,Volkswagen,Jetta,SEL,Sedan,automatic,3vwlx7aj0cm323052,Florida,25.0,43164.0,gray,black,vw credit,11850.0,11800.0,Wed Dec 17 2014 09:30:00 GMT-0800 (PST)
2012,Volkswagen,Golf,2.0L TDI,Hatchback,other,wvwdm7aj2cw202474,Pennsylvania,44.0,29128.0,white,black,adcock brothers inc,16350.0,16900.0,Fri Dec 19 2014 09:00:00 GMT-0800 (PST)
2011,audi,A4,2.0T Avant Premium quattro,Wagon,automatic,wauwfafl8ba038196,Arizona,27.0,50897.0,white,black,findlay toyota flagstaff,20600.0,15500.0,Thu Dec 18 2014 11:30:00 GMT-0800 (PST)
2011,audi,A3,2.0 TDI Premium,Wagon,other,waubjafm5ba095719,Pennsylvania,35.0,77314.0,black,black,alans autos,14600.0,14900.0,Tue Dec 23 2014 09:00:00 GMT-0800 (PST)
2011,audi,A6,3.2 Premium,Sedan,automatic,wauekafb3bn019692,Wisconsin,23.0,81754.0,black,brown,wheels exchange llc,17000.0,18100.0,Wed Dec 31 2014 10:00:00 GMT-0800 (PST)
2011,audi,A8,4.2 quattro,Sedan,other,wauavafd1bn015888,Pennsylvania,27.0,45125.0,brown,black,rosenthal jaguar landrover of tysons corner,36100.0,34750.0,Thu Dec 18 2014 09:30:00 GMT-0800 (PST)
2011,bmw,750lxi,750li xdr,,automatic,wbakc8c51bc433072,Nevada,26.0,62266.0,black,black,security financial,30000.0,28000.0,Wed Dec 31 2014 12:15:00 GMT-0800 (PST)
2011,bmw,5 Series Gran Turismo,535i,Hatchback,automatic,wbasn2c54bc201332,Florida,4.0,36604.0,white,brown,braman motorcars,26500.0,28000.0,Thu Dec 18 2014 09:35:00 GMT-0800 (PST)
2011,buick,Enclave,CXL1,SUV,automatic,5gakvbed5bj388925,Michigan,43.0,70604.0,black,tan,fiserv/usb dealer services northstar exchange,18150.0,19400.0,Thu Dec 18 2014 09:30:00 GMT-0800 (PST)
2011,bmw,alp,b7 lwb alp b7 lwb,,automatic,wbakb8c53bc447817,California,44.0,30999.0,black,beige,bmw north scottsdale,54200.0,55000.0,Thu Dec 18 2014 12:30:00 GMT-0800 (PST)
2011,bmw,5 Series,550i xDrive,Sedan,automatic,wbafu9c56bc784063,New Jersey,43.0,143534.0,black,black,bmw of mount laurel,21100.0,18500.0,Wed Dec 17 2014 09:30:00 GMT-0800 (PST)
2011,cadillac,Escalade ESV,Luxury,SUV,automatic,1gys4hef3br375107,Virginia,43.0,69526.0,gray,gray,brown toyota,32000.0,31300.0,Thu Dec 18 2014 09:35:00 GMT-0800 (PST)
2011,buick,Regal,CXL Turbo,Sedan,automatic,w04gy5gv7b1074822,Florida,39.0,52856.0,white,tan,fiserv/usb dealer services northstar exchange,12750.0,13400.0,Thu Dec 18 2014 09:15:00 GMT-0800 (PST)
2011,buick,Lucerne,CXL,Sedan,automatic,1g4hc5em0bu104045,New Jersey,25.0,91241.0,black,gray,bmw of mount laurel,10100.0,8500.0,Wed Dec 17 2014 09:30:00 GMT-0800 (PST)
2011,cadillac,CTS Coupe,Performance,CTS Coupe,automatic,1g6dl1ed1b0165829,Pennsylvania,43.0,41271.0,black,black,fiserv/usb dealer services northstar exchange,19250.0,22200.0,Fri Dec 19 2014 09:00:00 GMT-0800 (PST)
2011,cadillac,Escalade,Platinum Edition,SUV,other,1gys4defxbr161708,Pennsylvania,29.0,66683.0,beige,brown,carriage traders,33200.0,33500.0,Fri Jan 09 2015 09:30:00 GMT-0800 (PST)
2011,cadillac,CTS,Luxury,Sedan,other,1g6dg5ey4b0123668,Pennsylvania,42.0,40451.0,blue,black,gm financial leasing,17050.0,17000.0,Fri Jan 09 2015 09:00:00 GMT-0800 (PST)
2011,buick,Enclave,CXL2,SUV,automatic,5gakvcedxbj164183,Minnesota,32.0,94865.0,red,black,northeast auto marketing inc,16200.0,16600.0,Tue Dec 30 2014 10:45:00 GMT-0800 (PST)
2011,buick,Enclave,CX,SUV,automatic,5gakraed3bj131213,Florida,34.0,37154.0,brown,beige,fiserv/usb dealer services northstar exchange,17400.0,15900.0,Thu Dec 18 2014 09:15:00 GMT-0800 (PST)
2011,buick,Regal,CXL,Sedan,automatic,w04gn5ec2b1087438,Georgia,4.0,45570.0,blue,black,wells fargo dealer services,11300.0,12100.0,Thu Dec 18 2014 10:00:00 GMT-0800 (PST)
2011,cadillac,CTS,Premium,Sedan,other,1g6dp5ed9b0115983,Pennsylvania,19.0,43979.0,black,black,fiserv/usb dealer services northstar exchange,21400.0,17000.0,Fri Dec 19 2014 09:00:00 GMT-0800 (PST)
2011,cadillac,Escalade EXT,Luxury,Crew Cab,other,3gyt4mef9bg402324,Pennsylvania,37.0,30664.0,black,black,fiserv/usb dealer services northstar exchange,37700.0,40000.0,Fri Jan 09 2015 09:00:00 GMT-0800 (PST)
2011,cadillac,DTS,Premium,Sedan,automatic,1g6kh5e68bu128805,South Carolina,35.0,40077.0,beige,tan,andrew thomas motorcars,19800.0,20000.0,Tue Dec 23 2014 09:15:00 GMT-0800 (PST)
2011,cadillac,SRX,Performance,SUV,automatic,3gyfneey7bs627954,Illinois,28.0,107326.0,black,blue,wells fargo dealer services,19150.0,14600.0,Thu Dec 18 2014 10:00:00 GMT-0800 (PST)
2011,cadillac,DTS,Luxury,Sedan,automatic,1g6kd5e66bu130516,Pennsylvania,49.0,71017.0,silver,tan,gm financial,13550.0,11800.0,Tue Dec 23 2014 09:00:00 GMT-0800 (PST)
2011,chevrolet,Camaro,2SS,Coupe,manual,2g1ft1ew0b9131449,Pennsylvania,42.0,27733.0,red,black,ingersoll auto of danbury,22200.0,21300.0,Fri Dec 19 2014 09:00:00 GMT-0800 (PST)
2011,chevrolet,Colorado,LT2,Crew Cab,automatic,1gchtdfe8b8110805,Illinois,,30745.0,red,â,tyson motor corporation,22600.0,22000.0,Thu Dec 18 2014 10:00:00 GMT-0800 (PST)
2011,chevrolet,Silverado 1500,LTZ,Crew Cab,automatic,3gcpkte30bg254125,Illinois,,89759.0,gray,â,rizza buick gmc cadillac inc,23000.0,24000.0,Thu Dec 18 2014 10:00:00 GMT-0800 (PST)
2011,chevrolet,Equinox,LT2,SUV,automatic,2cnflnec6b6397267,Puerto Rico,35.0,56277.0,black,black,wheels exchange llc,14100.0,11500.0,Tue Dec 30 2014 11:30:00 GMT-0800 (PST)
2011,chevrolet,Aveo,Aveo5 1LT,Hatchback,manual,kl1td6de2bb161345,Arizona,,111680.0,gray,black,earnhardt,3075.0,2700.0,Thu Dec 18 2014 11:00:00 GMT-0800 (PST)
2011,chevrolet,Silverado 3500HD,LT,Crew Cab,automatic,1gc4k0c86bf260769,Utah,28.0,111185.0,white,black,auto focus inc,26300.0,23500.0,Wed Jan 07 2015 11:30:00 GMT-0800 (PST)
2011,chevrolet,Silverado 3500HD,Work Truck,Crew Cab,other,1gc4kzc80bf237301,Pennsylvania,29.0,72471.0,white,black,loehmann blasius chevrolet inc,22700.0,26250.0,Fri Dec 19 2014 09:30:00 GMT-0800 (PST)
2011,chevrolet,Suburban,LT 1500,SUV,other,1gnskje31br191669,North Carolina,21.0,142033.0,black,â,fleet lease remarketing,14950.0,15800.0,Mon Feb 16 2015 01:30:00 GMT-0800 (PST)
2011,chevrolet,Malibu,LT2,Sedan,automatic,1g1zd5e13bf210384,Michigan,27.0,71841.0,white,beige,gm financial,8250.0,7200.0,Thu Dec 18 2014 09:30:00 GMT-0800 (PST)
2014,Dodge,Challenger,SRT8,Coupe,manual,2c3cdycj0eh212117,Pennsylvania,49.0,1840.0,gray,black,outten chrysler dodge jeep ram,38500.0,38000.0,Tue Dec 23 2014 09:00:00 GMT-0800 (PST)
2011,Dodge,Charger,R/T,Sedan,automatic,2b3cl5ct2bh505836,Texas,3.0,50290.0,orange,black,music city autoplex llc,18350.0,18750.0,Tue Dec 23 2014 10:10:00 GMT-0800 (PST)
2011,Dodge,Caliber,Mainstreet,Wagon,automatic,1b3cb3ha0bd113692,Colorado,,43596.0,gray,gray,justus motors company inc,9300.0,10200.0,Wed Dec 17 2014 11:45:00 GMT-0800 (PST)
2011,chevrolet,Traverse,LTZ,SUV,automatic,1gnkvled1bj285299,Pennsylvania,36.0,102868.0,black,gray,ingersoll auto of danbury,14100.0,15700.0,Fri Feb 20 2015 09:00:00 GMT-0800 (PST)
2011,Dodge,Journey,Lux,SUV,automatic,3d4ph9fg7bt513724,Minnesota,27.0,78595.0,black,tan,select lane,17800.0,14000.0,Wed Jan 07 2015 10:30:00 GMT-0800 (PST)
2011,Dodge,Durango,Express,SUV,automatic,1d4rd2gg0bc704908,Louisiana,,61935.0,white,gray,american auto brokers inc,15450.0,16300.0,Wed Dec 17 2014 10:30:00 GMT-0800 (PST)
2011,Dodge,Grand Caravan,Mainstreet,Minivan,automatic,2d4rn3dg1br740024,Minnesota,,109701.0,black,black,fury motors inc,6600.0,7500.0,Thu Dec 18 2014 10:45:00 GMT-0800 (PST)
2011,Dodge,Avenger,Mainstreet,Sedan,automatic,1b3bd1fg5bn519687,Arizona,37.0,64972.0,silver,black,wells fargo dealer services,9250.0,9200.0,Thu Dec 18 2014 11:00:00 GMT-0800 (PST)
2011,Dodge,Journey,Mainstreet,SUV,other,3d4ph1fg5bt558338,Pennsylvania,,33882.0,silver,â,randy ford inc,13300.0,13700.0,Fri Dec 19 2014 09:15:00 GMT-0800 (PST)
2011,Dodge,Durango,Crew,SUV,automatic,1d4rd4gg9bc666896,Texas,25.0,90933.0,gray,black,tdaf remarketing,13600.0,14100.0,Wed Dec 17 2014 10:00:00 GMT-0800 (PST)
2011,Dodge,Journey,Crew,SUV,automatic,3d4ph3fg7bt535039,Michigan,29.0,34387.0,red,black,fiserv/usb dealer services northstar exchange,15900.0,16000.0,Thu Dec 18 2014 09:30:00 GMT-0800 (PST)
2011,Dodge,Caliber,Rush,Wagon,manual,1b3cb8hb6bd166712,Pennsylvania,33.0,45402.0,red,black,jpmorgan chase bank n.a.,11300.0,9600.0,Tue Dec 30 2014 09:00:00 GMT-0800 (PST)
2011,Dodge,Grand Caravan,C/V,Minivan,automatic,2d4jn1ag7br618287,Virginia,33.0,55787.0,white,gray,shirlie slack mitsubishi,7575.0,9400.0,Thu Dec 18 2014 09:20:00 GMT-0800 (PST)
2011,chrysler,200,v6 s,,automatic,1c3bc8fg3bn567039,Michigan,49.0,55895.0,red,black,kevins marysville auto sales inc,10900.0,12000.0,Thu Jan 08 2015 09:30:00 GMT-0800 (PST)
2011,Dodge,Avenger,Lux,Sedan,automatic,1b3bd2fgxbn510005,Texas,4.0,65459.0,white,tan,wheels lt,9675.0,9700.0,Thu Dec 18 2014 11:00:00 GMT-0800 (PST)
2011,Dodge,Durango,Citadel,SUV,automatic,1d4re5gg7bc720893,North Carolina,45.0,36926.0,silver,black,primeritus remarketing/coastal fcu,25900.0,25700.0,Mon Jan 12 2015 09:00:00 GMT-0800 (PST)
2011,Dodge,Journey,Express,SUV,automatic,3d4pg4fb2bt501426,Missouri,19.0,43113.0,white,black,myrddin fleet services,10800.0,8800.0,Wed Jan 07 2015 10:30:00 GMT-0800 (PST)
2011,Ford,Crown Victoria,LX Fleet,Sedan,automatic,2fabp7ev2bx136190,North Carolina,19.0,67374.0,black,â,primeritus remarketing/marine fcu,11150.0,8800.0,Mon Dec 22 2014 00:00:00 GMT-0800 (PST)
2011,Dodge,Nitro,Shock,SUV,automatic,1d4pu7gx0bw510415,Pennsylvania,,40894.0,silver,â,spinneweber auto sales,17350.0,18000.0,Wed Dec 17 2014 09:30:00 GMT-0800 (PST)
2011,Ford,F-150,Lariat Limited,SuperCrew,other,1ftfw1c68bfa51079,Pennsylvania,,44561.0,white,â,extreme auto llc,28200.0,28800.0,Fri Dec 19 2014 09:15:00 GMT-0800 (PST)
2011,Ford,F-150,Platinum,SuperCrew,automatic,1ftfw1et2bfa94965,Minnesota,,123134.0,unknown,brown,atwater ford inc,25700.0,22300.0,Wed Dec 17 2014 10:30:00 GMT-0800 (PST)
2011,Ford,F-250 Super Duty,King Ranch,Crew Cab,automatic,1ft7w2bt6bec67309,Texas,,78367.0,black,â,pro financial inc,35200.0,37000.0,Wed Dec 17 2014 10:20:00 GMT-0800 (PST)
2011,Ford,F-150,SVT Raptor,SuperCrew,automatic,1ftfw1r60bfa07424,Minnesota,38.0,40148.0,blue,black,ford-lincoln dealer program,39800.0,39200.0,Tue Dec 23 2014 14:00:00 GMT-0800 (PST)
2011,Ford,Transit Connect,Cargo Van XL,Minivan,automatic,nm0ls7an1bt068798,New York,25.0,34914.0,white,gray,ford motor credit company llc,12450.0,11900.0,Wed Jan 07 2015 09:20:00 GMT-0800 (PST)
2011,Ford,Flex,Titanium,Wagon,automatic,2fmhk6dt9bbd23481,New Jersey,38.0,73617.0,silver,gray,sansone jrs 66 nissan,18350.0,18700.0,Wed Dec 31 2014 09:30:00 GMT-0800 (PST)
2011,Ford,Taurus,SHO,Sedan,automatic,1fahp2kt7bg155243,Missouri,38.0,50800.0,unknown,black,ford motor credit company llc pd,18950.0,19700.0,Tue Dec 23 2014 10:30:00 GMT-0800 (PST)
2011,gmc,Sierra 3500HD,SLE,Crew Cab,automatic,1gt423c87bf190359,Utah,26.0,115100.0,white,black,excell auto center,23600.0,22500.0,Wed Jan 07 2015 11:30:00 GMT-0800 (PST)
2011,gmc,Acadia,Denali,SUV,automatic,1gkkvted7bj365560,Tennessee,46.0,51077.0,white,beige,wholesale inc # 2,25100.0,27250.0,Wed Jan 14 2015 02:30:00 GMT-0800 (PST)
2011,gmc,Sierra 2500HD,SLE,Crew Cab,automatic,1gt120c86bf131384,Utah,29.0,118566.0,white,black,excell auto center,26900.0,22500.0,Wed Jan 07 2015 11:30:00 GMT-0800 (PST)
2011,gmc,Acadia,SL,SUV,automatic,1gkkrned9bj142131,Texas,,58482.0,silver,black,huffines chrysler jeep dodge,15200.0,14300.0,Thu Dec 18 2014 11:00:00 GMT-0800 (PST)
2011,gmc,Sierra 3500HD,SLT,Crew Cab,automatic,1gt424c83bf117236,Michigan,,110050.0,black,black,larry hudson chevrolet buick gmc inc,30300.0,26200.0,Thu Dec 18 2014 09:30:00 GMT-0800 (PST)
2011,gmc,Canyon,SLE,Crew Cab,automatic,1gtd5mfe3b8126841,Georgia,38.0,55097.0,white,black,sam stevens motors inc,16450.0,16200.0,Thu Dec 18 2014 10:00:00 GMT-0800 (PST)
2011,gmc,Terrain,SLT-2,SUV,automatic,2ctflxec8b6250601,New York,,53139.0,red,black,romeo chevrolet buick gmc llc,17300.0,17300.0,Thu Dec 18 2014 09:30:00 GMT-0800 (PST)
2011,gmc,Sierra 3500HD,Denali,Crew Cab,automatic,1gt426c85bf188109,Florida,37.0,58151.0,black,black,d&a fine cars,40500.0,38600.0,Fri Jan 16 2015 02:25:00 GMT-0800 (PST)
2011,honda,CR-Z,EX,Hatchback,automatic,jhmzf1d69bs014379,Georgia,31.0,26442.0,blue,gray,ahfc/honda lease trust/hvt  inc. eot,10750.0,9200.0,Thu Dec 18 2014 10:00:00 GMT-0800 (PST)
2011,honda,Insight,LX,Hatchback,automatic,jhmze2h58bs008146,New York,39.0,68167.0,gray,gray,adk auto brokers inc,9200.0,7500.0,Thu Dec 18 2014 09:45:00 GMT-0800 (PST)
2011,honda,Element,LX,SUV,automatic,5j6yh1h33bl002305,Florida,,43531.0,black,gray,stingray chevrolet bartow llc,15400.0,13900.0,Wed Dec 17 2014 14:15:00 GMT-0800 (PST)
2011,hyundai,Genesis Coupe,3.8 Grand Touring,Genesis Coupe,automatic,kmhhu6kh3bu046619,Tennessee,35.0,29911.0,blue,black,sullivan auto group llc,16300.0,14900.0,Tue Dec 23 2014 10:30:00 GMT-0800 (PST)
2011,hyundai,Veracruz,GLS,SUV,automatic,km8nu4cc6bu162438,North Carolina,5.0,46583.0,silver,tan,parkway automotive group,14100.0,13000.0,Fri Dec 19 2014 09:30:00 GMT-0800 (PST)
2011,hyundai,Tucson,GL,SUV,other,km8jt3ab7bu228582,Pennsylvania,,101711.0,gray,â,manheim imports,9975.0,9000.0,Fri Dec 19 2014 09:00:00 GMT-0800 (PST)
2011,hyundai,Sonata,Limited PZEV,Sedan,automatic,5npec4ac4bh225881,Puerto Rico,28.0,49201.0,blue,black,scotiabank de puerto rico,11300.0,10500.0,Tue Dec 23 2014 11:00:00 GMT-0800 (PST)
2011,infiniti,M56,x,Sedan,automatic,jn1ay1ar5bm570199,Georgia,35.0,56257.0,white,black,nissan infiniti lt,26300.0,25500.0,Tue Jan 13 2015 00:00:00 GMT-0800 (PST)
2011,infiniti,G Coupe,G37 Journey,G Coupe,automatic,jn1cv6ek6bm215506,Florida,25.0,25138.0,gray,gray,nissan infiniti lt,21900.0,17400.0,Thu Dec 18 2014 09:15:00 GMT-0800 (PST)
2011,infiniti,M56,Base,Sedan,automatic,jn1ay1ap6bm520622,Wisconsin,39.0,79583.0,black,black,cat wholesale llc,22400.0,22000.0,Wed Dec 17 2014 10:00:00 GMT-0800 (PST)
2011,jaguar,XF,XFR,Sedan,other,sajwa0jc7bms01617,Pennsylvania,35.0,38477.0,silver,black,tdaf remarketing,36500.0,34100.0,Fri Jan 02 2015 09:00:00 GMT-0800 (PST)
2011,kia,Optima,EX Turbo,Sedan,other,knagn4a68b5136275,Pennsylvania,32.0,37598.0,red,tan,kia motors finance,14000.0,13600.0,Fri Dec 19 2014 09:00:00 GMT-0800 (PST)
2011,jeep,Wrangler,Rubicon,SUV,manual,1j4ba6d13bl545343,Tennessee,48.0,22427.0,black,gray,ford-lincoln dealer program,26300.0,24700.0,Tue Dec 23 2014 10:30:00 GMT-0800 (PST)
2014,Dodge,Durango,R/T,SUV,automatic,1c4sdjct7ec405822,Michigan,5.0,8856.0,black,black,kevins marysville auto sales inc,34700.0,35900.0,Thu Dec 18 2014 09:30:00 GMT-0800 (PST)
2014,Dodge,grand,carav crew,,other,2c4rdgdg2er344082,unknown,49.0,6359.0,white,black,chrysler canada inc,21200.0,22400.0,Tue Dec 23 2014 10:00:00 GMT-0800 (PST)
2014,Dodge,Dart,Limited,Sedan,other,1c3cdfcb7ed711569,Virginia,4.0,13003.0,blue,black,chrysler group llc,14700.0,15600.0,Thu Jan 15 2015 00:45:00 GMT-0800 (PST)
2011,kia,Soul,Sport,Wagon,automatic,kndjt2a20b7312899,Tennessee,44.0,69731.0,gray,black,wholesale inc # 2,9600.0,9750.0,Wed Dec 31 2014 10:30:00 GMT-0800 (PST)
2011,kia,Sportage,SX,SUV,automatic,kndpcca63b7168834,New York,34.0,48791.0,orange,gray,j zap llc,18500.0,17000.0,Tue Dec 30 2014 09:45:00 GMT-0800 (PST)
2011,kia,Sportage,Base,SUV,manual,kndpb3a26b7013873,Pennsylvania,32.0,60726.0,white,black,apple fcu,11350.0,8500.0,Wed Jan 14 2015 01:30:00 GMT-0800 (PST)
2011,lexus,GX 460,Premium,SUV,automatic,jtjjm7fx5b5019135,Georgia,44.0,79443.0,white,beige,carworks inc,33000.0,33800.0,Thu Dec 18 2014 10:00:00 GMT-0800 (PST)
2011,mazda,CX-9,Sport,SUV,other,jm3tb3bv0b0323783,Pennsylvania,36.0,27405.0,gray,black,jpmorgan chase bank n.a.,16800.0,16100.0,Fri Dec 19 2014 09:00:00 GMT-0800 (PST)
2011,mazda,CX-7,s Touring,SUV,other,jm3er4cl3b0355957,Pennsylvania,,18031.0,black,â,morgan automotive inc,16650.0,16900.0,Fri Dec 19 2014 09:30:00 GMT-0800 (PST)
2011,mazda,CX-7,i Sport,SUV,other,jm3er2bm0b0378918,Pennsylvania,41.0,52922.0,red,beige,champion mazda,11800.0,12700.0,Fri Dec 19 2014 09:00:00 GMT-0800 (PST)
2011,mazda,CX-7,i Touring,SUV,other,jm3er2cm3b0403034,Arizona,,73452.0,black,â,yates buick gmc inc,11800.0,11500.0,Thu Dec 18 2014 11:00:00 GMT-0800 (PST)
2011,lexus,IS 250 C,Base,Convertible,other,jthff2c26b2520517,Pennsylvania,3.0,50091.0,blue,gray,lexus financial services,22000.0,16900.0,Fri Dec 19 2014 08:29:00 GMT-0800 (PST)
2011,mercedes-benz,GL-Class,GL350 BlueTEC,SUV,automatic,4jgbf2fe2ba747257,Texas,,26034.0,silver,â,bert ogden motors inc,34400.0,37500.0,Wed Dec 17 2014 10:00:00 GMT-0800 (PST)
2011,mazda,MX-5 Miata,Touring,Convertible,automatic,jm1nc2lf6b0213496,Florida,24.0,28428.0,blue,black,jpmorgan chase bank n.a.,14950.0,12800.0,Mon Dec 22 2014 09:30:00 GMT-0800 (PST)
2011,mazda,3,s Grand Touring,Sedan,other,jm1bl1w58b1370473,Louisiana,,48982.0,gray,â,giles nissan,10850.0,11000.0,Thu Dec 18 2014 12:30:00 GMT-0800 (PST)
2011,mazda,MX-5 Miata,Sport,Convertible,automatic,jm1nc2jf1b0217989,Pennsylvania,39.0,26214.0,red,black,jpmorgan chase bank n.a.,13350.0,12900.0,Fri Dec 19 2014 09:00:00 GMT-0800 (PST)
2011,mercedes-benz,E-Class,E63 AMG,Sedan,automatic,wddhf7hb9ba419984,Tennessee,35.0,11524.0,gray,â,mercedes-benz financial services,50300.0,50000.0,Wed Jan 21 2015 02:30:00 GMT-0800 (PST)
2011,mercedes-benz,E-Class,E550 4MATIC,Sedan,other,wddhf9ab1ba503223,Pennsylvania,29.0,45396.0,silver,gray,mercedes-benz financial services,29600.0,27900.0,Thu Feb 05 2015 16:00:00 GMT-0800 (PST)
2011,mitsubishi,Outlander,GT,SUV,automatic,ja4jt5ax0bu008027,New York,,81096.0,gray,tan,goldstein mitsubishi albany,12200.0,10100.0,Thu Dec 18 2014 09:30:00 GMT-0800 (PST)
2011,mitsubishi,Outlander Sport,ES,SUV,automatic,ja4ap3au0bz000334,Pennsylvania,34.0,39970.0,gray,black,mmca  inc,9625.0,10700.0,Fri Dec 19 2014 09:00:00 GMT-0800 (PST)
2011,mitsubishi,endeavor,awd ls,,automatic,4a4jn2as4be011888,Georgia,,54297.0,silver,black,ted cianos used car center,11250.0,10400.0,Thu Dec 18 2014 10:00:00 GMT-0800 (PST)
2011,mitsubishi,Endeavor,LS,SUV,automatic,4a4jm2asxbe037141,Texas,28.0,49841.0,black,gray,hopper motorplex inc,8525.0,9400.0,Tue Dec 23 2014 10:10:00 GMT-0800 (PST)
2011,mercedes-benz,R-Class,R350 BlueTEC,Wagon,automatic,4jgcb2fe1ba117309,New Jersey,25.0,92234.0,black,black,holman infiniti,19500.0,17500.0,Wed Jan 21 2015 01:30:00 GMT-0800 (PST)
2011,mercedes-benz,M-Class,ML550 4MATIC,SUV,automatic,4jgbb7cb8ba639258,Texas,,62911.0,white,tan,pro financial inc,26500.0,26400.0,Wed Dec 17 2014 10:20:00 GMT-0800 (PST)
2011,nissan,Cube,1.8 S,Wagon,automatic,jn8az2krxbt202500,California,,50039.0,gray,â,reliance motors llc,9550.0,11800.0,Thu Dec 18 2014 12:00:00 GMT-0800 (PST)
2011,nissan,Frontier,PRO-4X,Crew Cab,automatic,1n6ad0ev9bc447566,Maryland,34.0,95941.0,black,gray,sheehy nissan of waldorf,15350.0,15000.0,Tue Dec 30 2014 09:30:00 GMT-0800 (PST)
2011,nissan,Cube,1.8 S Krom Edition,Wagon,other,jn8az2kr4bt207711,North Carolina,28.0,73556.0,blue,black,santander consumer,7225.0,7300.0,Mon Dec 22 2014 09:30:00 GMT-0800 (PST)
2011,nissan,Pathfinder,S,SUV,automatic,5n1ar1nb5bc620821,New Jersey,,53863.0,gray,â,great neck nissan llc,17550.0,15000.0,Wed Dec 17 2014 09:30:00 GMT-0800 (PST)
2011,nissan,Quest,LE,Minivan,other,jn8ae2kp4b9002946,Pennsylvania,,35829.0,silver,â,luxury fleet serv inc,21200.0,23600.0,Fri Dec 19 2014 09:00:00 GMT-0800 (PST)
2011,nissan,Sentra,SE-R,Sedan,automatic,3n1bb6ap5bl687972,Puerto Rico,23.0,44574.0,silver,black,oriental bank,10450.0,8000.0,Thu Jan 08 2015 11:30:00 GMT-0800 (PST)
2011,ram,Dakota,BigHorn,Extended Cab,automatic,1d7re3bk9bs691759,Florida,46.0,29135.0,white,gray,florida credit union,13050.0,13800.0,Thu Dec 18 2014 13:25:00 GMT-0800 (PST)
2011,nissan,Titan,SL,Crew Cab,automatic,1n6aa0ec1bn314781,Pennsylvania,41.0,55360.0,blue,black,wissler motors inc,24000.0,24800.0,Tue Dec 23 2014 09:00:00 GMT-0800 (PST)
2011,nissan,Versa,1.6,Sedan,automatic,3n1cc1ap0bl445739,North Carolina,21.0,61671.0,blue,black,afg/champion cu,5850.0,4700.0,Tue Dec 23 2014 09:15:00 GMT-0800 (PST)
2011,porsche,Panamera,S,Sedan,automatic,wp0ab2a77bl060266,Nevada,36.0,41208.0,brown,beige,gaudin jaguar porsche of las vegas,47600.0,43000.0,Fri Jan 09 2015 11:45:00 GMT-0800 (PST)
2011,nissan,Sentra,SE-R Spec V,Sedan,manual,3n1cb6apxbl644054,Georgia,37.0,34612.0,silver,black,wells fargo dealer services,11150.0,10900.0,Thu Dec 18 2014 10:00:00 GMT-0800 (PST)
2011,subaru,Legacy,2.5i Limited,Sedan,other,4s3bmbk6xb3238563,Pennsylvania,29.0,30459.0,red,black,jpmorgan chase bank n.a.,16000.0,14700.0,Fri Dec 19 2014 09:00:00 GMT-0800 (PST)
2011,subaru,Impreza,Outback Sport,Hatchback,automatic,jf1gh6d6xbh830598,Virginia,33.0,29684.0,black,beige,jpmorgan chase bank n.a.,15450.0,15000.0,Thu Dec 18 2014 09:20:00 GMT-0800 (PST)
2011,subaru,Outback,2.5i,Wagon,other,4s4brbac3b3356717,Pennsylvania,43.0,44192.0,green,gray,jpmorgan chase bank n.a.,14400.0,17000.0,Fri Dec 19 2014 09:00:00 GMT-0800 (PST)
2011,suzuki,SX4,SportBack Technology,Hatchback,automatic,js2ya5a5xb6300710,Illinois,3.0,80081.0,blue,gray,ally,5425.0,5100.0,Thu Dec 18 2014 10:00:00 GMT-0800 (PST)
2011,subaru,Legacy,3.6R Limited,Sedan,automatic,4s3bmdk68b2264645,Ohio,2.0,90255.0,gray,black,santander consumer,13000.0,11100.0,Tue Jan 06 2015 04:00:00 GMT-0800 (PST)
2011,subaru,Legacy,2.5i,Sedan,automatic,4s3bmba60b3261934,New York,,107362.0,blue,gray,big als auto outlet inc,7800.0,8500.0,Thu Dec 18 2014 09:30:00 GMT-0800 (PST)
2011,ram,Dakota,ST,Extended Cab,automatic,1d7re2bk0bs537788,Washington,3.0,102961.0,white,gray,enterprise fleet management exchange  inc.,7300.0,7300.0,Wed Jan 07 2015 12:30:00 GMT-0800 (PST)
2011,saab,9-5,Turbo4 Premium,Sedan,automatic,ys3gn4ar7b4003583,Puerto Rico,45.0,74253.0,white,black,scotiabank de puerto rico,11200.0,11500.0,Thu Dec 18 2014 11:00:00 GMT-0800 (PST)
2011,subaru,Forester,2.5X Touring,SUV,other,jf2shagc5bh701307,Pennsylvania,2.0,48838.0,red,gray,jpmorgan chase bank n.a.,19200.0,16250.0,Fri Jan 23 2015 01:00:00 GMT-0800 (PST)
2011,subaru,Forester,2.5X Limited,SUV,other,jf2shaec7bh741908,Pennsylvania,28.0,30232.0,white,gray,jpmorgan chase bank n.a.,18050.0,17300.0,Fri Dec 19 2014 09:00:00 GMT-0800 (PST)
2011,subaru,Forester,2.5XT Premium,SUV,other,jf2shgac2bh727911,Pennsylvania,33.0,41992.0,blue,gray,jpmorgan chase bank n.a.,18000.0,16750.0,Fri Jan 23 2015 01:00:00 GMT-0800 (PST)
2011,suzuki,SX4,Sport GTS,Sedan,automatic,js2yc5a99b6300307,Puerto Rico,39.0,55824.0,red,black,oriental bank,5800.0,5000.0,Tue Dec 30 2014 11:30:00 GMT-0800 (PST)
2011,suzuki,Kizashi,Sport SLS,Sedan,automatic,js2re9a87b6110518,Illinois,,86062.0,blue,â,discount auto mart inc,6250.0,6600.0,Thu Dec 18 2014 10:00:00 GMT-0800 (PST)
2011,toyota,corolla,le,,automatic,5yfbu4ee5bp002330,Georgia,37.0,26028.0,black,beige,wells fargo dealer services,10500.0,11500.0,Thu Dec 18 2014 10:00:00 GMT-0800 (PST)
2011,toyota,Tundra,Limited FFV,CrewMax Cab,automatic,5tfhw5f15bx192959,Louisiana,,91631.0,black,â,courtesy buick gmc,25500.0,25000.0,Thu Dec 18 2014 11:00:00 GMT-0800 (PST)
2011,volvo,XC60,3.2 R-Design,SUV,other,yv4940dz0b2146164,Pennsylvania,38.0,114792.0,gold,beige,annapolis volvo subaru,12250.0,12800.0,Fri Dec 19 2014 09:00:00 GMT-0800 (PST)
2011,Volkswagen,jetta,4c comfort,,other,3vwdk7aj7bm008170,unknown,,69339.0,blue,â,auction direct,10300.0,6900.0,Thu Dec 18 2014 18:30:00 GMT-0800 (PST)
2011,Volkswagen,Eos,Lux SULEV,Convertible,automatic,wvwfa7ahxbv002090,Georgia,37.0,25267.0,black,red,lexus of greenville,18000.0,18400.0,Tue Dec 23 2014 13:00:00 GMT-0800 (PST)
2010,acura,RL,Base,Sedan,automatic,jh4kb2f67ac002658,Georgia,25.0,66823.0,silver,gray,wells fargo dealer services,20200.0,17300.0,Thu Dec 18 2014 10:00:00 GMT-0800 (PST)
2011,volvo,C30,R-Design,Hatchback,automatic,yv1672mkxb2212340,Texas,29.0,61108.0,red,black,cm investments,14350.0,14000.0,Wed Jan 28 2015 02:00:00 GMT-0800 (PST)
2011,toyota,Tundra,Tundra FFV,CrewMax Cab,automatic,5tfdw5f14bx179098,Texas,,97607.0,silver,â,fairway ford henderson,20400.0,20500.0,Mon Dec 22 2014 10:00:00 GMT-0800 (PST)
2011,Volkswagen,Golf,2.5L,Hatchback,automatic,wvwda7aj5bw057079,Florida,36.0,43745.0,blue,black,remarketing by ge/tmt auto wholesale inc,10150.0,10000.0,Fri Dec 19 2014 09:45:00 GMT-0800 (PST)
2011,Volkswagen,Tiguan,SEL,SUV,automatic,wvgav7ax8bw000477,Louisiana,41.0,60667.0,red,black,jpmorgan chase bank n.a.,14500.0,12400.0,Wed Dec 17 2014 11:00:00 GMT-0800 (PST)
2010,bmw,7 Series,750i,Sedan,automatic,wbaka8c56acy35576,Washington,29.0,30034.0,gray,tan,toyota of tacoma,29600.0,32600.0,Wed Jan 14 2015 06:20:00 GMT-0800 (PST)
2010,bmw,ActiveHybrid X6,Base,SUV,automatic,5uxfh0c59alc66063,Michigan,28.0,24980.0,blue,tan,motorcars of lansing inc,34500.0,26500.0,Thu Dec 18 2014 09:30:00 GMT-0800 (PST)
2010,bmw,7 Series,750i xDrive,Sedan,other,wbakc6c58ac393981,unknown,,87598.0,silver,black,malfara's automotive,15800.0,26000.0,Thu Dec 18 2014 18:30:00 GMT-0800 (PST)
2010,acura,ZDX,Base,Hatchback,automatic,2hnyb1h40ah502041,Florida,,68588.0,black,tan,off lease only inc,23600.0,23800.0,Thu Dec 18 2014 10:35:00 GMT-0800 (PST)
2010,audi,a4,awd 2.0t,,other,waubfcfl6an004842,unknown,,150295.0,black,black,auto leasing limited,14550.0,12100.0,Thu Dec 18 2014 18:30:00 GMT-0800 (PST)
2010,bmw,X3,xDrive30i,SUV,other,wbxpc9c41awk16191,unknown,29.0,157356.0,black,black,mercedes-benz,13650.0,10300.0,Thu Dec 18 2014 18:30:00 GMT-0800 (PST)
2010,cadillac,CTS Wagon,Premium,CTS Wagon,other,1g6ds8ev3a0121785,Pennsylvania,44.0,57724.0,silver,gray,my car llc,17450.0,17000.0,Fri Dec 19 2014 09:30:00 GMT-0800 (PST)
2010,audi,Q5,3.2 Premium quattro,SUV,automatic,wa1lkafp3aa071734,Illinois,42.0,70573.0,gray,black,mercedes benz of chicago,20300.0,20700.0,Thu Dec 18 2014 10:00:00 GMT-0800 (PST)
2010,cadillac,dts,fwd w/1sh,,automatic,1g6kr5ey1au114032,New Jersey,19.0,143034.0,black,black,ari,5500.0,5100.0,Wed Jan 07 2015 01:30:00 GMT-0800 (PST)
2010,buick,Lucerne,Super,Sedan,automatic,1g4hh5e91au109704,Indiana,,113811.0,white,beige,g h n leasing corporation,11900.0,9200.0,Thu Dec 18 2014 10:10:00 GMT-0800 (PST)
2010,cadillac,SRX,Premium,SUV,automatic,3gyfnfey5as532264,Illinois,,125946.0,black,â,phillips chevrolet inc,13350.0,9800.0,Thu Dec 18 2014 10:00:00 GMT-0800 (PST)
2010,cadillac,STS,V6 Luxury Sport,Sedan,automatic,1g6du6ev5a0124377,Michigan,5.0,70781.0,beige,tan,kevins marysville auto sales inc,11750.0,16600.0,Thu Dec 18 2014 09:30:00 GMT-0800 (PST)
2010,chevrolet,Aveo,Aveo5 LS,Hatchback,manual,kl1td6de6ab060596,Michigan,27.0,53553.0,black,gray,jpmorgan chase bank n.a.,5925.0,3500.0,Thu Dec 18 2014 09:30:00 GMT-0800 (PST)
2010,chevrolet,impala,police,,automatic,2g1wd5em5a1263543,North Carolina,31.0,112198.0,white,black,national fleet leasing,3050.0,3500.0,Mon Dec 22 2014 09:30:00 GMT-0800 (PST)
2010,chevrolet,malibu,4c ls w/1ls,,automatic,1g1zb5e07af293748,Michigan,47.0,53357.0,gray,gray,automobiles paille inc,8350.0,8500.0,Thu Dec 18 2014 09:30:00 GMT-0800 (PST)
2010,chevrolet,Malibu,Fleet,Sedan,automatic,1g1za5e06a4108684,Missouri,17.0,99642.0,blue,tan,first community credit union,6825.0,2900.0,Tue Jan 06 2015 11:00:00 GMT-0800 (PST)
2010,chevrolet,g3500,cutaway,,automatic,1gb6g4ag0a1108191,Georgia,4.0,44635.0,white,gray,atlanta auto distributors llc,9600.0,16700.0,Thu Dec 18 2014 10:00:00 GMT-0800 (PST)
2010,chevrolet,colorado,4x2 rg work truck,,automatic,1gbhsbde6a8142519,Texas,24.0,142506.0,white,black,lease plan usa,4125.0,5300.0,Thu Dec 18 2014 12:00:00 GMT-0800 (PST)
2010,chevrolet,malibu,4c ls w/1fl,,automatic,1g1za5eb5af191160,Utah,26.0,61368.0,silver,gray,larry h. miller fleet lease,7625.0,7800.0,Wed Jan 07 2015 11:30:00 GMT-0800 (PST)
2010,Dodge,grand,caravan sxt,,other,2d4rn4dxxar363813,unknown,,113745.0,gray,gray,era classic auto sales ltd,11200.0,11100.0,Thu Dec 18 2014 18:30:00 GMT-0800 (PST)
2010,Dodge,Grand Caravan,Hero,Minivan,other,2d4rn3d11ar335579,Virginia,,88680.0,burgundy,â,primeritus remarketing / chesterfield impor,6900.0,5800.0,Thu Dec 18 2014 09:20:00 GMT-0800 (PST)
2010,Dodge,Charger,RT Fleet,Sedan,automatic,2b3ca5ct1ah143910,New Jersey,,142269.0,gray,black,lester glenn buick,9550.0,7300.0,Wed Dec 17 2014 12:00:00 GMT-0800 (PST)
2010,chrysler,Town and Country,Limited Fleet,Minivan,automatic,2a4rr6dx3ar240796,Florida,45.0,86482.0,black,tan,jenkins hyundai of leesburg,13000.0,13100.0,Thu Dec 18 2014 09:50:00 GMT-0800 (PST)
2010,chrysler,sebring,v6 touring,,automatic,1c3cc4fd8an148959,New York,27.0,61442.0,black,gray,condor capital corp,7050.0,6300.0,Thu Dec 18 2014 09:15:00 GMT-0800 (PST)
2010,chrysler,PT Cruiser,Classic,Wagon,automatic,3a4gy5f90at188835,Michigan,31.0,43584.0,gray,gray,santander consumer,6875.0,5400.0,Thu Dec 18 2014 09:30:00 GMT-0800 (PST)
2010,chrysler,Town and Country,Touring Plus,Minivan,automatic,2a4rr8d19ar480474,Florida,,64729.0,red,gray,autotech of venice inc,11600.0,12800.0,Wed Dec 17 2014 00:00:00 GMT-0800 (PST)
2010,Dodge,Journey,R/T,SUV,automatic,3d4ph6fv4at265749,Minnesota,33.0,50538.0,black,black,select lane,13550.0,14300.0,Thu Dec 18 2014 10:30:00 GMT-0800 (PST)
2010,Dodge,Nitro,SXT Fleet,SUV,automatic,1d4pt5gkxaw124515,Puerto Rico,33.0,30873.0,white,beige,oriental bank,11550.0,6900.0,Tue Dec 30 2014 11:30:00 GMT-0800 (PST)
2010,Dodge,Ram Pickup 3500,Laramie,Crew Cab,manual,3d73y4cl3ag140095,Florida,,91495.0,black,tan,credit union remarketing solutions,30200.0,30500.0,Thu Dec 18 2014 09:50:00 GMT-0800 (PST)
2010,Ford,e250,cargo commercial,,automatic,1ftne2ew4ada16552,Florida,24.0,99178.0,white,silver,ford motor credit company llc,7675.0,11000.0,Thu Dec 18 2014 09:00:00 GMT-0800 (PST)
2010,Ford,f150,4x4 ex xlt,,automatic,1ftfx1ev7ake55062,North Carolina,24.0,93377.0,blue,beige,karz direct inc,15550.0,15400.0,Mon Dec 29 2014 09:30:00 GMT-0800 (PST)
2010,Ford,Expedition,King Ranch,SUV,automatic,1fmju1j55aea76256,Tennessee,,73383.0,unknown,tan,beaman ford lincoln mercury inc,19550.0,17800.0,Wed Dec 17 2014 10:30:00 GMT-0800 (PST)
2010,Ford,f150,4x4 cr xlt,,automatic,1ftfw1ev0akc26421,Arizona,39.0,130916.0,gold,tan,farm credit leasing exchange inc,14650.0,12900.0,Thu Dec 18 2014 11:00:00 GMT-0800 (PST)
2010,Ford,Expedition,EL SSV Fleet,SUV,automatic,1fmjk1f55aeb21128,Louisiana,,71701.0,black,gray,american auto brokers inc,15450.0,15200.0,Wed Dec 17 2014 10:30:00 GMT-0800 (PST)
2010,Ford,f150,4x4 cr king ranch,,automatic,1ftfw1ev7aka23493,Pennsylvania,29.0,68857.0,burgundy,brown,ford-lincoln dealer program,24000.0,24700.0,Fri Dec 19 2014 09:00:00 GMT-0800 (PST)
2010,Ford,Transit Connect,Wagon XLT,Minivan,other,nm0ks9bn3at042109,Florida,22.0,81549.0,silver,gray,ford motor credit company llc,8450.0,10000.0,Fri Dec 19 2014 09:00:00 GMT-0800 (PST)
2010,Ford,police,street app,,other,2fabp7bv6ax126572,Minnesota,,93006.0,blue,â,city of ramsey,4300.0,2300.0,Wed Dec 17 2014 10:30:00 GMT-0800 (PST)
2010,honda,Accord Crosstour,EX,Hatchback,automatic,5j6tf1h37al016349,Texas,32.0,48438.0,silver,black,caprock auto remarketing,13250.0,12200.0,Thu Dec 18 2014 11:00:00 GMT-0800 (PST)
2010,honda,Ridgeline,RTL,Crew Cab,automatic,5fpyk1f54ab004827,California,35.0,78482.0,black,beige,aaero sweet company,17200.0,19800.0,Thu Jan 08 2015 11:30:00 GMT-0800 (PST)
2010,hyundai,Elantra,Blue,Sedan,automatic,kmhdu4ad1au890075,South Carolina,,96783.0,blue,tan,royal edition motors inc,4500.0,5700.0,Thu Dec 18 2014 10:00:00 GMT-0800 (PST)
2010,hyundai,Elantra Touring,GLS,Hatchback,automatic,kmhdb8ae0au071998,Florida,29.0,87708.0,silver,black,regional acceptance corporation / greenville,5525.0,7100.0,Thu Dec 18 2014 09:50:00 GMT-0800 (PST)
2010,hyundai,Elantra Touring,SE,Hatchback,automatic,kmhdc8ae7au073308,New Jersey,33.0,85008.0,gray,black,lester glenn buick,5025.0,6200.0,Wed Jan 07 2015 01:30:00 GMT-0800 (PST)
2010,infiniti,G37 Coupe,x,G37 Coupe,automatic,jn1cv6el7am153511,Tennessee,33.0,94435.0,black,black,nissan infiniti lt,14350.0,12500.0,Tue Dec 23 2014 10:30:00 GMT-0800 (PST)
2010,jeep,Liberty,Renegade,SUV,automatic,1j4pn3gkxaw151056,Pennsylvania,34.0,119649.0,silver,black,eastern auto trading inc,6375.0,7200.0,Fri Dec 19 2014 09:00:00 GMT-0800 (PST)
2010,hyundai,Sonata,Limited V6,Sedan,automatic,5npeu4af3ah621211,Tennessee,3.0,62647.0,gray,gray,the auto specialists,8275.0,9400.0,Tue Dec 23 2014 10:30:00 GMT-0800 (PST)
2010,jeep,Wrangler,Unlimited Sport RHD,SUV,automatic,1j4bz3h19al233057,North Carolina,34.0,73183.0,white,â,crossroads ford of indian trail,18400.0,14700.0,Mon Dec 29 2014 09:00:00 GMT-0800 (PST)
2010,kia,Sedona,Base,Minivan,automatic,kndmg4c32a6326844,Florida,,91859.0,white,gray,transfleet us llc,5725.0,5900.0,Thu Dec 18 2014 09:50:00 GMT-0800 (PST)
2010,lexus,HS 250h,Base,Sedan,automatic,jthbb1ba9a2015146,Arizona,29.0,58122.0,black,beige,vip custom rides llc,15850.0,16000.0,Thu Dec 18 2014 11:30:00 GMT-0800 (PST)
2010,lexus,HS 250h,Premium,Sedan,automatic,jthbb1ba0a2033826,Arizona,37.0,46807.0,red,tan,lexus financial services,17000.0,16500.0,Tue Dec 30 2014 11:00:00 GMT-0800 (PST)
2010,kia,Forte,Koup SX,Koup,other,knafw6a35a5179657,Pennsylvania,46.0,46684.0,silver,black,magnum motors,8400.0,10600.0,Fri Dec 19 2014 09:00:00 GMT-0800 (PST)
2014,Dodge,Journey,Limited,SUV,automatic,3c4pdcdg2et171578,Michigan,5.0,8562.0,white,black,kevins marysville auto sales inc,18850.0,20200.0,Thu Dec 18 2014 09:30:00 GMT-0800 (PST)
2014,fiat,500,Pop,Hatchback,manual,3c3cffar0et264216,Florida,47.0,7072.0,red,gray,chrysler capital,11100.0,10800.0,Thu Dec 18 2014 09:50:00 GMT-0800 (PST)
2014,Dodge,journey,awd v6 r/t,,other,3c4pddfgxet121515,unknown,49.0,30562.0,black,black,chrysler canada inc,22200.0,22000.0,Tue Dec 23 2014 10:00:00 GMT-0800 (PST)
2014,fiat,500,Lounge,Hatchback,other,3c3cffcr2et212356,unknown,45.0,17701.0,black,black,chrysler canada inc,13900.0,13800.0,Tue Feb 10 2015 02:00:00 GMT-0800 (PST)
2014,Ford,E-Series Wagon,E-150 XL,Van,automatic,1fmne1bw7eda01026,South Carolina,44.0,23876.0,white,gray,enterprise veh exchange/rental,23100.0,21100.0,Tue Dec 23 2014 09:15:00 GMT-0800 (PST)
2010,mercedes-benz,Sprinter,2500 144 WB Cargo,Van,automatic,wd3pe7cc5a5436601,Pennsylvania,,13778.0,white,gray,mercedes-benz usa,17250.0,19000.0,Fri Dec 19 2014 08:29:00 GMT-0800 (PST)
2010,mazda,Mazda6,s Touring Plus,Sedan,other,1yvhz8cb9a5m13733,Illinois,,67039.0,silver,â,signature auto enterprises inc,11450.0,10600.0,Thu Dec 18 2014 10:00:00 GMT-0800 (PST)
2010,mazda,Mazdaspeed3,Sport,Hatchback,manual,jm1bl1h4xa1162985,Virginia,29.0,36364.0,gray,black,myrddin fleet services,12450.0,12200.0,Thu Dec 18 2014 08:50:00 GMT-0800 (PST)
2010,mercury,Mariner,Base,SUV,automatic,4m2cn8b79akj30673,Indiana,47.0,59008.0,white,gray,fiserv,9075.0,11300.0,Thu Dec 18 2014 10:00:00 GMT-0800 (PST)
2010,nissan,Cube,1.8 Base,Wagon,other,jn8az2kr9at165387,Virginia,19.0,40923.0,black,black,a & r automobile sales  llc,8450.0,4000.0,Mon Dec 29 2014 10:15:00 GMT-0800 (PST)
2010,nissan,Frontier,LE,Crew Cab,other,1n6ad0ev2ac404668,Pennsylvania,,49048.0,white,â,buy all cars.com llc,20300.0,17300.0,Fri Dec 19 2014 09:00:00 GMT-0800 (PST)
2010,nissan,Armada,Titanium,SUV,other,5n1ba0nd7an621334,Texas,41.0,72121.0,white,gray,music city autoplex llc,18500.0,18250.0,Wed Dec 31 2014 10:10:00 GMT-0800 (PST)
2010,mitsubishi,Lancer Evolution,MR,Sedan,automatic,ja32w5fv5au022401,Minnesota,21.0,54457.0,black,gray,onemain rem/german autoworks inc,23700.0,17900.0,Thu Dec 18 2014 10:45:00 GMT-0800 (PST)
2010,nissan,370Z,Touring,Convertible,automatic,jn1az4fh2am304524,Florida,41.0,24431.0,red,black,autonation chevrolet delray,21500.0,20200.0,Mon Dec 22 2014 09:15:00 GMT-0800 (PST)
2010,mitsubishi,Lancer Evolution,MR Touring,Sedan,manual,ja32w8fv1au028147,Virginia,36.0,48386.0,black,gray,jpmorgan chase bank n.a.,21900.0,22000.0,Thu Dec 18 2014 09:20:00 GMT-0800 (PST)
2010,mercury,Milan Hybrid,Base,Sedan,automatic,3medm0l35ar610486,New York,35.0,78311.0,green,gray,adk auto brokers inc,9400.0,10000.0,Tue Dec 30 2014 09:45:00 GMT-0800 (PST)
2010,mitsubishi,Endeavor,SE,SUV,other,4a4jn3as8ae011638,Pennsylvania,34.0,72707.0,black,black,remarketing by ge/flagship credit acceptance,10550.0,10600.0,Fri Dec 19 2014 09:00:00 GMT-0800 (PST)
2010,nissan,Rogue,SL,SUV,automatic,jn8as5mv8aw114123,New Jersey,,72147.0,gray,â,wzs auto sales inc,10350.0,10100.0,Wed Dec 17 2014 09:30:00 GMT-0800 (PST)
2010,porsche,Panamera,4S,Sedan,automatic,wp0ab2a74al063334,California,42.0,49736.0,gray,black,land rover newport beach,46800.0,46500.0,Thu Dec 18 2014 12:30:00 GMT-0800 (PST)
2010,pontiac,G6,Fleet,Sedan,automatic,1g2za5e04a4102720,Pennsylvania,41.0,74147.0,blue,black,1 cochran of monroeville,7100.0,7100.0,Wed Dec 17 2014 09:00:00 GMT-0800 (PST)
2010,porsche,911,Carrera,Coupe,manual,wp0aa2a90as706322,Florida,43.0,29436.0,black,black,prestige motorcar imports inc,46300.0,46200.0,Thu Dec 18 2014 00:00:00 GMT-0800 (PST)
2010,porsche,Panamera,Turbo,Sedan,automatic,wp0ac2a71al091864,Illinois,42.0,34346.0,black,black,mercedes benz of chicago,63000.0,65000.0,Thu Dec 18 2014 10:00:00 GMT-0800 (PST)
2010,suzuki,SX4,Crossover,Hatchback,automatic,js2yb5a31a6300184,New York,,92815.0,silver,black,fuccillo volkswagen of schenectady,5125.0,6000.0,Thu Dec 18 2014 09:15:00 GMT-0800 (PST)
2010,suzuki,Grand Vitara,XSport,SUV,automatic,js3te0d43a4110273,Puerto Rico,27.0,59884.0,gray,black,oriental bank,8025.0,5000.0,Thu Dec 18 2014 11:30:00 GMT-0800 (PST)
2010,porsche,Cayenne,GTS,SUV,automatic,wp1ad2apxala62004,California,4.0,68678.0,white,brown,land rover newport beach,35400.0,36750.0,Thu Dec 18 2014 12:30:00 GMT-0800 (PST)
2010,nissan,Rogue,S Krom Edition,SUV,other,jn8as5mv4aw123482,North Carolina,35.0,96510.0,white,gray,carolina farm credit,8500.0,8600.0,Tue Dec 23 2014 09:15:00 GMT-0800 (PST)
2010,rolls-royce,Ghost,Base,Sedan,automatic,sca664s51aux48718,Wisconsin,4.0,8440.0,gray,beige,toyota financial services,157000.0,149800.0,Wed Dec 17 2014 10:00:00 GMT-0800 (PST)
2009,audi,S5,quattro,Coupe,manual,waurv78t49a017467,Florida,,70178.0,black,brown,braman honda of palm beach,24300.0,25000.0,Fri Dec 19 2014 09:35:00 GMT-0800 (PST)
2010,Volkswagen,Jetta,Limited Edition,Sedan,manual,3vwrx7aj6am148152,Michigan,,57636.0,gray,black,dean sellers ford,8225.0,7200.0,Thu Dec 18 2014 09:30:00 GMT-0800 (PST)
2009,audi,A5,quattro,Coupe,manual,waudk78t29a042645,Pennsylvania,19.0,168454.0,black,black,j magnone auto group llc,12800.0,10900.0,Fri Feb 13 2015 01:00:00 GMT-0800 (PST)
2010,Volkswagen,Touareg,V6 TDI,SUV,automatic,wvgfk7a93ad003541,Washington,,100119.0,black,black,legacy ford pasco,16700.0,16000.0,Wed Dec 17 2014 13:05:00 GMT-0800 (PST)
2009,audi,A6,3.0T quattro,Sedan,automatic,wausg74f49n046570,Illinois,41.0,85963.0,white,tan,mercedes benz of chicago,14250.0,15600.0,Thu Dec 18 2014 10:00:00 GMT-0800 (PST)
2010,Volkswagen,Passat,Komfort,Wagon,automatic,wvwxk7an1ae022377,Wisconsin,35.0,196966.0,black,black,harry kaufmann motor cars inc,7225.0,5200.0,Wed Dec 31 2014 10:00:00 GMT-0800 (PST)
2009,audi,A4,3.2 Premium Plus quattro,Sedan,other,waulk78k59n007139,Pennsylvania,34.0,100937.0,black,black,j magnone auto group llc,10000.0,12400.0,Tue Dec 23 2014 09:00:00 GMT-0800 (PST)
2010,Volkswagen,Jetta,SportWagen SE,Wagon,automatic,3vwtx7aj1am653778,Georgia,27.0,68287.0,black,tan,capital one auto finance,9475.0,9500.0,Tue Jan 06 2015 01:30:00 GMT-0800 (PST)
2010,Volkswagen,Passat,Komfort PZEV,Sedan,automatic,wvwjm7an8ae147926,Nevada,37.0,83949.0,gray,black,findlay north volkswagen,7425.0,8700.0,Fri Jan 09 2015 12:00:00 GMT-0800 (PST)
2010,Volkswagen,New Beetle,2.5L Red Rock Edition,Hatchback,automatic,3vwpw3ag9am011603,Florida,46.0,62075.0,yellow,black,fiserv/citizens auto finance,7250.0,6100.0,Tue Dec 30 2014 09:30:00 GMT-0800 (PST)
2009,audi,R8,quattro,Coupe,automatic,wuaau34299n002001,California,49.0,19422.0,silver,red,mckenna audi/mckenna bmw,85000.0,84000.0,Thu Dec 18 2014 12:00:00 GMT-0800 (PST)
2010,Volkswagen,Touareg,VR6 FSI,SUV,automatic,wvgbf7a94ad002773,Arizona,47.0,66520.0,gray,beige,truwest credit union,16550.0,16500.0,Thu Dec 18 2014 11:00:00 GMT-0800 (PST)
2009,chevrolet,Silverado 1500 Hybrid,Base,Crew Cab,automatic,3gcfk13549g268690,Michigan,46.0,77682.0,silver,black,automobiles paille inc,19450.0,17600.0,Thu Dec 18 2014 09:30:00 GMT-0800 (PST)
2009,chevrolet,Suburban,1500 LT1,SUV,automatic,1gnfc26069r150974,Texas,,109706.0,white,gray,jerry's gm,15650.0,13000.0,Fri Dec 19 2014 14:00:00 GMT-0800 (PST)
2009,chevrolet,Aveo,Aveo5 2LT,Hatchback,other,kl1tg66e49b620616,Arizona,,228038.0,white,â,chapman chevrolet llc,1825.0,1400.0,Thu Dec 18 2014 11:00:00 GMT-0800 (PST)
2009,chevrolet,Equinox,Sport,SUV,automatic,2cndl937996252884,Florida,23.0,123980.0,white,gray,remarketing by ge/space coast credit union,7300.0,6700.0,Tue Dec 30 2014 12:00:00 GMT-0800 (PST)
2009,chevrolet,g3500,cargo 4x2,,automatic,1gbhg39c291150152,New Jersey,2.0,164406.0,white,black,lease plan usa/tra,6325.0,3750.0,Wed Jan 07 2015 12:00:00 GMT-0800 (PST)
2009,chevrolet,Tahoe,LT2,SUV,other,1gnfk23039j125858,Pennsylvania,36.0,87354.0,black,black,platinum cars south,18350.0,16800.0,Fri Jan 09 2015 09:15:00 GMT-0800 (PST)
2009,chevrolet,Impala,LT2,Sedan,automatic,2g1wc57m491280636,Florida,,51777.0,white,beige,mini of wesley chapel,8450.0,9400.0,Thu Dec 18 2014 09:45:00 GMT-0800 (PST)
2009,chrysler,300,Limited,Sedan,automatic,2c3ka33v89h640131,Michigan,37.0,57864.0,red,blue,chrysler capital,11200.0,10600.0,Thu Dec 18 2014 09:30:00 GMT-0800 (PST)
2009,Dodge,ram,1500 4x4 v8 slt,,automatic,1d3hv18px9s771778,Nebraska,,102444.0,beige,gray,woodhouse ford inc,13200.0,12300.0,Thu Dec 18 2014 11:00:00 GMT-0800 (PST)
2009,Dodge,Ram Pickup 3500,ST,Quad Cab,automatic,3d7ml48l39g531836,Texas,,122168.0,black,tan,j & j auto & truck sales,17050.0,17500.0,Wed Dec 17 2014 10:20:00 GMT-0800 (PST)
2009,Ford,crown,victoria police int,,other,2fahp71v59x135688,Minnesota,,85877.0,unknown,,city of ramsey,3450.0,3500.0,Wed Dec 17 2014 10:30:00 GMT-0800 (PST)
2009,Dodge,Ram Pickup 2500,ST,Quad Cab,automatic,3d7ks28t29g520051,Pennsylvania,2.0,235736.0,white,gray,enterprise fleet management exchange  inc.,6800.0,4400.0,Fri Dec 19 2014 08:30:00 GMT-0800 (PST)
2009,Dodge,Nitro,SE,SUV,automatic,1d8gt28k19w527435,Pennsylvania,,76970.0,silver,â,daniel thomas sales,5200.0,6900.0,Fri Dec 19 2014 09:30:00 GMT-0800 (PST)
2009,Ford,Econoline Cargo,E-350 Super Duty,Van,automatic,1ftss34p59da45890,Pennsylvania,43.0,221040.0,white,gray,ari,6550.0,5200.0,Tue Dec 30 2014 09:30:00 GMT-0800 (PST)
2009,gmc,Yukon Hybrid,Base,SUV,automatic,1gkfk13539r238715,Texas,,84258.0,black,black,steve landers toyota,20300.0,19000.0,Wed Dec 17 2014 10:20:00 GMT-0800 (PST)
2009,gmc,Yukon,SLT1,SUV,automatic,1gkfc33079r280303,Texas,,115028.0,black,tan,pro financial inc,16300.0,17400.0,Wed Dec 17 2014 10:20:00 GMT-0800 (PST)
2009,gmc,Yukon XL,SLT2 1500,SUV,automatic,1gkfk36399r283602,Nevada,4.0,80340.0,silver,gray,bul connections llc,19550.0,21000.0,Fri Dec 19 2014 11:45:00 GMT-0800 (PST)
2009,gmc,Savana Cargo,1500,Van,other,1gtfg15x591135399,Puerto Rico,27.0,108406.0,white,gray,ge fleet services for itself/servicer,7950.0,6000.0,Thu Jan 22 2015 03:00:00 GMT-0800 (PST)
2009,gmc,Yukon,SLE2 XFE,SUV,automatic,1gkec23339r154486,California,,61895.0,white,â,reliance motors llc,17450.0,20900.0,Thu Dec 18 2014 12:00:00 GMT-0800 (PST)
2009,hyundai,Sonata,GLS PZEV,Sedan,automatic,5npet46c19h538745,Georgia,,66278.0,gray,gray,holcomb used cars inc,6050.0,7600.0,Thu Dec 18 2014 10:00:00 GMT-0800 (PST)
2009,hyundai,elantra,gl,,other,kmhdu45d09u744577,unknown,,75771.0,silver,â,autopark superstore,4325.0,5100.0,Thu Dec 18 2014 18:30:00 GMT-0800 (PST)
2009,infiniti,G37,Base,Sedan,automatic,jnkcv61e09m306275,Nevada,25.0,49725.0,silver,black,balboa thrift & loan association,14700.0,12500.0,Fri Jan 16 2015 04:00:00 GMT-0800 (PST)
2009,hyundai,Elantra Touring,Base,Hatchback,automatic,kmhdc86e69u037193,Texas,,131251.0,red,tan,jerry's hyundai,4450.0,5400.0,Fri Dec 19 2014 14:00:00 GMT-0800 (PST)
2009,hyundai,Sonata,GLS V6,Sedan,automatic,5npet46f89h504411,Virginia,19.0,36764.0,silver,gray,pinnacle financial group,6575.0,2000.0,Thu Feb 05 2015 01:20:00 GMT-0800 (PST)
2009,infiniti,G37,x,Sedan,automatic,jnkcv61f49m356492,Virginia,44.0,39963.0,blue,black,blue knob auto sales inc,16100.0,15300.0,Thu Dec 18 2014 09:05:00 GMT-0800 (PST)
2009,infiniti,M35,x,Sedan,automatic,jnkcy01f69m852057,New Jersey,,74350.0,gray,â,valley auto llc,14700.0,15000.0,Wed Dec 17 2014 09:30:00 GMT-0800 (PST)
2009,kia,Rio,Rio5 LX,Wagon,automatic,knade243696494195,Arizona,,92177.0,black,black,yates buick gmc inc,4350.0,4500.0,Thu Dec 18 2014 11:00:00 GMT-0800 (PST)
2009,kia,Borrego,EX,SUV,automatic,kndjj741495038909,Texas,,98516.0,black,â,country auto mart llc,8375.0,7800.0,Wed Dec 17 2014 10:00:00 GMT-0800 (PST)
2009,kia,optima,lx,,automatic,knage123795241970,Puerto Rico,19.0,88087.0,silver,gray,oriental bank,5750.0,2600.0,Tue Dec 23 2014 11:30:00 GMT-0800 (PST)
2009,kia,borrego,lx,,automatic,kndjj741985009257,Pennsylvania,35.0,44512.0,red,beige,bel air nissan subaru inc,12100.0,11000.0,Tue Dec 23 2014 09:00:00 GMT-0800 (PST)
2009,mercedes-benz,M-Class,ML320 BlueTEC,SUV,other,4jgbb25e19a507513,unknown,25.0,109965.0,blue,black,mercedes-benz,21900.0,19300.0,Tue Dec 30 2014 10:00:00 GMT-0800 (PST)
2009,mazda,mazda6,i sport,,automatic,1yvhp81h995m50502,New Jersey,,106872.0,white,â,royalton auto enterprises inc,5650.0,5350.0,Wed Dec 17 2014 09:30:00 GMT-0800 (PST)
2009,mazda,Mazda6,s Grand Touring,Sedan,automatic,1yvhp82b695m08458,Pennsylvania,39.0,49151.0,black,black,smith haven mazda,9350.0,11300.0,Fri Dec 19 2014 09:00:00 GMT-0800 (PST)
2009,mercedes-benz,M-Class,ML550,SUV,automatic,4jgbb72e19a478080,Texas,36.0,82096.0,black,black,hopper motorplex inc,19150.0,19500.0,Wed Jan 07 2015 10:15:00 GMT-0800 (PST)
2009,mazda,6,i Sport,Sedan,manual,1yvhp80a095m32832,North Carolina,37.0,65464.0,silver,black,santander consumer,7700.0,6500.0,Mon Dec 22 2014 09:30:00 GMT-0800 (PST)
2009,mazda,Mazda6,s Touring,Sedan,automatic,1yvhp82b695m03129,Georgia,23.0,104465.0,silver,black,san antonio credit union,5350.0,4500.0,Tue Dec 30 2014 13:10:00 GMT-0800 (PST)
2009,mini,Cooper,John Cooper Works,Hatchback,manual,wmwmf93599tf96877,Puerto Rico,32.0,120998.0,beige,black,scotiabank de puerto rico,8075.0,9500.0,Tue Dec 23 2014 11:00:00 GMT-0800 (PST)
2009,mercedes-benz,E-Class,E320 BlueTEC,Sedan,automatic,wdbuf22xx9b362424,Illinois,,37595.0,white,â,lujacks northpark auto plaza,19450.0,19300.0,Thu Dec 18 2014 10:00:00 GMT-0800 (PST)
2009,mercury,Mariner Hybrid,Base,SUV,automatic,4m2cu29349kj15190,Pennsylvania,,71629.0,black,â,capa wholesale cars inc,12850.0,8700.0,Fri Dec 19 2014 09:30:00 GMT-0800 (PST)
2009,mercury,Sable,Premier,Sedan,automatic,1mehm42w49g632759,Illinois,21.0,53642.0,silver,beige,ford motor credit company llc,9650.0,8000.0,Thu Dec 18 2014 10:00:00 GMT-0800 (PST)
2009,nissan,Cube,1.8 Krom,Wagon,automatic,jn8az28r39t128533,Illinois,25.0,87545.0,unknown,gray,nissan motor acceptance corporation,6450.0,5300.0,Thu Dec 18 2014 10:00:00 GMT-0800 (PST)
2009,saturn,VUE,XE,SUV,automatic,3gsdl43n19s561857,Michigan,38.0,81284.0,blue,gray,metro wholesale outlet inc,7500.0,9000.0,Thu Dec 18 2014 09:30:00 GMT-0800 (PST)
2009,pontiac,montana,sv6,,other,1gmdu03169d100387,unknown,34.0,174279.0,burgundy,gray,ctl corp,975.0,550.0,Tue Jan 13 2015 10:00:00 GMT-0800 (PST)
2009,subaru,Forester,2.5XT Limited,SUV,other,jf2sh66699h711020,Virginia,,34194.0,red,â,sheehy subaru,16000.0,13700.0,Thu Dec 18 2014 09:20:00 GMT-0800 (PST)
2009,pontiac,Torrent,Base,SUV,automatic,2ckdl43f696251344,Texas,17.0,176470.0,beige,gray,dt credit corporation,5375.0,2700.0,Tue Dec 23 2014 10:10:00 GMT-0800 (PST)
2009,saturn,VUE Hybrid,Base,SUV,automatic,3gscl93z19s529616,Virginia,36.0,74701.0,burgundy,gray,safford chrysler jeep dodge of fredericksburg,7650.0,7800.0,Thu Dec 18 2014 09:05:00 GMT-0800 (PST)
2009,pontiac,G3,Base,Hatchback,manual,kl2td66e49b662160,Ohio,24.0,110622.0,silver,gray,toyota financial services,3525.0,1900.0,Tue Dec 23 2014 09:30:00 GMT-0800 (PST)
2009,saab,9-7X,4.2i,SUV,automatic,5s3et13s692801110,Michigan,33.0,68235.0,silver,black,remarketing by ge/michigan first credit union,8225.0,9900.0,Thu Dec 18 2014 09:30:00 GMT-0800 (PST)
2009,pontiac,G5,GT,Coupe,automatic,1g2at18h797195731,Illinois,,103077.0,blue,â,precision motors inc,5575.0,5650.0,Thu Dec 18 2014 10:00:00 GMT-0800 (PST)
2009,saturn,Outlook,XR,SUV,automatic,5gzev23dx9j209494,Pennsylvania,,75264.0,silver,â,shults ford lincoln,11450.0,10000.0,Wed Dec 17 2014 12:00:00 GMT-0800 (PST)
2009,porsche,Cayenne,Turbo S,SUV,automatic,wp1ac29px9la82272,Florida,,76013.0,white,black,braman motorcars,38400.0,37800.0,Fri Dec 19 2014 09:35:00 GMT-0800 (PST)
2009,pontiac,vibe,awd 4c,,automatic,5y2sm67029z412824,Illinois,2.0,41257.0,red,black,ally,9475.0,7400.0,Thu Dec 18 2014 10:00:00 GMT-0800 (PST)
2009,pontiac,G8,Base,Sedan,automatic,6g2er57789l187390,Colorado,,86482.0,burgundy,black,brandon financial inc,10950.0,7500.0,Wed Dec 17 2014 11:45:00 GMT-0800 (PST)
2009,suzuki,SX4,Sport,Sedan,automatic,js2yc414096202453,Texas,19.0,102015.0,green,black,superior auto rental,2625.0,2700.0,Wed Dec 17 2014 10:20:00 GMT-0800 (PST)
2009,toyota,Matrix,S,Hatchback,manual,2t1ke40ex9c002144,Minnesota,4.0,90296.0,white,black,santander consumer,7425.0,7000.0,Thu Dec 18 2014 10:45:00 GMT-0800 (PST)
2009,subaru,Outback,2.5XT Limited,Wagon,other,4s4bp63c394313610,Pennsylvania,22.0,87372.0,white,beige,winner subaru/vw of dover,12150.0,12500.0,Fri Dec 19 2014 09:00:00 GMT-0800 (PST)
2008,audi,A6,3.2 quattro,Sedan,automatic,waudh74f58n134712,Illinois,,83862.0,black,â,signature auto enterprises inc,11900.0,12900.0,Thu Dec 18 2014 10:00:00 GMT-0800 (PST)
2009,Volkswagen,Routan,SEL,Minivan,automatic,2v8hw54x79r550681,Hawaii,,76236.0,silver,â,servco lexus honolulu,8225.0,6100.0,Wed Dec 17 2014 14:30:00 GMT-0800 (PST)
2009,Volkswagen,CC,VR6 4Motion,Sedan,automatic,wvwgu73c69e543385,Virginia,28.0,64745.0,black,beige,safford chrysler jeep dodge of springfield,12200.0,9200.0,Thu Jan 22 2015 01:05:00 GMT-0800 (PST)
2009,Volkswagen,New Beetle,2.5L,Hatchback,automatic,3vwrw31c69m516449,Minnesota,37.0,91256.0,red,black,exeter finance corp,4850.0,5900.0,Thu Dec 18 2014 10:45:00 GMT-0800 (PST)
2009,Volkswagen,Jetta,SportWagen SE PZEV,Wagon,automatic,3vwtz71k19m252391,Virginia,35.0,116367.0,black,beige,lance adams auto sales llc,5325.0,6200.0,Thu Dec 18 2014 09:35:00 GMT-0800 (PST)
2009,Volkswagen,Eos,Lux,Convertible,automatic,wvwfa71fx9v010196,Georgia,35.0,67526.0,black,beige,wells fargo dealer services,11650.0,9700.0,Thu Jan 08 2015 02:00:00 GMT-0800 (PST)
2009,Volkswagen,Eos,Komfort,Convertible,automatic,wvwba71fx9v017616,Nevada,27.0,53655.0,silver,black,centennial hyundai,9725.0,7500.0,Thu Jan 08 2015 11:45:00 GMT-0800 (PST)
2008,audi,A3,2.0T PZEV,Wagon,automatic,wauhf78p98a193540,Arizona,,123536.0,black,black,avondale mazda,6000.0,6250.0,Thu Dec 18 2014 11:00:00 GMT-0800 (PST)
2009,Volkswagen,Touareg 2,V6 TDI,SUV,automatic,wvgfm77l59d035321,Illinois,,87198.0,white,â,signature auto enterprises inc,18200.0,17300.0,Thu Dec 18 2014 10:00:00 GMT-0800 (PST)
2009,Volkswagen,Routan,SEL Premium,Minivan,automatic,2v8hw64x79r595318,Georgia,26.0,68624.0,silver,gray,town & country motors ii,11200.0,9300.0,Thu Dec 18 2014 10:00:00 GMT-0800 (PST)
2008,bmw,5 Series,528xi,Sedan,automatic,wbanv13578cz56278,Illinois,,105490.0,black,â,primo motor cars,10450.0,9400.0,Thu Dec 18 2014 10:00:00 GMT-0800 (PST)
2008,bmw,5 Series,535xi,Sedan,automatic,wbanv93528cz63198,Illinois,,113880.0,blue,â,perillo bmw inc,9875.0,10600.0,Thu Dec 18 2014 10:00:00 GMT-0800 (PST)
2008,audi,Q7,4.2 Premium quattro,SUV,automatic,wa1ev74l98d032576,Texas,4.0,43425.0,silver,black,music city autoplex llc,21700.0,25100.0,Wed Jan 28 2015 02:20:00 GMT-0800 (PST)
2008,cadillac,DTS,Performance,Sedan,automatic,1g6kd57918u155985,Florida,38.0,105025.0,brown,beige,r & b car sales inc,7675.0,9000.0,Thu Dec 18 2014 09:45:00 GMT-0800 (PST)
2008,buick,Lucerne,CXS,Sedan,automatic,1g4he57y68u152765,Pennsylvania,,42870.0,red,â,suburban auto sales,9875.0,9300.0,Fri Dec 19 2014 09:30:00 GMT-0800 (PST)
2008,buick,Lucerne,CX,Sedan,automatic,1g4hp57208u199490,Ohio,34.0,128808.0,red,tan,daylight auto financing inc,4425.0,5300.0,Thu Jan 29 2015 01:00:00 GMT-0800 (PST)
2008,cadillac,srx,awd v6 awd,,automatic,1gyee637480107822,Tennessee,38.0,97038.0,silver,gray,lowery brothers motors inc,8125.0,10000.0,Tue Dec 23 2014 10:30:00 GMT-0800 (PST)
2008,chevrolet,Aveo,Aveo5 Special Value,Hatchback,automatic,kl1td66688b133063,Illinois,19.0,112600.0,red,black,first merit bank,1925.0,2400.0,Thu Dec 18 2014 10:00:00 GMT-0800 (PST)
2008,chevrolet,Silverado 3500HD,LTZ,Crew Cab,automatic,1gchk33668f153179,Illinois,19.0,15724.0,black,black,ideal lease,26800.0,11400.0,Thu Jan 22 2015 02:00:00 GMT-0800 (PST)
2008,chevrolet,Silverado 2500HD,LT2,Crew Cab,automatic,1gchc23k78f207688,Louisiana,,174736.0,white,â,courtesy ford,8150.0,6300.0,Thu Dec 18 2014 11:00:00 GMT-0800 (PST)
2008,cadillac,STS,V8 Luxury,Sedan,automatic,1g6dz67a080167529,Texas,,110396.0,white,gray,hiley buick gmc,8450.0,6700.0,Fri Dec 19 2014 11:00:00 GMT-0800 (PST)
2008,chevrolet,Silverado 3500HD,LT1,Crew Cab,automatic,1gcjk33698f115043,Texas,,90205.0,silver,black,sunland park chrysler dodge jeep ram,26800.0,23750.0,Thu Dec 18 2014 12:00:00 GMT-0800 (PST)
2008,chevrolet,Suburban,2500 LT,SUV,automatic,3gngk26k18g255557,Arizona,19.0,215050.0,black,black,bank of america,6550.0,8100.0,Thu Dec 18 2014 11:00:00 GMT-0800 (PST)
2008,chevrolet,HHR,SS,Wagon,other,3gnca63xx8s681740,Virginia,,191169.0,blue,â,sheehy ford of warrenton,1800.0,1700.0,Thu Dec 18 2014 09:20:00 GMT-0800 (PST)
2008,chevrolet,impala,v6 lt,,automatic,2g1wc583089175341,Florida,,69616.0,blue,gray,jerry ulm dodge chrysler jeep,6600.0,6900.0,Thu Dec 18 2014 09:45:00 GMT-0800 (PST)
2008,chevrolet,Cobalt,Sport,Coupe,automatic,1g1am18b387216411,Ohio,26.0,111317.0,silver,black,wells fargo dealer services,4025.0,3900.0,Tue Dec 23 2014 12:00:00 GMT-0800 (PST)
2008,chevrolet,HHR,Panel LT,Wagon,automatic,3gcda35p28s537088,Arizona,,122700.0,red,black,moon valley used cars inc,3900.0,4900.0,Thu Dec 18 2014 10:30:00 GMT-0800 (PST)
2008,chevrolet,TrailBlazer,Fleet,SUV,automatic,1gnds13s682193454,Tennessee,19.0,98407.0,blue,black,tdaf remarketing,6300.0,6500.0,Wed Dec 17 2014 10:30:00 GMT-0800 (PST)
2008,chevrolet,TrailBlazer,SS,SUV,automatic,1gnet13h382144184,Illinois,2.0,61747.0,black,black,ally,15700.0,18000.0,Thu Dec 18 2014 10:00:00 GMT-0800 (PST)
2008,chevrolet,Malibu Classic,LT,Sedan,automatic,1g1zt58n98f136141,Massachusetts,,126453.0,gray,gray,midway automotive corp,3875.0,2600.0,Thu Dec 18 2014 18:30:00 GMT-0800 (PST)
2008,Dodge,grand,caravan se,,other,2d8hn44h98r681158,unknown,,115279.0,silver,â,autotek car sales & service 1996 ltd,5700.0,6000.0,Thu Dec 18 2014 18:30:00 GMT-0800 (PST)
2008,Dodge,Dakota,SXT,Crew Cab,automatic,1d7hw38k88s548097,Wisconsin,,97743.0,black,gray,new look enterprises inc,10100.0,10500.0,Wed Dec 17 2014 10:00:00 GMT-0800 (PST)
2008,Dodge,Nitro,SXT,SUV,automatic,1d8gt28k38w100367,Florida,2.0,47927.0,silver,gray,remarketing by ge/flagship credit acceptance,9350.0,7000.0,Wed Feb 18 2015 01:00:00 GMT-0800 (PST)
2008,Dodge,Magnum,SXT,Wagon,automatic,2d4fv37v38h192832,Arizona,29.0,91754.0,white,black,bill luke chrysler jeep and dodge inc,5950.0,7700.0,Thu Dec 18 2014 11:00:00 GMT-0800 (PST)
2008,Dodge,durango,4x4 v8 slt,,automatic,1d8hb48n18f130674,Texas,,161328.0,silver,gray,progressive sales,4250.0,4400.0,Thu Dec 18 2014 11:00:00 GMT-0800 (PST)
2008,Dodge,Sprinter Cargo,3500 170 WB,Van,automatic,wd0pf445485299119,California,26.0,1.0,white,gray,ge fleet services for itself/servicer,15850.0,6000.0,Thu Jan 08 2015 13:00:00 GMT-0800 (PST)
2008,Dodge,Sprinter Cargo,2500 144 WB,Van,other,wd0pe745485225199,Pennsylvania,,165482.0,white,black,mercedes-benz finc wholesale advantage,11150.0,10000.0,Fri Dec 19 2014 08:31:00 GMT-0800 (PST)
2008,Ford,Explorer Sport Trac,Limited,Crew Cab,automatic,1fmeu33838ub04186,North Carolina,41.0,143776.0,red,black,marrfield motors llc,10100.0,12900.0,Fri Dec 19 2014 09:30:00 GMT-0800 (PST)
2008,Ford,Expedition EL,Limited,SUV,other,1fmfk19548la08214,Florida,28.0,89227.0,unknown,tan,pompano ford lincoln mercury,14700.0,15200.0,Fri Jan 09 2015 01:35:00 GMT-0800 (PST)
2008,Ford,Expedition EL,XLT,SUV,automatic,1fmfk16558la12664,New Jersey,21.0,134587.0,black,black,all american ford inc,7575.0,8500.0,Wed Jan 14 2015 01:30:00 GMT-0800 (PST)
2008,Ford,F-150,60th Anniversary,SuperCrew,automatic,1ftrw12518fa52797,Texas,,101340.0,black,â,lithia hyundai of odessa,16950.0,13500.0,Wed Dec 17 2014 10:20:00 GMT-0800 (PST)
2008,Ford,Expedition EL,King Ranch,SUV,other,1fmfk18568la80081,Pennsylvania,,131822.0,blue,â,charles & son auto sls inc,9175.0,8900.0,Fri Dec 19 2014 09:30:00 GMT-0800 (PST)
2008,Ford,F-250 Super Duty,FX4,Crew Cab,automatic,1ftsw21r18ed29546,Florida,28.0,108043.0,white,brown,courtesy chrysler jeep dodge,23400.0,20100.0,Thu Jan 22 2015 08:20:00 GMT-0800 (PST)
2008,Ford,Ranger,FX4 Off-Road,SuperCab,other,1ftzr45e88pa52505,unknown,3.0,127095.0,green,black,go auto outlet west,8700.0,8500.0,Thu Dec 18 2014 11:30:00 GMT-0800 (PST)
2008,Ford,F-450 Super Duty,XLT,Crew Cab,automatic,1ftxw43r88ec08432,California,32.0,67003.0,unknown,brown,aaero sweet company,26000.0,28500.0,Thu Dec 18 2014 11:30:00 GMT-0800 (PST)
2008,gmc,Envoy,SLT,SUV,automatic,1gkdt13s982185617,Nebraska,35.0,78903.0,black,black,dm northwest inc,9700.0,10500.0,Thu Dec 18 2014 11:00:00 GMT-0800 (PST)
2008,gmc,Sierra 3500HD,SLE1,Crew Cab,automatic,1gtjk33668f130695,Colorado,29.0,92503.0,white,black,td auto finance,26800.0,23000.0,Tue Dec 23 2014 11:45:00 GMT-0800 (PST)
2008,gmc,Envoy,Denali,SUV,automatic,1gkes63m182115728,Georgia,,110947.0,white,gray,cameron motor sports,8100.0,11500.0,Thu Dec 18 2014 10:00:00 GMT-0800 (PST)
2008,honda,Pilot,Value Package,SUV,automatic,5fnyf28248b009199,Illinois,,119653.0,white,â,deals on wheels,7625.0,7400.0,Thu Dec 18 2014 10:00:00 GMT-0800 (PST)
2008,hyundai,santa,fe awd v6 gl,,other,5nmsg73e38h196032,unknown,,154766.0,gray,â,metro select auto sales and leasing,6375.0,6100.0,Thu Dec 18 2014 18:30:00 GMT-0800 (PST)
2008,honda,Pilot,Special Edition,SUV,automatic,5fnyf18348b040116,New Jersey,3.0,79768.0,burgundy,gray,dch wappingers falls toyota auto group,12250.0,11100.0,Wed Dec 31 2014 09:30:00 GMT-0800 (PST)
2008,hummer,H3,Alpha,SUV,automatic,5gten13l688122550,New York,28.0,86936.0,gray,black,m and t bank,16050.0,14100.0,Wed Dec 17 2014 09:30:00 GMT-0800 (PST)
2008,hyundai,Tiburon,GT,Hatchback,automatic,kmhhn66f28u266557,Texas,,106806.0,black,â,viva ford,3850.0,4600.0,Thu Dec 18 2014 12:00:00 GMT-0800 (PST)
2008,hyundai,Tiburon,GS,Hatchback,manual,kmhhm66d88u286104,Texas,,92965.0,silver,black,supreme fcu,4200.0,5300.0,Wed Dec 17 2014 10:20:00 GMT-0800 (PST)
2008,infiniti,G35,x,Sedan,automatic,jnkbv61fx8m266550,Colorado,26.0,73725.0,red,black,bellco fcu,11550.0,12200.0,Tue Dec 23 2014 11:45:00 GMT-0800 (PST)
2008,jeep,Compass,Limited,SUV,automatic,1j8ff57w68d693671,Texas,,116350.0,gold,black,wisdom motor company,6850.0,6800.0,Thu Dec 18 2014 11:00:00 GMT-0800 (PST)
2008,jeep,patriot,4x4 4c limited,,manual,1j4ff48w48d500153,Ohio,29.0,100249.0,gray,black,wells fargo dealer services,7400.0,6100.0,Tue Dec 23 2014 12:00:00 GMT-0800 (PST)
2008,infiniti,G37,Sport,Coupe,automatic,jnkcv64ex8m101606,Texas,19.0,106996.0,gray,brown,national auto lenders,9850.0,8800.0,Wed Jan 14 2015 02:20:00 GMT-0800 (PST)
2008,jaguar,X-Type,3.0L,Sedan,automatic,sajwa51ax8wj30132,Arizona,19.0,83746.0,black,black,yates buick gmc inc,4975.0,5800.0,Thu Jan 08 2015 11:00:00 GMT-0800 (PST)
2008,land rover,LR2,SE,SUV,automatic,salfp24nx8h044925,Florida,,84640.0,orange,black,off lease only inc,7275.0,5400.0,Thu Dec 18 2014 10:35:00 GMT-0800 (PST)
2008,land rover,LR3,V8 SE,SUV,automatic,salae25418a446167,Florida,35.0,95602.0,blue,beige,autonation chevrolet airport,11850.0,11500.0,Tue Jan 06 2015 16:00:00 GMT-0800 (PST)
2008,mazda,Tribute,s Grand Touring,SUV,other,4f2cz96138km27776,unknown,27.0,160005.0,gray,black,mercedes-benz,4675.0,4000.0,Thu Dec 18 2014 18:30:00 GMT-0800 (PST)
2008,mazda,MX-5 Miata,Special Edition,Convertible,automatic,jm1nc25f280150659,Texas,,62884.0,white,brown,jerry durant toyota,9375.0,10500.0,Fri Dec 19 2014 14:00:00 GMT-0800 (PST)
2008,mazda,CX-7,Grand Touring,SUV,automatic,jm3er293x80185648,Georgia,3.0,92894.0,silver,black,tdaf remarketing,6775.0,6900.0,Tue Jan 13 2015 13:10:00 GMT-0800 (PST)
2008,Lincoln,Navigator L,Base,SUV,other,5lmfl28518lj18641,Pennsylvania,35.0,102784.0,black,black,r hollenshead auto sales inc,14700.0,14800.0,Fri Jan 16 2015 01:00:00 GMT-0800 (PST)
2008,mazda,Tribute,i Grand Touring,SUV,automatic,4f2cz02zx8km25899,Florida,,88436.0,unknown,,coconut creek auto mall,6100.0,4500.0,Thu Dec 18 2014 11:00:00 GMT-0800 (PST)
2008,mercury,Mariner,V6,SUV,automatic,4m2cu81158kj44404,Florida,28.0,79798.0,blue,gray,remarketing by ge/drivetime,6925.0,5600.0,Tue Dec 23 2014 12:00:00 GMT-0800 (PST)
2008,mercedes-benz,CL-Class,CL63 AMG,Coupe,automatic,wddej77x88a008678,Texas,28.0,85118.0,black,black,fdic leasing,31800.0,33500.0,Thu Dec 18 2014 11:00:00 GMT-0800 (PST)
2008,mercedes-benz,GL-Class,GL320 CDI,SUV,other,4jgbf22ex8a426596,unknown,35.0,170633.0,gray,black,mercedes-benz,18500.0,16100.0,Thu Dec 18 2014 18:30:00 GMT-0800 (PST)
2008,mercedes-benz,M-Class,ML320 CDI,SUV,automatic,4jgbb22e78a364831,Texas,38.0,74051.0,beige,tan,pm standley motorcars,17100.0,16000.0,Wed Dec 31 2014 10:20:00 GMT-0800 (PST)
2008,mercury,Grand Marquis,GS,Sedan,automatic,2mefm74v78x644037,Nevada,2.0,159953.0,blue,â,automotive remarketing inc,5025.0,2500.0,Thu Dec 18 2014 11:00:00 GMT-0800 (PST)
2008,mercedes-benz,R-Class,R320 CDI,Wagon,automatic,4jgcb22e18a070068,Florida,35.0,97850.0,gold,tan,lexus of palm beach,13650.0,10500.0,Tue Dec 23 2014 09:15:00 GMT-0800 (PST)
2008,mercury,Mountaineer,Premier,SUV,automatic,4m2eu48e38uj06281,Minnesota,29.0,121947.0,black,beige,northeast auto marketing inc,7100.0,8000.0,Thu Jan 22 2015 02:45:00 GMT-0800 (PST)
2008,mitsubishi,Eclipse Spyder,GS,Convertible,other,4a3al25f28e002090,Texas,,95949.0,black,gray,mission chevrolet ltd,4875.0,5200.0,Thu Dec 18 2014 12:00:00 GMT-0800 (PST)
2008,nissan,Rogue,S SULEV,SUV,automatic,jn8as58v98w142064,New York,,105295.0,black,black,destination nissan,6975.0,5700.0,Thu Dec 18 2014 09:45:00 GMT-0800 (PST)
2008,mitsubishi,Eclipse,SE,Hatchback,automatic,4a3ak64f98e026088,Washington,23.0,68539.0,white,black,westamerica bank,8775.0,7400.0,Wed Dec 17 2014 13:35:00 GMT-0800 (PST)
2008,nissan,Rogue,SL SULEV,SUV,automatic,jn8as58t88w008886,Arizona,,79490.0,brown,gray,big two toyota scion of chandler,7600.0,8300.0,Thu Dec 18 2014 11:00:00 GMT-0800 (PST)
2008,mercury,Mountaineer,Base,SUV,automatic,4m2eu47e68uj03960,New York,,93098.0,white,gray,bill mcbride chevrolet inc,6450.0,6450.0,Thu Dec 18 2014 09:45:00 GMT-0800 (PST)
2008,mercury,Sable,Base,Sedan,other,1mehm40w88g607848,New Jersey,,67623.0,black,â,a & n auto sales inc,4300.0,6700.0,Wed Dec 17 2014 09:30:00 GMT-0800 (PST)
2008,pontiac,Torrent,GXP,SUV,other,2ckdl737486018488,Pennsylvania,3.0,82191.0,blue,black,trade motors sales corp,8400.0,7800.0,Fri Dec 19 2014 09:00:00 GMT-0800 (PST)
2008,saturn,Astra,XE,Hatchback,automatic,w08ar671385080672,Michigan,,98689.0,black,black,lafontaine chrysler dodge jeep,3250.0,3200.0,Thu Dec 18 2014 09:30:00 GMT-0800 (PST)
2008,pontiac,Grand Prix,GXP,Sedan,automatic,2g2wc55c681105373,North Carolina,37.0,66985.0,silver,black,professional financial services/virginia beach,8975.0,7100.0,Mon Jan 05 2015 01:30:00 GMT-0800 (PST)
2008,saab,9-7X,5.3i,SUV,automatic,5s3et13m682801527,South Carolina,26.0,95761.0,black,beige,dab auto world & leasing,6025.0,6300.0,Thu Dec 18 2014 10:00:00 GMT-0800 (PST)
2008,saturn,Astra,XR,Hatchback,manual,w08at671985124482,Nebraska,31.0,102650.0,silver,black,auto loan acceptance corp,4200.0,3900.0,Thu Dec 18 2014 12:00:00 GMT-0800 (PST)
2008,subaru,Tribeca,Limited 5-Passenger,SUV,automatic,4s4wx93d984406562,Virginia,38.0,97235.0,beige,beige,rosner ford,9875.0,10000.0,Thu Jan 15 2015 01:35:00 GMT-0800 (PST)
2008,suzuki,XL7,Premium,SUV,automatic,2s3da117686105310,Indiana,27.0,109938.0,blue,beige,santander consumer,4125.0,3500.0,Thu Dec 18 2014 00:00:00 GMT-0800 (PST)
2008,suzuki,XL7,Luxury,SUV,automatic,2s3da417086120581,Illinois,,67846.0,gray,â,deals on wheels,6700.0,7300.0,Thu Dec 18 2014 10:00:00 GMT-0800 (PST)
2008,suzuki,Grand Vitara,Luxury,SUV,automatic,js3td947584100291,Pennsylvania,19.0,38624.0,red,purple,smith haven mitsubishi,7475.0,7500.0,Tue Dec 23 2014 09:00:00 GMT-0800 (PST)
2008,smart,fortwo,passion,Hatchback,automatic,wmeej31x38k189583,Florida,39.0,65799.0,blue,black,courtesy nissan of tampa,4250.0,4300.0,Thu Dec 18 2014 16:20:00 GMT-0800 (PST)
2008,suzuki,XL7,Base,SUV,other,2s3db117986104746,Georgia,34.0,80243.0,gold,beige,tdaf remarketing,5275.0,3800.0,Thu Jan 15 2015 02:00:00 GMT-0800 (PST)
2008,subaru,Outback,3.0 R L.L.Bean Edition,Wagon,automatic,4s4bp86c784309971,New Jersey,19.0,100853.0,gold,beige,black tie classics llc,10050.0,6950.0,Wed Feb 18 2015 01:30:00 GMT-0800 (PST)
2008,subaru,Outback,2.5I,Wagon,automatic,4s4bp61c287300959,Minnesota,,101807.0,gold,tan,total auto sales llc,7600.0,7200.0,Thu Dec 18 2014 10:45:00 GMT-0800 (PST)
2008,suzuki,sx4,fwd,,automatic,js2yc412485102052,North Carolina,,61472.0,black,tan,ams financial group/auto king inc/sensible car r,2550.0,1050.0,Tue Dec 23 2014 08:30:00 GMT-0800 (PST)
2008,saturn,Sky,Red Line,Convertible,automatic,1g8mg35xx8y103163,Arizona,,77259.0,red,black,moore automotive group,6775.0,9000.0,Thu Dec 18 2014 11:00:00 GMT-0800 (PST)
2008,subaru,Forester,2.5 X Premium Package,Wagon,automatic,jf1sg65618h717532,Virginia,38.0,132376.0,red,beige,blue knob auto sales inc,4925.0,5100.0,Thu Dec 18 2014 09:05:00 GMT-0800 (PST)
2008,suzuki,XL7,Limited,SUV,automatic,2s3db717986103910,Texas,26.0,128607.0,black,gray,caprock auto remarketing,3750.0,4100.0,Thu Dec 18 2014 11:00:00 GMT-0800 (PST)
2008,subaru,Outback,2.5I Limited,Wagon,automatic,4s4bp62cx87328667,Colorado,,120671.0,gold,â,little cypress motor co,7925.0,7500.0,Wed Dec 17 2014 11:45:00 GMT-0800 (PST)
2008,smart,fortwo,passion cabrio,Convertible,other,wmeek31x98k148940,Pennsylvania,39.0,84615.0,red,tan,remarketing by ge/suntrust bank,3900.0,3400.0,Fri Dec 19 2014 09:00:00 GMT-0800 (PST)
2008,suzuki,Reno,Base,Hatchback,automatic,kl5jd66z78k833480,New York,,77419.0,black,â,danbury auto group inc,2800.0,2300.0,Wed Dec 17 2014 09:00:00 GMT-0800 (PST)
2008,toyota,Highlander Hybrid,Base,SUV,automatic,jteew41a482017687,Pennsylvania,25.0,95064.0,blue,gray,porter nissan buick,11200.0,11500.0,Fri Jan 02 2015 09:00:00 GMT-0800 (PST)
2008,toyota,Yaris,S,Hatchback,manual,jtdjt923985197921,Colorado,19.0,119946.0,blue,black,wells fargo dealer services,3700.0,2800.0,Tue Dec 23 2014 11:45:00 GMT-0800 (PST)
2008,Volkswagen,New Beetle,S,Hatchback,automatic,3vwpw31c98m520887,Florida,19.0,99707.0,red,beige,bright star credit union,4000.0,4100.0,Fri Jan 09 2015 10:45:00 GMT-0800 (PST)
2008,Volkswagen,Passat,VR6 4Motion,Wagon,automatic,wvwru73c08e145712,New Jersey,,170344.0,silver,â,return to perfection inc,4125.0,4200.0,Wed Dec 17 2014 09:30:00 GMT-0800 (PST)
2008,Volkswagen,Rabbit,S,Hatchback,manual,wvwaa71kx8w143931,Texas,,108504.0,white,black,supreme fcu,4700.0,5000.0,Wed Dec 17 2014 10:20:00 GMT-0800 (PST)
2008,Volkswagen,Passat,Turbo,Sedan,manual,wvwuk73c28p093584,Florida,,116321.0,silver,black,elder ford of tampa,3475.0,3300.0,Thu Dec 18 2014 16:50:00 GMT-0800 (PST)
2008,Volkswagen,Touareg 2,V8 FSI,SUV,automatic,wvgcb77l08d012990,Minnesota,,92983.0,gray,gray,audi minneapolis,11100.0,12000.0,Wed Dec 17 2014 10:30:00 GMT-0800 (PST)
2008,Volkswagen,GLI,Base,Sedan,other,3vwfj71k48m066654,Illinois,,99777.0,white,â,primo motor cars,5725.0,6500.0,Thu Dec 18 2014 10:00:00 GMT-0800 (PST)
2008,Volkswagen,New Beetle,SE PZEV,Convertible,automatic,3vwrg31y88m416604,Minnesota,41.0,36138.0,green,beige,select lane,8700.0,8100.0,Tue Dec 23 2014 14:00:00 GMT-0800 (PST)
2007,bmw,M6,Base,Convertible,automatic,wbsek93597cy78040,Florida,29.0,43530.0,gray,black,prestige motorcar imports inc,28200.0,26500.0,Tue Dec 30 2014 09:20:00 GMT-0800 (PST)
2007,bmw,5 Series,525xi,Sedan,automatic,wbanf33557cs39028,Florida,28.0,147269.0,black,black,lexus of clearwater,5900.0,6000.0,Tue Dec 23 2014 09:15:00 GMT-0800 (PST)
2007,audi,S8,quattro,Sedan,automatic,waupn44e57n017187,California,38.0,69345.0,black,gray,ferrari & maserati of san diego,26000.0,21300.0,Thu Dec 18 2014 12:30:00 GMT-0800 (PST)
2007,bmw,7 Series,760Li,Sedan,automatic,wbahn03597dd98856,Wisconsin,2.0,128127.0,black,gray,remarketing by ge/nextgear capital,8450.0,12000.0,Wed Dec 31 2014 10:00:00 GMT-0800 (PST)
2007,buick,Terraza,CX,Minivan,automatic,5gadv23167d194864,Illinois,,94564.0,beige,â,des plaines autoworks inc,4150.0,5900.0,Thu Dec 18 2014 10:00:00 GMT-0800 (PST)
2007,buick,Terraza,CXL,Minivan,automatic,5gadv33107d201992,Texas,35.0,148726.0,white,gray,dt inventory,2350.0,2300.0,Tue Dec 23 2014 10:10:00 GMT-0800 (PST)
2007,cadillac,Escalade EXT,Base,Crew Cab,automatic,3gyfk62847g307441,Georgia,,66772.0,white,tan,chris motors auto sales inc,22900.0,24100.0,Thu Dec 18 2014 10:00:00 GMT-0800 (PST)
2007,chevrolet,Silverado 1500 Classic,Work Truck,Regular Cab,automatic,1gcec14x97z175525,Florida,36.0,81158.0,white,gray,remarketing by ge/west financial acceptance,3900.0,6000.0,Tue Dec 23 2014 12:00:00 GMT-0800 (PST)
2007,chevrolet,Silverado 2500HD Classic,LT3,Crew Cab,automatic,1gchk23d07f152682,Utah,19.0,145841.0,black,gray,excell auto center,18850.0,17000.0,Wed Dec 17 2014 11:30:00 GMT-0800 (PST)
2007,chevrolet,Silverado 2500HD Classic,LS,Extended Cab,automatic,1gchk29u77e144947,Ohio,42.0,77600.0,burgundy,tan,wells fargo dealer services,17450.0,16400.0,Tue Dec 23 2014 12:00:00 GMT-0800 (PST)
2007,chevrolet,3500,cb/ch 4x2 lt1,,automatic,1gbjc34d87e147484,Michigan,31.0,171228.0,white,gray,ge fleet services for itself/servicer,7725.0,6600.0,Thu Dec 18 2014 09:30:00 GMT-0800 (PST)
2007,chevrolet,Silverado 1500,LT1,Extended Cab,automatic,2gcek19c371705389,Michigan,32.0,63211.0,gray,gray,automobiles paille inc,14100.0,14000.0,Thu Dec 18 2014 09:30:00 GMT-0800 (PST)
2007,chevrolet,Cobalt,LTZ,Sedan,automatic,1g1az55f377163188,Texas,,152762.0,red,gray,jerry's gm,2600.0,2100.0,Fri Dec 19 2014 14:00:00 GMT-0800 (PST)
2007,chevrolet,Colorado,LS,Extended Cab,automatic,1gccs199278153232,California,,132306.0,blue,â,champion chrysler jeep dodge,4525.0,5200.0,Thu Dec 18 2014 12:00:00 GMT-0800 (PST)
2007,chevrolet,corvette,z06,,manual,1g1yy26e775133001,Georgia,48.0,20162.0,black,black,onemain rem/unique autos inc,37300.0,38500.0,Tue Jan 06 2015 09:30:00 GMT-0800 (PST)
2007,Dodge,grand,carav se,,automatic,1d4gp24e57b178757,Texas,23.0,101995.0,black,gray,dt credit corporation,3725.0,2600.0,Tue Dec 23 2014 10:10:00 GMT-0800 (PST)
2007,Dodge,ram3500,4x4 mg slt,,automatic,3d7mx49c07g706527,Texas,19.0,271634.0,silver,gray,laredo dodge chrysler jeep,9825.0,10500.0,Tue Jan 13 2015 11:00:00 GMT-0800 (PST)
2007,Ford,Expedition,SSV Fleet,SUV,automatic,1fmfu16517la88343,Minnesota,,163323.0,black,tan,mark beutz auto sales,3700.0,5100.0,Thu Dec 18 2014 10:45:00 GMT-0800 (PST)
2007,Ford,expeditn,el 4x4 limited,,automatic,1fmfk205x7la15069,New Jersey,26.0,110421.0,white,gray,northeast auto marketing,12750.0,12500.0,Wed Dec 31 2014 09:30:00 GMT-0800 (PST)
2007,Ford,f150,4x4 ex stx,,automatic,1ftrx14w87fa26389,Pennsylvania,25.0,77809.0,blue,gray,byers volvo,11950.0,9300.0,Fri Dec 19 2014 09:00:00 GMT-0800 (PST)
2007,Ford,Taurus,SE Fleet,Sedan,automatic,1fafp53u67a181102,Missouri,19.0,151291.0,silver,gray,first community credit union,1725.0,1550.0,Tue Dec 23 2014 10:30:00 GMT-0800 (PST)
2007,Ford,Focus,ZX5 SES,Hatchback,other,1fahp37n17w261989,Illinois,23.0,98694.0,black,black,wells fargo dealer services,3825.0,3200.0,Thu Dec 18 2014 10:00:00 GMT-0800 (PST)
2007,Ford,Focus,ZX4 ST,Sedan,manual,1fafp38z27w291169,Florida,,73230.0,silver,red,ford of ocala,4100.0,4000.0,Thu Dec 18 2014 09:50:00 GMT-0800 (PST)
2007,gmc,Sierra 1500 Classic,SLT,Crew Cab,automatic,2gtek13z771173111,Texas,,194385.0,gray,gray,jerry durant toyota,9550.0,8300.0,Fri Dec 19 2014 14:00:00 GMT-0800 (PST)
2007,gmc,Sierra 2500HD Classic,SLT,Extended Cab,automatic,1gthk29u67e159181,North Carolina,,137945.0,white,â,marine chevrolet cadillac,9600.0,9100.0,Fri Dec 19 2014 09:30:00 GMT-0800 (PST)
2007,gmc,sr,1500 4x4 cr slt,,automatic,2gtek133171711345,Nebraska,,133947.0,gray,gray,woodhouse ford inc,14850.0,14000.0,Thu Dec 18 2014 11:00:00 GMT-0800 (PST)
2007,gmc,Sierra 1500 Classic,SLE1,Crew Cab,automatic,2gtek13z471179755,Nebraska,,148404.0,burgundy,gray,woodhouse ford inc,14050.0,11000.0,Thu Dec 18 2014 11:00:00 GMT-0800 (PST)
2007,honda,Accord,Value Package,Sedan,manual,1hgcm55187a228964,Florida,,101599.0,silver,gray,florida financial corporation and leasing inc,6000.0,4600.0,Mon Dec 22 2014 09:30:00 GMT-0800 (PST)
2007,gmc,Sierra 2500HD,Work Truck,Crew Cab,automatic,1gthk23617f530509,Louisiana,,118585.0,blue,â,moss motors,22100.0,17400.0,Thu Dec 18 2014 11:00:00 GMT-0800 (PST)
2007,honda,Accord,Special Edition,Sedan,automatic,1hgcm56367a017374,Virginia,28.0,121107.0,gray,gray,dt credit corporation,5625.0,5900.0,Thu Dec 18 2014 08:50:00 GMT-0800 (PST)
2007,honda,civic,dx-g,,other,2hgfa153x7h039024,unknown,35.0,118410.0,black,gray,canadian auto remarketing,5300.0,3800.0,Thu Jan 08 2015 18:30:00 GMT-0800 (PST)
2007,hyundai,Azera,SE,Sedan,automatic,kmhfc46f07a161601,Virginia,,69133.0,gray,â,carex inc,6500.0,6600.0,Thu Dec 18 2014 09:35:00 GMT-0800 (PST)
2007,honda,Accord,Special Edition V-6,Sedan,automatic,1hgcm66457a100860,Illinois,19.0,78166.0,gray,gray,first merit bank,7000.0,6500.0,Thu Dec 18 2014 10:00:00 GMT-0800 (PST)
2007,honda,Element,SC,SUV,automatic,5j6yh18977l005672,Nevada,26.0,91699.0,black,black,unique autos,8525.0,10000.0,Fri Dec 19 2014 11:45:00 GMT-0800 (PST)
2014,Ford,Fusion Energi,Titanium,Sedan,automatic,3fa6p0su6er193726,Missouri,35.0,10990.0,red,black,steve's mobile detail,25100.0,23000.0,Wed Jan 07 2015 10:30:00 GMT-0800 (PST)
2007,hyundai,Tiburon,SE,Hatchback,manual,kmhhn66f07u254244,Pennsylvania,34.0,43494.0,red,red,dambrosios dodge inc,5200.0,5600.0,Tue Dec 23 2014 09:00:00 GMT-0800 (PST)
2007,hyundai,Veracruz,SE,SUV,automatic,km8nu13c37u027312,Illinois,25.0,41362.0,blue,black,wells fargo dealer services,8175.0,8400.0,Thu Feb 19 2015 02:00:00 GMT-0800 (PST)
2007,jaguar,XK-Series,XK,Coupe,automatic,sajwa43b475b12765,Ohio,,101668.0,black,tan,world motors,12500.0,12500.0,Thu Dec 18 2014 10:00:00 GMT-0800 (PST)
2007,land rover,lr3,v8 se,,automatic,salae25467a431274,Florida,,96939.0,white,tan,napleton's palm beach acura,10950.0,8800.0,Thu Dec 18 2014 10:15:00 GMT-0800 (PST)
2007,kia,Rio,Rio5 SX,Wagon,other,knade163x76193689,Florida,36.0,79184.0,silver,black,grieco nissan,2800.0,3500.0,Tue Dec 30 2014 15:15:00 GMT-0800 (PST)
2007,mazda,cx-7,touring,,automatic,jm3er29lx70124329,Georgia,27.0,119313.0,silver,black,wells fargo dealer services,5025.0,5600.0,Thu Dec 18 2014 10:00:00 GMT-0800 (PST)
2007,maserati,quattroporte,exec gt,,automatic,zamfe39a270032432,Florida,44.0,26011.0,gray,tan,napletons north palm auto park inc,30400.0,32200.0,Thu Dec 18 2014 10:15:00 GMT-0800 (PST)
2007,Lincoln,Navigator L,Luxury,SUV,other,5lmfl27507lj13267,Virginia,,88243.0,unknown,â,sheehy ford of springfield inc,12250.0,11000.0,Thu Dec 18 2014 09:20:00 GMT-0800 (PST)
2007,Lincoln,town,car designer,,automatic,1lnhm83v57y601537,Florida,,101979.0,unknown,tan,braman hyundai,6600.0,3800.0,Fri Dec 19 2014 09:35:00 GMT-0800 (PST)
2007,mazda,B-Series Truck,B4000,Cab Plus 4,manual,4f4zr47e27pm02360,Michigan,35.0,64289.0,red,black,runde chevrolet inc,10950.0,7900.0,Thu Dec 18 2014 09:30:00 GMT-0800 (PST)
2007,mazda,cx-7,touringawd,,automatic,jm3er293x70129207,Virginia,37.0,97368.0,black,gray,shirlie slack mitsubishi,5525.0,6700.0,Thu Dec 18 2014 09:20:00 GMT-0800 (PST)
2007,mercedes-benz,CLS-Class,CLS63 AMG,Sedan,automatic,wdddj77x47a091861,Texas,47.0,88867.0,silver,black,heritage buick gmc,22700.0,23000.0,Thu Dec 18 2014 11:00:00 GMT-0800 (PST)
2007,mazda,mazda3,i,,other,jm1bk343671632756,unknown,,189733.0,purple,â,g b services,1650.0,2500.0,Thu Dec 18 2014 18:30:00 GMT-0800 (PST)
2007,mercedes-benz,R-Class,R500,Wagon,automatic,4jgcb75e67a051944,Pennsylvania,27.0,63093.0,silver,black,ford-lincoln dealer program,12900.0,12700.0,Fri Jan 09 2015 09:00:00 GMT-0800 (PST)
2007,mercedes-benz,E-Class,E320 BLUETEC,Sedan,other,wdbuf22xx7b078255,Pennsylvania,22.0,99580.0,gray,beige,j magnone auto group llc,11350.0,11500.0,Thu Dec 18 2014 09:30:00 GMT-0800 (PST)
2007,mazda,Mazdaspeed Mazda6,Grand Touring,Sedan,manual,jm1gg12l171110096,Texas,19.0,124475.0,red,black,autonation toyota north arlington,6575.0,4000.0,Tue Dec 23 2014 11:00:00 GMT-0800 (PST)
2007,mazda,Mazdaspeed Mazda6,Sport,Sedan,manual,jm1gg12l071110073,Arizona,,118894.0,gray,black,findlay toyota flagstaff,6425.0,5900.0,Thu Dec 18 2014 11:30:00 GMT-0800 (PST)
2007,mercedes-benz,C-Class,C280 Luxury 4MATIC,Sedan,automatic,wdbrf92h27f895767,New Jersey,26.0,74625.0,silver,gray,black tie classics llc,8525.0,7850.0,Wed Dec 31 2014 09:30:00 GMT-0800 (PST)
2007,mercury,Montego,Premier,Sedan,automatic,1mehm42187g608577,Michigan,49.0,59349.0,red,black,kevins marysville auto sales inc,4875.0,8200.0,Thu Dec 18 2014 09:30:00 GMT-0800 (PST)
2007,mercury,Monterey,Luxury,Minivan,automatic,2mrda22257bj01436,Georgia,,104273.0,beige,beige,motormax automotive inc,3625.0,5750.0,Thu Dec 18 2014 10:00:00 GMT-0800 (PST)
2007,nissan,350z,enthusiast,,automatic,jn1bz34d17m506178,Nevada,22.0,59560.0,gray,black,repo remarketing/hughes fcu,11400.0,8300.0,Fri Dec 19 2014 12:00:00 GMT-0800 (PST)
2007,mercury,grand,marquis ls,,automatic,2mefm75v27x643911,Georgia,29.0,116009.0,white,tan,remarketing by ge/summit financial corp,4000.0,3700.0,Thu Dec 18 2014 10:00:00 GMT-0800 (PST)
2007,pontiac,G6,GTP,Coupe,automatic,1g2zm187574165844,Michigan,,131077.0,red,black,george matick chevrolet inc,2575.0,3450.0,Thu Dec 18 2014 09:30:00 GMT-0800 (PST)
2007,porsche,Cayman,S,Coupe,automatic,wp0ab29877u781573,Nevada,,90124.0,blue,â,gaudin jaguar porsche of las vegas,21200.0,18500.0,Fri Dec 19 2014 11:45:00 GMT-0800 (PST)
2007,pontiac,g5,gt,,automatic,1g2an18b077262737,New York,,94354.0,red,â,carswell auto sales,4900.0,3900.0,Wed Dec 17 2014 09:30:00 GMT-0800 (PST)
2007,nissan,Pathfinder,SE Off-Road,SUV,automatic,5n1ar18w37c610519,New York,,63455.0,silver,gray,the johnson dealerships inc,8900.0,9700.0,Thu Dec 18 2014 09:45:00 GMT-0800 (PST)
2007,subaru,Outback,2.5 XT Limited,Wagon,automatic,4s4bp63c474332194,New York,,51547.0,black,gray,snyders auto sales & car care center,11600.0,11000.0,Thu Dec 18 2014 09:45:00 GMT-0800 (PST)
2007,saturn,ION,3,Sedan,other,1g8al55f87z169477,Pennsylvania,,131508.0,silver,â,exclusive auto sales & service llc,3350.0,2550.0,Fri Dec 19 2014 09:00:00 GMT-0800 (PST)
2007,saturn,Sky,Base,Convertible,other,1g8mb35b47y117240,Florida,,98986.0,red,â,exotic motorcars,4725.0,5700.0,Thu Dec 18 2014 17:00:00 GMT-0800 (PST)
2007,subaru,forester,awd x premium,,automatic,jf1sg656x7h739480,Pennsylvania,28.0,250944.0,blue,beige,jpmorgan chase bank n.a.,2150.0,2400.0,Fri Dec 19 2014 09:00:00 GMT-0800 (PST)
2007,subaru,forester,awd x,,automatic,jf1sg63607h725512,New Jersey,,85662.0,silver,â,cumberland auto group llc,6675.0,6000.0,Wed Dec 17 2014 09:30:00 GMT-0800 (PST)
2007,Volkswagen,Rabbit,Base,Hatchback,other,wvwdr71k17w092484,unknown,24.0,127700.0,white,black,mercedes-benz,5275.0,5400.0,Thu Dec 18 2014 18:30:00 GMT-0800 (PST)
2007,toyota,tundra,4x4 v8 sr5,,automatic,5tfbt54117x002616,Ohio,27.0,131955.0,gray,gray,toyota financial services,11750.0,11900.0,Tue Dec 23 2014 09:30:00 GMT-0800 (PST)
2007,toyota,tundra,4x2 v8 limited,,automatic,5tfrv58117x005633,Texas,,87265.0,gray,brown,fort worth audi,14350.0,18100.0,Thu Dec 18 2014 11:00:00 GMT-0800 (PST)
2007,Volkswagen,Passat,Base,Sedan,automatic,wvwak73c87p100491,New Jersey,,122486.0,blue,â,royalton auto enterprises inc,3950.0,3600.0,Wed Dec 17 2014 09:30:00 GMT-0800 (PST)
2007,Volkswagen,New Beetle,Triple White,Convertible,automatic,3vwff31y07m422322,Florida,28.0,118356.0,white,white,metro ford inc,5075.0,4800.0,Tue Jan 06 2015 01:15:00 GMT-0800 (PST)
2007,toyota,tundra,4x2 v6 sr5,,automatic,5tbru541x7s451321,Georgia,31.0,129684.0,blue,black,onesource/lynch nissan,8450.0,10600.0,Thu Dec 18 2014 10:00:00 GMT-0800 (PST)
2007,Volkswagen,Eos,2.0T,Convertible,automatic,wvwfa71f27v046011,Florida,4.0,64812.0,blue,tan,r & b car sales inc,7250.0,7500.0,Thu Dec 18 2014 09:45:00 GMT-0800 (PST)
2007,volvo,XC70,Base,Wagon,other,yv4sz592971278980,New Jersey,22.0,159646.0,gold,beige,luxury cars of smithtown inc,3750.0,2400.0,Wed Jan 28 2015 01:30:00 GMT-0800 (PST)
2007,Volkswagen,Jetta,GLI,Sedan,manual,3vwxj71k77m022313,Florida,,84180.0,red,gray,jenkins acura,5800.0,5500.0,Thu Dec 18 2014 09:50:00 GMT-0800 (PST)
2006,audi,A3,3.2 quattro,Wagon,automatic,waukd98p76a169242,New Jersey,,192280.0,gray,â,terryville chevrolet llc,3350.0,3700.0,Wed Dec 17 2014 09:30:00 GMT-0800 (PST)
2015,Ford,F-250 Super Duty,Platinum,Crew Cab,other,1ft7w2bt1fea18082,Pennsylvania,49.0,8316.0,white,brown,adcock brothers inc,52300.0,54000.0,Fri Jan 02 2015 09:30:00 GMT-0800 (PST)
2014,Ford,Transit Connect,Wagon Titanium LWB,Minivan,automatic,nm0ge9g7xe1159288,Colorado,43.0,7104.0,unknown,gray,ford motor credit company,22200.0,21800.0,Tue Jan 07 2014 00:00:00 GMT-0800 (PST)
2006,buick,Rainier,CXL,SUV,automatic,5gadt13s862330267,North Carolina,25.0,144750.0,gray,gray,north state acceptance,3450.0,2900.0,Mon Feb 09 2015 01:30:00 GMT-0800 (PST)
2006,chevrolet,Silverado 1500HD,LT2,Crew Cab,automatic,1gcgk13u66f102311,Nebraska,38.0,119415.0,white,gray,dm northwest inc,12350.0,12900.0,Thu Dec 18 2014 11:00:00 GMT-0800 (PST)
2006,chevrolet,Silverado 3500,Work Truck,Crew Cab,automatic,1gcjk33d16f208537,Virginia,21.0,181876.0,white,gray,enterprise fleet management exchange  inc.,14350.0,9600.0,Mon Dec 29 2014 09:35:00 GMT-0800 (PST)
2006,chevrolet,1500,slv 4x2 cr 1lt,,automatic,2gcec13z861307894,Nevada,,127007.0,gray,â,chapman chry jeep,7800.0,9500.0,Thu Dec 18 2014 11:45:00 GMT-0800 (PST)
2006,chevrolet,Colorado,Base,Extended Cab,automatic,1gccs198x68257599,Nevada,,22038.0,red,â,automotive remarketing inc,7475.0,2100.0,Thu Dec 18 2014 11:00:00 GMT-0800 (PST)
2006,chevrolet,1500,slv 4x4 cr 1lt,,automatic,2gcek13z161335846,Minnesota,28.0,73613.0,green,gray,chrysler capital,13700.0,12900.0,Thu Dec 18 2014 10:45:00 GMT-0800 (PST)
2006,chevrolet,TrailBlazer EXT,LS,SUV,automatic,1gnes16s366126557,Arizona,,111208.0,silver,tan,chapman ford llc,4475.0,4400.0,Thu Dec 18 2014 11:00:00 GMT-0800 (PST)
2006,chevrolet,Monte Carlo,LTZ,Coupe,automatic,2g1wn151469251520,Nebraska,,170493.0,black,black,woodhouse chevrolet,2775.0,3500.0,Thu Dec 18 2014 11:00:00 GMT-0800 (PST)
2006,chevrolet,optra,5 lt,,other,kl1jk69z26k264246,unknown,,213883.0,gray,gray,sochi car sales,225.0,650.0,Thu Dec 18 2014 18:30:00 GMT-0800 (PST)
2006,chevrolet,impala,lt,,other,2g1wt58n569102187,unknown,,186560.0,black,brown,ancaster toyota,2000.0,650.0,Thu Dec 18 2014 18:30:00 GMT-0800 (PST)
2006,chevrolet,impala,police police,,automatic,2g1ws551769377211,Florida,,215992.0,white,black,timmy auto repair shop & sales inc,500.0,1000.0,Fri Dec 19 2014 09:30:00 GMT-0800 (PST)
2006,chrysler,pacifica,awd v6 touring,,automatic,2a4gf68476r757946,Michigan,22.0,121403.0,silver,beige,jpmorgan chase bank n.a.,3300.0,2800.0,Thu Dec 18 2014 09:30:00 GMT-0800 (PST)
2006,chrysler,Crossfire,Limited,Convertible,manual,1c3an65l66x061577,Illinois,36.0,52868.0,red,black,wells fargo dealer services,7125.0,8400.0,Thu Dec 18 2014 10:00:00 GMT-0800 (PST)
2006,chevrolet,TrailBlazer EXT,LT,SUV,automatic,1gnet16m766129038,Michigan,47.0,113489.0,black,black,kevins marysville auto sales inc,5075.0,7200.0,Thu Dec 18 2014 09:30:00 GMT-0800 (PST)
2006,chrysler,pacifica,awd v6 limited,,other,2a8gf78406r638785,Pennsylvania,19.0,88053.0,beige,beige,hertz remarketing,6100.0,3600.0,Fri Dec 19 2014 09:00:00 GMT-0800 (PST)
2006,Dodge,Dakota,Laramie,Quad Cab,automatic,1d7hw58n86s589249,Nevada,2.0,212705.0,white,â,automotive remarketing inc,3325.0,4200.0,Thu Jan 22 2015 03:00:00 GMT-0800 (PST)
2006,Dodge,magnum,4x2 v6,,automatic,2d4fv47v96h389622,Michigan,2.0,117925.0,silver,gray,dt credit corporation,3625.0,2650.0,Thu Dec 18 2014 13:10:00 GMT-0800 (PST)
2006,Dodge,grand,carav v6 se,,automatic,1d4gp24e96b653583,Georgia,21.0,68129.0,silver,gray,bmw alphera/alphera financial services,4425.0,4300.0,Thu Dec 18 2014 10:00:00 GMT-0800 (PST)
2006,Dodge,magnum,4x2 v6 sxt,,automatic,2d4fv47v46h207597,Indiana,2.0,123381.0,blue,black,santander consumer,3400.0,1300.0,Thu Dec 18 2014 10:10:00 GMT-0800 (PST)
2006,Dodge,Sprinter Cargo,2500 High Roof 158 WB,Van,automatic,wd0pd744265951490,Illinois,,340151.0,yellow,â,loeber motors inc,3475.0,2400.0,Thu Dec 18 2014 10:00:00 GMT-0800 (PST)
2006,Dodge,Sprinter Cargo,2500 140 WB,Van,automatic,wd0pd644665944424,Minnesota,2.0,157383.0,white,gray,center point energy fleet,7200.0,4600.0,Tue Dec 30 2014 10:45:00 GMT-0800 (PST)
2006,Ford,escape,4x4 4c hybrid,,automatic,1fmcu96h06kd36856,New York,,55903.0,blue,gray,senshine auto sales,4875.0,5000.0,Thu Dec 18 2014 09:45:00 GMT-0800 (PST)
2006,Ford,f250,4x2 ex xl,,automatic,1fdsx20p16ec91628,Nevada,,230483.0,white,gray,ge fleet services for itself/servicer,2350.0,2050.0,Thu Dec 18 2014 11:00:00 GMT-0800 (PST)
2006,gmc,Envoy XL,Denali,SUV,automatic,1gket66m766103839,Virginia,19.0,151949.0,silver,gray,hendrick honda woodbridge,5125.0,4700.0,Thu Feb 12 2015 01:50:00 GMT-0800 (PST)
2006,Ford,Freestar,SEL,Minivan,automatic,2fmza522x6ba42839,Washington,12.0,73290.0,gold,gray,mid atlantic finance/clearwater,3300.0,1600.0,Tue Dec 30 2014 13:40:00 GMT-0800 (PST)
2006,Ford,Focus,ZX5 SE,Hatchback,manual,1fafp37n36w160622,Maryland,25.0,35503.0,burgundy,black,sheehy ford lincoln of gaithersburg,3925.0,3500.0,Tue Dec 23 2014 09:30:00 GMT-0800 (PST)
2006,gmc,savana,comm,,automatic,1gdgg31v361903280,Nebraska,19.0,179352.0,white,gray,budget truck sales,5250.0,5000.0,Thu Dec 18 2014 12:00:00 GMT-0800 (PST)
2006,gmc,Sierra 2500HD,SLE1,Regular Cab,automatic,1gthk24u76e198254,Florida,,209556.0,gray,black,sell your car here,5675.0,3800.0,Thu Dec 18 2014 09:40:00 GMT-0800 (PST)
2006,gmc,Sierra 2500HD,SL1,Crew Cab,other,1gthk23u66f179612,Florida,,145697.0,white,â,fountain auto mall,10400.0,10700.0,Wed Dec 17 2014 09:25:00 GMT-0800 (PST)
2006,Ford,Freestyle,SE,Wagon,automatic,1fmzk04176ga40429,Colorado,25.0,94966.0,white,gray,wells fargo dealer services,3925.0,5000.0,Tue Dec 23 2014 11:45:00 GMT-0800 (PST)
2006,honda,Accord,LX Special Edition,Sedan,manual,1hgcm55346a104383,Massachusetts,26.0,157805.0,silver,gray,boch new to you superstore,4600.0,2600.0,Thu Dec 18 2014 18:30:00 GMT-0800 (PST)
2006,honda,Accord,LX V-6,Sedan,automatic,1hgcm66346a037000,North Carolina,19.0,120618.0,white,tan,primeritus remarketing/marine fcu,6050.0,5800.0,Mon Dec 22 2014 09:00:00 GMT-0800 (PST)
2006,gmc,Sierra 1500HD,SLT,Crew Cab,automatic,1gtgk13u26f231260,Utah,36.0,110611.0,blue,gray,excell auto center,12850.0,13300.0,Wed Jan 21 2015 03:30:00 GMT-0800 (PST)
2006,gmc,sr,1500 awd cr denali,,automatic,2gtek63n661181936,Utah,35.0,144515.0,white,tan,excell auto center,12000.0,10500.0,Wed Jan 07 2015 11:30:00 GMT-0800 (PST)
2006,honda,ridgelin,4x4 cr,,automatic,2hjyk16586h559513,Louisiana,,132286.0,green,gray,american auto brokers inc,8775.0,8900.0,Wed Dec 17 2014 10:30:00 GMT-0800 (PST)
2006,gmc,Yukon,SL,SUV,automatic,1gkec13z46r123564,Florida,,200853.0,black,gray,dick norris buick gmc palm harbor,2600.0,3100.0,Thu Dec 18 2014 15:40:00 GMT-0800 (PST)
2006,hyundai,Elantra,Limited SULEV,Sedan,automatic,kmhdn46d66u315595,Arizona,,137761.0,silver,gray,bill luke chrysler jeep and dodge inc,2100.0,1750.0,Thu Dec 18 2014 11:00:00 GMT-0800 (PST)
2006,honda,ridgelin,4x4 cr rtl,,automatic,2hjyk16536h527410,Virginia,35.0,170963.0,silver,black,pohanka honda of fredericksburg,7225.0,7600.0,Thu Dec 18 2014 09:50:00 GMT-0800 (PST)
2006,hyundai,elantra,gls,,other,kmhdn45d06u146000,unknown,,91328.0,green,â,barek used car sales ltd,2450.0,2300.0,Thu Dec 18 2014 18:30:00 GMT-0800 (PST)
2006,jaguar,XK-Series,XK8,Convertible,automatic,sajda42c262a45245,Florida,,63976.0,silver,black,the auto site inc,14400.0,13600.0,Fri Dec 19 2014 09:25:00 GMT-0800 (PST)
2014,Ford,Transit Connect,Wagon XLT LWB,Minivan,other,nm0ge9f77e1157824,Pennsylvania,44.0,8907.0,white,black,ford motor credit company,21400.0,20800.0,Fri Dec 19 2014 09:00:00 GMT-0800 (PST)
2014,gmc,Savana,LS 3500,Van,automatic,1gjz71fa6e1156093,Florida,3.0,20918.0,white,gray,gm remarketing,22900.0,22800.0,Tue Mar 10 2015 02:30:00 GMT-0700 (PDT)
2014,gmc,Acadia,SLE-2,SUV,automatic,1gkkrpkd5ej316538,Louisiana,38.0,21189.0,silver,gray,the hertz corporation,23800.0,22700.0,Wed Jan 14 2015 02:00:00 GMT-0800 (PST)
2006,jeep,wrangler,6c unlimited,,manual,1j4fa44s86p786649,Virginia,19.0,128950.0,black,black,primeritus remarketing/aras,10300.0,7000.0,Thu Dec 18 2014 09:20:00 GMT-0800 (PST)
2006,jeep,wrangler,6c rubicon,,automatic,1j4fa69s26p768801,Colorado,21.0,109671.0,black,black,wells fargo dealer services,12450.0,11100.0,Tue Dec 23 2014 11:45:00 GMT-0800 (PST)
2006,jeep,wrangler,6c rubicon ul,,other,1j4fa64s46p767110,California,,57711.0,black,â,alliance motor cars,17300.0,20200.0,Thu Dec 18 2014 12:00:00 GMT-0800 (PST)
2006,jeep,wrangler,4c se,,manual,1j4fa29156p717468,Florida,33.0,70325.0,red,black,regional acceptance corporation / greenville,10050.0,10300.0,Thu Dec 18 2014 09:50:00 GMT-0800 (PST)
2006,Lincoln,Zephyr,Base,Sedan,automatic,3lnhm26146r613567,Minnesota,,168894.0,black,black,village chev co,1900.0,2900.0,Thu Dec 18 2014 10:45:00 GMT-0800 (PST)
2006,Lincoln,town,car exec l liv,,automatic,1lnhm84w46y620134,Illinois,,167906.0,black,â,metro lease corp,2175.0,1800.0,Thu Dec 18 2014 10:00:00 GMT-0800 (PST)
2006,land rover,range,rover sport s/c,,automatic,salsh23416a932117,Florida,31.0,144190.0,silver,gray,andrew thomas motorcars,11850.0,12900.0,Thu Dec 18 2014 09:45:00 GMT-0800 (PST)
2006,land rover,rrs,hse hse,,automatic,salsd25476a904637,Florida,25.0,109679.0,green,gray,dors auto sales inc,12450.0,12000.0,Fri Dec 19 2014 09:30:00 GMT-0800 (PST)
2006,Lincoln,town,car sig ltd,,automatic,1lnhm82v36y623438,Florida,,90687.0,white,beige,auto brokers of tampa bay inc,5700.0,6800.0,Wed Dec 17 2014 09:25:00 GMT-0800 (PST)
2006,mercedes-benz,E-Class,E320 CDI,Sedan,automatic,wdbuf26j86a858832,Virginia,24.0,95915.0,black,gray,toyota of stafford,11400.0,7600.0,Thu Dec 18 2014 09:35:00 GMT-0800 (PST)
2006,mercedes-benz,CL-Class,CL55 AMG,Coupe,other,wdbpj74j06a046873,Pennsylvania,39.0,55607.0,black,black,tsj auto brokers inc,19800.0,19300.0,Tue Dec 23 2014 09:00:00 GMT-0800 (PST)
2006,mazda,Tribute,i,SUV,automatic,4f2yz02z16km21453,North Carolina,,137013.0,black,â,marine chevrolet cadillac,3950.0,2000.0,Fri Dec 19 2014 09:30:00 GMT-0800 (PST)
2006,mazda,tribute,4wd i,,automatic,4f2yz94126km24261,New Jersey,,129116.0,black,â,mallen enterprises inc,2775.0,4400.0,Wed Dec 17 2014 09:30:00 GMT-0800 (PST)
2006,mazda,mazda6,i,,other,1yvfp84c765m61176,unknown,,183509.0,silver,â,gateway chevrolet inc,1225.0,2550.0,Thu Dec 18 2014 18:30:00 GMT-0800 (PST)
2006,mazda,mazda5,sport,,other,jm1cr293760129177,Arizona,,140739.0,silver,â,cag acceptance,2700.0,2700.0,Thu Dec 18 2014 11:00:00 GMT-0800 (PST)
2006,mercedes-benz,C-Class,C55 AMG,Sedan,automatic,wdbrf76j46f831844,Illinois,,94368.0,gray,â,signature auto enterprises inc,9850.0,10900.0,Thu Dec 18 2014 10:00:00 GMT-0800 (PST)
2006,mercedes-benz,SLK-Class,SLK55 AMG,Convertible,automatic,wdbwk73f46f111782,Nevada,35.0,47904.0,black,black,sti remarketing,21300.0,23500.0,Fri Dec 19 2014 11:45:00 GMT-0800 (PST)
2006,mercury,grand,marquis,,automatic,2mefm75v56x634084,New York,,154501.0,gray,gray,affinity auto sales,2400.0,1650.0,Thu Dec 18 2014 09:30:00 GMT-0800 (PST)
2006,mitsubishi,Galant,SE,Sedan,automatic,4a3ab36f46e060769,Virginia,25.0,82267.0,burgundy,black,dt inventory,3750.0,5500.0,Thu Dec 18 2014 08:50:00 GMT-0800 (PST)
2006,mercury,grand,marquis ls premium,,automatic,2mefm75v66x634045,Florida,,85265.0,silver,tan,r & l auto wholesale,4275.0,5900.0,Wed Dec 17 2014 00:00:00 GMT-0800 (PST)
2006,mitsubishi,Lancer Evolution,IX,Sedan,manual,ja3ah86c16u048720,Colorado,,93020.0,silver,black,ralph schomp honda,15350.0,18400.0,Wed Dec 17 2014 11:45:00 GMT-0800 (PST)
2006,subaru,Legacy,2.5i Special Edition,Sedan,automatic,4s3bl626867215369,New York,,100553.0,silver,gray,goldstein subaru,4975.0,5600.0,Thu Dec 18 2014 09:30:00 GMT-0800 (PST)
2006,pontiac,Montana SV6,Base,Minivan,automatic,1gmdx33l16d196645,Arizona,,85853.0,silver,gray,trans pacific leasing llc,3500.0,4900.0,Thu Dec 18 2014 10:30:00 GMT-0800 (PST)
2006,suzuki,XL-7,Base,SUV,automatic,js3tx92v864106110,Colorado,23.0,81082.0,burgundy,beige,gm financial,3725.0,3900.0,Tue Dec 23 2014 11:45:00 GMT-0800 (PST)
2006,subaru,B9 Tribeca,Limited 5-Passenger,SUV,automatic,4s4wx83c564411367,Illinois,19.0,172047.0,gold,gold,myrddin fleet services,4175.0,3800.0,Tue Dec 23 2014 11:30:00 GMT-0800 (PST)
2006,suzuki,Verona,Base,Sedan,automatic,kl5vj56l06b190208,Florida,19.0,148053.0,silver,gray,automotive leasing specialist,850.0,400.0,Thu Dec 18 2014 13:25:00 GMT-0800 (PST)
2006,subaru,B9 Tribeca,5-Passenger,SUV,automatic,4s4wx82c764426177,Arizona,24.0,135480.0,gray,gray,wells fargo dealer services,5550.0,5500.0,Tue Dec 23 2014 11:00:00 GMT-0800 (PST)
2006,volvo,V70,2.5T,Wagon,automatic,yv1sw592062597618,North Carolina,26.0,156888.0,black,tan,crossroads infiniti inc,2500.0,3200.0,Mon Dec 22 2014 09:00:00 GMT-0800 (PST)
2006,Volkswagen,Jetta,Value Edition,Sedan,other,3vwpf71kx6m797835,Pennsylvania,34.0,98158.0,blue,black,land autos,3100.0,3500.0,Fri Dec 19 2014 09:00:00 GMT-0800 (PST)
2006,Volkswagen,Passat,3.6 4Motion,Sedan,automatic,wvwfu73c16p154391,New Jersey,2.0,131239.0,blue,gray,holman ford lincoln,3175.0,2720.0,Wed Jan 14 2015 09:30:00 GMT-0800 (PST)
2006,Volkswagen,jetta,5c 2.5l,,other,3vwrf31k16m618115,unknown,,194941.0,silver,â,gateway chevrolet inc,2725.0,2600.0,Thu Dec 18 2014 18:30:00 GMT-0800 (PST)
2005,audi,tt,fwd 4c,,automatic,trusc28n051008800,Florida,,101446.0,gray,black,ove car trader corp,5925.0,4900.0,Thu Dec 18 2014 16:50:00 GMT-0800 (PST)
2005,buick,Century,Standard,Sedan,automatic,2g4ws52j651113613,Ohio,19.0,102402.0,gray,gray,santander consumer,2725.0,1200.0,Tue Dec 23 2014 12:00:00 GMT-0800 (PST)
2005,chevrolet,Silverado 1500,Z71,Extended Cab,automatic,1gcek19b65z231384,Minnesota,,120188.0,red,gray,walker quality sales,8750.0,7700.0,Thu Dec 18 2014 10:45:00 GMT-0800 (PST)
2005,cadillac,srx,awd v6,,automatic,1gyee637850118964,Texas,,83300.0,silver,gray,autonation chevrolet west austin,6675.0,5500.0,Thu Dec 18 2014 11:00:00 GMT-0800 (PST)
2005,cadillac,srx,awd v8 awd,,automatic,1gyee63a750104078,Massachusetts,31.0,166624.0,silver,gray,united consumer finance,1825.0,2500.0,Thu Dec 18 2014 18:30:00 GMT-0800 (PST)
2005,cadillac,srx,4x2 v6 rwd,,automatic,1gyee637350125028,Ohio,35.0,144121.0,silver,black,wells fargo dealer services,3675.0,2500.0,Tue Dec 23 2014 12:00:00 GMT-0800 (PST)
2005,chevrolet,Silverado 1500HD,LT,Crew Cab,automatic,1gcgk13u15f816863,Wisconsin,19.0,101408.0,black,gray,superior choice credit union,11950.0,10300.0,Wed Feb 25 2015 02:00:00 GMT-0800 (PST)
2014,hyundai,Elantra Coupe,Base,Elantra Coupe,automatic,kmhdh6ah0eu026627,Minnesota,45.0,721.0,blue,gray,hyundai motor finance,17550.0,15700.0,Wed Jan 14 2015 10:30:00 GMT-0800 (PST)
2014,infiniti,Q50,Base,Sedan,automatic,jn1bv7ap7em672140,Texas,39.0,21216.0,gray,black,nissan infiniti lt,27100.0,25600.0,Thu Feb 19 2015 03:00:00 GMT-0800 (PST)
2005,chevrolet,Colorado,Z85 LS Base,Crew Cab,automatic,1gccs136658108693,North Carolina,23.0,150683.0,white,gray,north state acceptance,5800.0,5200.0,Mon Feb 23 2015 01:30:00 GMT-0800 (PST)
2005,chevrolet,Express,3500,Van,automatic,1gahg35u751170832,Nevada,21.0,120560.0,silver,gray,high country auto center  inc.,5350.0,6800.0,Fri Dec 19 2014 12:00:00 GMT-0800 (PST)
2005,chevrolet,Colorado,Z85,Extended Cab,automatic,1gcdt196258237667,Indiana,,96101.0,red,gray,king brothers used cars,4100.0,8900.0,Thu Dec 18 2014 10:10:00 GMT-0800 (PST)
2005,chevrolet,Colorado,ZQ8,Extended Cab,automatic,1gccs196558286831,North Carolina,28.0,107410.0,white,gray,ge fleet services for itself/servicer,5400.0,5800.0,Tue Dec 30 2014 09:15:00 GMT-0800 (PST)
2005,chevrolet,Cavalier,LS Sport,Coupe,automatic,1g1jh12f557193189,Louisiana,,194551.0,blue,â,courtesy ford,575.0,400.0,Thu Dec 18 2014 11:00:00 GMT-0800 (PST)
2005,chevrolet,Classic,Fleet,Sedan,automatic,1g1nd52f85m101689,Virginia,1.0,111835.0,silver,gray,automotive remarketing inc,2175.0,325.0,Thu Dec 18 2014 11:50:00 GMT-0800 (PST)
2005,chevrolet,Malibu Maxx,LS,Hatchback,automatic,1g1zt62805f219736,Maryland,19.0,82288.0,gray,gray,sheehy ford inc,4675.0,3500.0,Tue Dec 23 2014 09:30:00 GMT-0800 (PST)
2005,chrysler,Crossfire,Base,Convertible,manual,1c3an55l25x042341,Florida,,31714.0,black,black,sell your car here,8050.0,6800.0,Thu Dec 18 2014 09:40:00 GMT-0800 (PST)
2005,chevrolet,Tahoe,Fleet,SUV,other,1gnec13vx5j265284,Illinois,,151801.0,gray,â,valley honda,4750.0,4100.0,Thu Dec 18 2014 10:00:00 GMT-0800 (PST)
2005,chevrolet,Uplander,Base,Minivan,automatic,1gndv03l45d247893,New York,,179392.0,silver,gray,goss dodge inc,800.0,1000.0,Thu Dec 18 2014 09:30:00 GMT-0800 (PST)
2005,chevrolet,optra,ls,,other,kl1jk69z95k197613,unknown,,164837.0,silver,gray,g b services,725.0,1000.0,Thu Dec 18 2014 18:30:00 GMT-0800 (PST)
2005,chevrolet,Venture,LT Entertainer,Minivan,automatic,1gndv33ex5d113831,Florida,,130744.0,gray,gray,bartow ford co,2000.0,1800.0,Wed Dec 17 2014 13:55:00 GMT-0800 (PST)
2005,Dodge,caravan,v6 se,,automatic,1d4gp25r55b395174,Nevada,,115421.0,blue,â,jim marsh mitsubishi suzuki kia,1750.0,2200.0,Thu Dec 18 2014 11:45:00 GMT-0800 (PST)
2005,chrysler,pt,cruiser touring,,automatic,3c3ey55x25t361634,New Jersey,19.0,119581.0,black,black,consolidated asset recovery systems  inc.,1825.0,600.0,Wed Jan 07 2015 09:30:00 GMT-0800 (PST)
2005,Dodge,Neon,SXT,Sedan,other,1b3es56c65d142949,Illinois,,108922.0,gray,â,ray chevrolet inc,1950.0,950.0,Thu Dec 18 2014 14:00:00 GMT-0800 (PST)
2005,Dodge,magnum,4x2 v6 se,,automatic,2d4fv48v65h650556,Illinois,,159387.0,silver,â,new rogers pontiac inc,2575.0,1650.0,Thu Dec 18 2014 14:00:00 GMT-0800 (PST)
2005,Dodge,stratus,v6 sxt,,automatic,1b3el46t85n642872,Michigan,,153112.0,red,gray,james martin chevrolet inc,1025.0,1550.0,Thu Dec 18 2014 09:30:00 GMT-0800 (PST)
2005,Ford,Escape,XLT Sport,SUV,automatic,1fmyu931x5ka34793,Pennsylvania,,67140.0,white,â,autocelli inc,5075.0,7900.0,Fri Dec 19 2014 09:15:00 GMT-0800 (PST)
2005,Ford,Expedition,XLT NBX,SUV,automatic,1fmfu16525la06939,Illinois,,98284.0,gray,â,des plaines autoworks inc,3850.0,5600.0,Thu Dec 18 2014 10:00:00 GMT-0800 (PST)
2005,Ford,explorer,4x4 v6 xlt,,other,1fmzu73k55ub34113,Illinois,,139481.0,black,â,precision motors inc,2675.0,2700.0,Thu Dec 18 2014 10:00:00 GMT-0800 (PST)
2005,Ford,explorer,4x2 v6 xlt,,automatic,1fmzu63k45ua04737,North Carolina,35.0,147379.0,gray,beige,memorial credit union,2550.0,3000.0,Mon Jan 05 2015 01:30:00 GMT-0800 (PST)
2005,Ford,explorer,4x4 v6 limited,,automatic,1fmdu75k45za47359,Illinois,,106403.0,beige,â,bettenhausen motor sales inc,3775.0,6500.0,Thu Dec 18 2014 10:00:00 GMT-0800 (PST)
2005,Ford,explorer,4x4 v6 ed bauer,,other,1fmzu74k35ua64190,Virginia,,170141.0,white,â,prestige auto imports inc,2175.0,2000.0,Thu Dec 18 2014 09:50:00 GMT-0800 (PST)
2005,Ford,Explorer Sport Trac,XLS,Crew Cab,automatic,1fmzu67k55ub74440,Florida,,206283.0,silver,â,classic auto brokers inc,2375.0,3500.0,Thu Dec 18 2014 09:50:00 GMT-0800 (PST)
2005,Ford,explorer,xls,,automatic,1fmzu62k55ua24416,Florida,,111641.0,white,gray,wayne akers ford inc,3000.0,2600.0,Thu Dec 18 2014 10:00:00 GMT-0800 (PST)
2005,Ford,explorer,4x2 v6 limited,,automatic,1fmdu65k75za15290,Georgia,28.0,187926.0,beige,tan,holcomb used cars inc,2225.0,3600.0,Thu Dec 18 2014 10:00:00 GMT-0800 (PST)
2005,Ford,Ranger,EDGE,SuperCab,automatic,1ftyr14u35pa84440,Florida,,82165.0,white,black,zimmerman auto brokers inc,5225.0,6200.0,Wed Dec 17 2014 15:10:00 GMT-0800 (PST)
2005,Ford,Focus,ZX3 SES,Hatchback,automatic,3fafp31n15r114054,Minnesota,,100816.0,gray,gray,luther hopkins honda,2075.0,2250.0,Thu Dec 18 2014 10:45:00 GMT-0800 (PST)
2005,Ford,Focus,ZXW SES,Wagon,automatic,1fahp36n35w301827,Florida,,160870.0,green,tan,champion auto wholesale inc,1575.0,2000.0,Wed Dec 17 2014 15:15:00 GMT-0800 (PST)
2005,Ford,freestyle,awd limited,,automatic,1fmzk06155ga01947,Michigan,,150853.0,burgundy,beige,crest ford inc,1850.0,550.0,Thu Dec 18 2014 09:30:00 GMT-0800 (PST)
2005,Ford,police,base,,automatic,2fahp71wx5x146947,Florida,2.0,135622.0,white,tan,palm beach auto collection inc,1400.0,1000.0,Tue Dec 30 2014 09:00:00 GMT-0800 (PST)
2005,Ford,Freestar,S,Minivan,automatic,2fmza50665ba53874,Texas,26.0,74012.0,unknown,gray,wheels exchange llc,2350.0,3100.0,Wed Dec 31 2014 10:15:00 GMT-0800 (PST)
2005,Ford,Freestar,Limited,Minivan,automatic,2fmda582x5ba32991,California,28.0,51972.0,beige,beige,aaero sweet company,4075.0,7200.0,Thu Dec 18 2014 11:30:00 GMT-0800 (PST)
2005,Ford,Ranger,FX4 Level II,SuperCab,automatic,1ftzr45e85pa50331,Arizona,,161298.0,blue,black,big two toyota scion of chandler,5625.0,6100.0,Thu Dec 18 2014 11:00:00 GMT-0800 (PST)
2005,honda,Accord,LX PZEV,Sedan,automatic,1hgcm56445a154349,Florida,,155109.0,blue,gray,braman motors,4050.0,3800.0,Thu Dec 18 2014 09:35:00 GMT-0800 (PST)
2005,honda,Civic,EX Special Edition,Coupe,other,1hgem22915l807832,unknown,,150492.0,black,brown,napat limited,3300.0,4000.0,Thu Dec 18 2014 18:30:00 GMT-0800 (PST)
2005,honda,Accord,LX Special Edition PZEV,Coupe,automatic,1hgcm72535a021088,Georgia,19.0,145889.0,gray,black,sossa pre owned,3350.0,4200.0,Thu Dec 18 2014 10:00:00 GMT-0800 (PST)
2005,honda,pilot,awd ex-l,,automatic,5fnyf18555b052336,Georgia,19.0,199447.0,white,gray,wells fargo dealer services,3600.0,1600.0,Thu Dec 18 2014 10:00:00 GMT-0800 (PST)
2005,isuzu,Ascender,S 7 Passenger,SUV,automatic,4nuet16s856700787,Nebraska,,102012.0,white,gray,spangler automotive,2900.0,2200.0,Thu Dec 18 2014 11:00:00 GMT-0800 (PST)
2005,hyundai,Sonata,GLS Special Value,Sedan,automatic,kmhwf35h95a147861,Florida,,53245.0,white,beige,auto magic,4125.0,4800.0,Wed Dec 17 2014 15:15:00 GMT-0800 (PST)
2005,hyundai,Elantra,GT,Hatchback,automatic,kmhdn56d85u148242,Virginia,19.0,110544.0,blue,gray,shirlie slack mitsubishi,1625.0,1700.0,Thu Dec 18 2014 09:20:00 GMT-0800 (PST)
2005,jaguar,S-Type,4.2,Sedan,automatic,sajwa01u45hn25906,Louisiana,23.0,162484.0,gray,gray,jpmorgan chase bank n.a.,2100.0,2000.0,Wed Jan 14 2015 03:00:00 GMT-0800 (PST)
2005,hyundai,XG350,L,Sedan,automatic,kmhfu45ex5a385610,Georgia,27.0,92690.0,gold,gray,georgia's own credit union,3075.0,2700.0,Thu Jan 08 2015 10:00:00 GMT-0800 (PST)
2005,hyundai,XG350,Base,Sedan,automatic,kmhfu45e05a420719,New Jersey,,96741.0,black,â,fr auto sales,3325.0,2550.0,Wed Dec 17 2014 09:30:00 GMT-0800 (PST)
2005,isuzu,Ascender,Luxury 5 Passenger,SUV,automatic,4nuds13s852701111,Texas,,108638.0,black,gray,rudolph honda,3200.0,3500.0,Thu Dec 18 2014 12:00:00 GMT-0800 (PST)
2005,jeep,Wrangler,Unlimited,SUV,other,1j4fa44s55p348749,Pennsylvania,4.0,65286.0,green,black,bingamans auto center sales and service,13100.0,12800.0,Fri Dec 19 2014 09:30:00 GMT-0800 (PST)
2005,jeep,Wrangler,SE,SUV,automatic,1j4fa29165p362048,Nevada,26.0,98135.0,blue,beige,prestige chrysler jeep dodge,8425.0,9500.0,Fri Dec 19 2014 11:45:00 GMT-0800 (PST)
2005,land rover,lr3,v8,,automatic,salaa254x5a307470,Texas,2.0,118985.0,black,black,randall ray motor company,7350.0,7000.0,Wed Dec 31 2014 10:00:00 GMT-0800 (PST)
2005,land rover,lr3,v6 se,,automatic,salad24435a339895,Florida,23.0,104976.0,green,beige,priscilla & kids wholesalers inc,5500.0,4000.0,Thu Dec 18 2014 11:20:00 GMT-0800 (PST)
2005,mazda,tribute,4wd s,,automatic,4f2yz96105km42334,North Carolina,38.0,101425.0,white,black,crossroads infiniti south inc,4850.0,6800.0,Mon Dec 22 2014 09:00:00 GMT-0800 (PST)
2005,mercedes-benz,C-Class,C320 Luxury 4MATIC,Sedan,other,wdbrf84j55f579626,North Carolina,19.0,63755.0,black,black,myrddin fleet services,6825.0,5600.0,Tue Jan 06 2015 01:15:00 GMT-0800 (PST)
2005,mazda,Mazda3,SP23 Special Edition,Sedan,manual,jm1bk323651264868,Michigan,,137998.0,gray,black,george matick chevrolet inc,2425.0,2400.0,Thu Dec 18 2014 09:30:00 GMT-0800 (PST)
2005,mazda,Mazda6,s Sport,Sedan,manual,1yvhp80d655m04120,Georgia,37.0,85138.0,silver,gray,global imports,3800.0,4800.0,Thu Dec 18 2014 10:00:00 GMT-0800 (PST)
2005,mazda,Tribute,s,SUV,automatic,4f2yz04145km56901,Texas,,145291.0,silver,gray,jack county auto sales inc,3250.0,2300.0,Thu Dec 18 2014 11:00:00 GMT-0800 (PST)
2005,Lincoln,Town Car,Signature,Sedan,automatic,1lnhm81w35y636909,Florida,,377766.0,black,black,florida fine cars inc,1950.0,1800.0,Fri Dec 19 2014 09:30:00 GMT-0800 (PST)
2014,infiniti,Q60 Coupe,Journey,Q60 Coupe,automatic,jn1cv6ek2em112300,Tennessee,5.0,14029.0,gray,gray,nissan north america inc.,27700.0,27400.0,Thu Jan 29 2015 02:00:00 GMT-0800 (PST)
2014,infiniti,Q50,Sport,Sedan,automatic,jn1bv7ap9em670471,Tennessee,49.0,1485.0,gray,black,nissan north america inc.,36100.0,35800.0,Thu Dec 18 2014 10:00:00 GMT-0800 (PST)
2014,jeep,Cherokee,Limited,SUV,automatic,1c4pjmdsxew222693,Virginia,4.0,7200.0,blue,â,chrysler group llc,28300.0,27000.0,Thu Dec 18 2014 08:45:00 GMT-0800 (PST)
2014,infiniti,Q70,Base,Sedan,automatic,jn1by1ap8em260054,Tennessee,44.0,11771.0,white,beige,nissan north america inc.,38700.0,39000.0,Thu Dec 18 2014 10:00:00 GMT-0800 (PST)
2014,jeep,Cherokee,Trailhawk,SUV,automatic,1c4pjmbs1ew284969,Missouri,5.0,22698.0,white,black,kc landsmen ars,27300.0,27700.0,Wed Jan 14 2015 02:00:00 GMT-0800 (PST)
2014,infiniti,QX50,Journey,SUV,automatic,jn1bj0hp6em210225,Tennessee,49.0,11931.0,unknown,tan,nissan north america inc.,30900.0,28600.0,Thu Dec 18 2014 10:00:00 GMT-0800 (PST)
2014,infiniti,Q60 Coupe,Base,Q60 Coupe,automatic,jn1cv6el1em131140,Tennessee,48.0,23749.0,black,black,nissan north america inc.,29000.0,28600.0,Thu Dec 18 2014 10:00:00 GMT-0800 (PST)
2005,nissan,Altima,3.5 SE-R,Sedan,automatic,1n4bl11e75c319357,Texas,,119829.0,red,black,sunland park chrysler dodge jeep ram,3625.0,4600.0,Thu Dec 18 2014 12:00:00 GMT-0800 (PST)
2005,mercury,Mountaineer,Luxury,SUV,automatic,4m2zu66k85uj03863,Nebraska,,139378.0,white,tan,plaza buick gmc inc,3125.0,2400.0,Thu Dec 18 2014 11:00:00 GMT-0800 (PST)
2005,mercury,Montego,Luxury,Sedan,other,1mefm40115g611098,Pennsylvania,,72991.0,gray,â,luxury fleet serv inc,3950.0,3900.0,Fri Dec 19 2014 09:00:00 GMT-0800 (PST)
2005,mitsubishi,Endeavor,Limited,SUV,automatic,4a4mn41s65e030147,Illinois,,95340.0,silver,â,b & m auto sales inc,6175.0,6300.0,Thu Dec 18 2014 10:00:00 GMT-0800 (PST)
2005,mitsubishi,Galant,GTS V6,Sedan,automatic,4a3ab76s55e023846,Virginia,19.0,120251.0,blue,gray,pohanka acura,3000.0,2600.0,Thu Dec 18 2014 09:50:00 GMT-0800 (PST)
2005,mercedes-benz,S-Class,S500 4MATIC,Sedan,automatic,wdbng84j75a452529,Wisconsin,,113193.0,gray,gray,robert preussler motors llc,8650.0,7500.0,Wed Dec 17 2014 10:00:00 GMT-0800 (PST)
2005,nissan,Pathfinder,XE,SUV,other,5n1ar18w55c767594,Virginia,,126938.0,black,â,sheehy nissan of manassas,5175.0,5000.0,Thu Dec 18 2014 09:20:00 GMT-0800 (PST)
2005,pontiac,Sunfire,Base,Coupe,automatic,3g2jb12f45s100533,South Carolina,,87426.0,blue,gray,dab auto world & leasing,2000.0,1550.0,Thu Dec 18 2014 10:00:00 GMT-0800 (PST)
2005,pontiac,Bonneville,GXP,Sedan,automatic,1g2hz54y45u110902,Missouri,,119291.0,burgundy,â,northland auto & marine inc,3350.0,3100.0,Wed Dec 17 2014 10:30:00 GMT-0800 (PST)
2005,nissan,x-trail,le,,other,jn8bt08v55w103214,unknown,2.0,132822.0,blue,gray,go auto outlet west,3650.0,4250.0,Thu Dec 18 2014 11:30:00 GMT-0800 (PST)
2005,nissan,Xterra,Off-Road,SUV,automatic,5n1an08u55c655317,Texas,,90536.0,black,â,cm investments,5250.0,6300.0,Mon Dec 22 2014 10:00:00 GMT-0800 (PST)
2005,pontiac,GTO,Base,Coupe,manual,6g2vx12u95l355561,Illinois,22.0,82942.0,blue,black,mercedes benz of chicago,9850.0,9500.0,Thu Dec 18 2014 10:00:00 GMT-0800 (PST)
2005,porsche,911,Turbo S,Coupe,manual,wp0ab29915s741247,Pennsylvania,19.0,44892.0,silver,black,union volkswagen,36000.0,30000.0,Thu Dec 18 2014 09:30:00 GMT-0800 (PST)
2005,nissan,Pathfinder,SE Off Road,SUV,other,5n1ar18u75c759334,Virginia,,135204.0,gray,â,c & g imports inc,5225.0,5400.0,Thu Dec 18 2014 09:50:00 GMT-0800 (PST)
2005,scion,xA,Base,Hatchback,automatic,jtkkt624550119021,Florida,,109288.0,silver,black,earl stewart toyota of north palm beach,3575.0,3200.0,Thu Dec 18 2014 09:15:00 GMT-0800 (PST)
2005,saturn,L300,Base,Sedan,automatic,1g8jd54r25y500985,Florida,,74508.0,blue,gray,p c motors llc,2250.0,4000.0,Wed Dec 17 2014 15:35:00 GMT-0800 (PST)
2005,subaru,Baja,Sport,Crew Cab,manual,4s4bt62c356107439,Pennsylvania,23.0,170085.0,red,black,criswell isuzu trucks,5550.0,3900.0,Fri Dec 19 2014 09:30:00 GMT-0800 (PST)
2005,saab,9-5,Arc 2.3T,Sedan,automatic,ys3ed49a753501477,New Jersey,,81436.0,blue,â,ridesmart auto llc,2900.0,2500.0,Wed Dec 17 2014 09:30:00 GMT-0800 (PST)
2005,subaru,Legacy,2.5 GT,Sedan,automatic,4s3bl686654208587,Florida,24.0,121778.0,blue,black,nicholas financial inc/clearwater,4725.0,5000.0,Thu Dec 18 2014 15:01:00 GMT-0800 (PST)
2005,saab,9-2X,Aero,Wagon,automatic,jf4gg22625h050858,New York,,144131.0,black,gray,carriage traders,3400.0,3100.0,Thu Dec 18 2014 09:30:00 GMT-0800 (PST)
2005,subaru,forester,awd xt,,manual,jf1sg69605g713080,Florida,29.0,81467.0,black,black,autonation honda clearwater,8900.0,7000.0,Tue Dec 30 2014 09:15:00 GMT-0800 (PST)
2005,saturn,Relay,2,Minivan,automatic,5gzdv03l45d164178,Florida,,128269.0,green,gray,crown honda,2050.0,2100.0,Thu Dec 18 2014 16:50:00 GMT-0800 (PST)
2005,subaru,forester,awd x w/prem,,automatic,jf1sg65635h732724,Georgia,29.0,93183.0,black,tan,tdaf remarketing,5525.0,5100.0,Thu Dec 18 2014 10:00:00 GMT-0800 (PST)
2005,saturn,ION,1,Sedan,automatic,1g8ag52f15z124936,Texas,,118213.0,silver,gray,discount motors,2275.0,650.0,Thu Dec 18 2014 14:00:00 GMT-0800 (PST)
2005,suzuki,Aerio,SX,Wagon,other,js2rc61h855302643,Puerto Rico,21.0,105504.0,beige,black,select remarketing group llc/anderson financial,1900.0,600.0,Thu Dec 18 2014 12:00:00 GMT-0800 (PST)
2005,Volkswagen,Jetta,GLI 1.8T,Sedan,automatic,3vwse69m55m018854,California,,78016.0,black,black,visalia kia,4725.0,5200.0,Thu Dec 18 2014 13:00:00 GMT-0800 (PST)
2005,Volkswagen,Jetta,GL PZEV,Sedan,automatic,3vwra69m25m066127,New York,,82049.0,beige,gray,carriage traders,2825.0,3400.0,Thu Dec 18 2014 09:30:00 GMT-0800 (PST)
2005,Volkswagen,Passat,GLS TDI,Sedan,automatic,wvwae63b15e068565,Wisconsin,,171442.0,black,gray,autosource motors inc,2150.0,2500.0,Wed Dec 17 2014 10:00:00 GMT-0800 (PST)
2005,Volkswagen,Jetta,GLS PZEV,Sedan,automatic,3vwsa69m95m066661,New York,,96073.0,black,black,severino auto sales inc,2800.0,3050.0,Thu Dec 18 2014 09:30:00 GMT-0800 (PST)
2004,audi,A6,3.0 Avant quattro,Wagon,automatic,wauvt64bx4n008849,New York,,117120.0,black,â,curry hyundai subaru,2700.0,1800.0,Wed Dec 17 2014 09:30:00 GMT-0800 (PST)
2004,acura,el,premium,,other,2hhes36804h003039,unknown,,217418.0,white,â,g b services,2350.0,2500.0,Thu Dec 18 2014 18:30:00 GMT-0800 (PST)
2004,audi,A6,3.0 quattro,Sedan,automatic,wault64b64n048580,Wisconsin,32.0,111298.0,blue,gray,toyota financial services,3150.0,600.0,Wed Jan 07 2015 09:00:00 GMT-0800 (PST)
2004,buick,rainier,4x2 6c cxl,,automatic,5gads13s942263498,Florida,,125562.0,burgundy,tan,clearwater toyota,2850.0,3100.0,Thu Dec 18 2014 09:45:00 GMT-0800 (PST)
2004,bmw,X5,4.8is,SUV,automatic,5uxfa93544le81556,Colorado,27.0,102326.0,red,black,jpmorgan chase bank n.a.,10250.0,7500.0,Wed Dec 17 2014 11:45:00 GMT-0800 (PST)
2004,chevrolet,Colorado,Z71 LS,Crew Cab,other,1gcdt136848144238,New York,,1.0,green,â,stephens chrysler jeep dodge ram of bennington,10750.0,2800.0,Thu Dec 18 2014 09:45:00 GMT-0800 (PST)
2004,chevrolet,Silverado 2500,LT,Crew Cab,automatic,1gcgk23u14f145568,New Jersey,28.0,200133.0,gray,black,aunlimited inc,8125.0,7050.0,Wed Jan 07 2015 09:30:00 GMT-0800 (PST)
2004,chevrolet,Colorado,Z71,Extended Cab,automatic,1gcds196548118285,North Carolina,,131329.0,beige,beige,classic ford sales inc,5575.0,6400.0,Mon Dec 22 2014 09:00:00 GMT-0800 (PST)
2004,chevrolet,Astro,Base,Minivan,automatic,1gndm19x04b114867,Minnesota,,149101.0,gray,gray,j t auto inc,1800.0,2000.0,Thu Dec 18 2014 10:45:00 GMT-0800 (PST)
2004,chevrolet,Blazer,Xtreme,SUV,automatic,1gncs18x14k100804,Florida,35.0,156286.0,red,black,coggin chevrolet at the avenues,1475.0,2600.0,Thu Dec 18 2014 13:00:00 GMT-0800 (PST)
2004,chevrolet,Suburban,2500 LS,SUV,automatic,3gngk26ux4g177484,Nevada,,161460.0,white,â,autofinders inc,4775.0,6000.0,Thu Dec 18 2014 12:00:00 GMT-0800 (PST)
2004,chrysler,pacifica,fwd,,automatic,2c8gm68424r627922,North Carolina,2.0,152291.0,blue,tan,primeritus remarketing/dai,2425.0,2400.0,Mon Dec 22 2014 09:30:00 GMT-0800 (PST)
2004,chrysler,pacifica,awd,,automatic,2c8gf684x4r638113,Florida,24.0,211336.0,gray,â,courtesy toyota of brandon,1050.0,1100.0,Thu Dec 18 2014 16:20:00 GMT-0800 (PST)
2004,chrysler,sebring,v6 lxi,,automatic,1c3el56t54n189298,Louisiana,,160887.0,white,â,moss motors,375.0,1500.0,Thu Dec 18 2014 11:00:00 GMT-0800 (PST)
2004,chrysler,Sebring,GTC,Convertible,automatic,1c3el75r44n357496,New York,19.0,116694.0,silver,gray,credit acceptance corp/vrs/southfield,1250.0,400.0,Thu Dec 18 2014 12:45:00 GMT-0800 (PST)
2004,chrysler,sebring,v6,,automatic,1c3el46r14n324405,Maryland,,160365.0,white,â,deemiracle auto group llc,400.0,275.0,Tue Dec 23 2014 09:30:00 GMT-0800 (PST)
2004,chrysler,Concorde,Limited,Sedan,automatic,2c3hd56g74h653908,North Carolina,19.0,162161.0,silver,black,primeritus remarketing/hjas,650.0,500.0,Mon Dec 22 2014 09:30:00 GMT-0800 (PST)
2004,Dodge,Dakota,Base,Club Cab,automatic,1d7hg12k64s500781,New York,,185549.0,blue,â,danbury auto group inc,1400.0,2300.0,Wed Dec 17 2014 09:00:00 GMT-0800 (PST)
2004,chevrolet,Tracker,Base,SUV,other,2cnbj134046903025,Maryland,19.0,58748.0,blue,â,tuttle's auto sales llc,2975.0,2500.0,Tue Jan 20 2015 01:30:00 GMT-0800 (PST)
2004,chrysler,pacifica,awd 2004.5,,automatic,2c8gf68464r597348,Nevada,3.0,108231.0,green,beige,united finance co/portland,2875.0,3500.0,Thu Dec 18 2014 12:00:00 GMT-0800 (PST)
2004,Dodge,Intrepid,SE,Sedan,automatic,2b3hd46r44h625069,Louisiana,2.0,135593.0,gray,black,allied cash advance,750.0,300.0,Wed Dec 31 2014 11:00:00 GMT-0800 (PST)
2004,Ford,escape,4x4 v6 xlt,,automatic,1fmyu93124ka45012,Illinois,,127331.0,silver,â,mcgrath acura of downtown chicago,2650.0,3500.0,Thu Dec 18 2014 10:00:00 GMT-0800 (PST)
2004,Dodge,intrepid,se,,automatic,2b3hd46v34h583202,Wisconsin,1.0,108675.0,white,black,axcess financial,1000.0,500.0,Wed Jan 07 2015 10:30:00 GMT-0800 (PST)
2004,Dodge,stratus,v6 es,,automatic,1b3el56t94n313506,Arizona,,116659.0,black,black,jars capital llc,1275.0,2450.0,Thu Dec 18 2014 11:00:00 GMT-0800 (PST)
2004,Dodge,Stratus,R/T,Coupe,automatic,4b3ag52h04e132376,Illinois,,136355.0,blue,â,precision motors inc,1125.0,2100.0,Thu Dec 18 2014 10:00:00 GMT-0800 (PST)
2004,Dodge,stratus,v6 se,,other,1b3el36t24n157975,Illinois,,107441.0,red,â,ray chevrolet inc,1625.0,1050.0,Thu Dec 18 2014 14:00:00 GMT-0800 (PST)
2004,Dodge,stratus,se,,automatic,1b3el36t34n160027,New York,,126745.0,silver,gray,fuccillo nissan of latham,1425.0,300.0,Thu Dec 18 2014 09:15:00 GMT-0800 (PST)
2004,Ford,Crown Victoria,LX,Sedan,automatic,2fafp74w84x184386,Florida,,164562.0,black,tan,crown nissan,1350.0,700.0,Thu Dec 18 2014 16:50:00 GMT-0800 (PST)
2004,Ford,F-150 Heritage,XL,Regular Cab,other,2ftrf17284ca18473,Pennsylvania,,47627.0,white,gray,family car buyers,5400.0,1300.0,Fri Dec 19 2014 08:32:00 GMT-0800 (PST)
2004,Ford,f250,4x2 rg xl,,other,1fdnf20l64ed99236,Texas,3.0,204380.0,white,gray,flexco fleet services,1750.0,2000.0,Wed Dec 17 2014 10:20:00 GMT-0800 (PST)
2004,Ford,expedit,4x2 v8 xlt,,automatic,1fmfu15l44la68406,Nevada,,161897.0,black,â,jim marsh mitsubishi suzuki kia,3350.0,2900.0,Thu Dec 18 2014 11:45:00 GMT-0800 (PST)
2004,Ford,Explorer,XLS Sport,SUV,automatic,1fmzu62k94uc16971,Georgia,,204707.0,red,gray,motormax automotive inc,1200.0,650.0,Thu Dec 18 2014 10:00:00 GMT-0800 (PST)
2004,Ford,explorer,4x4 v6,,automatic,1fmzu73e14zb30667,New York,,133521.0,beige,tan,trident motorcar,2150.0,3150.0,Thu Dec 18 2014 09:30:00 GMT-0800 (PST)
2004,Ford,Expedition,XLT Sport,SUV,automatic,1fmru15w64la97641,South Carolina,,174851.0,white,gray,c & b auto sales inc,2850.0,3650.0,Thu Dec 18 2014 10:15:00 GMT-0800 (PST)
2004,Ford,F-150 Heritage,XLT,SuperCab,automatic,2ftrx17w84ca39839,Texas,19.0,223620.0,green,tan,dt inventory,2700.0,600.0,Tue Dec 30 2014 10:30:00 GMT-0800 (PST)
2014,jeep,Patriot,Latitude,SUV,other,1c4njrfb9ed760217,Virginia,4.0,19682.0,blue,black,hertz corporation/gdp,17050.0,16600.0,Thu Dec 18 2014 08:45:00 GMT-0800 (PST)
2014,jeep,Grand Cherokee,Summit,SUV,automatic,1c4rjfjt1ec368113,Virginia,4.0,38586.0,red,black,chrysler group llc,35800.0,37000.0,Thu Dec 18 2014 08:45:00 GMT-0800 (PST)
2004,Ford,Ranger,Edge,SuperCab,other,1ftyr44u54pb34884,Arizona,,106185.0,black,â,chapman ford llc,5050.0,5100.0,Thu Dec 18 2014 11:00:00 GMT-0800 (PST)
2004,Ford,Ranger,Tremor,SuperCab,automatic,1ftzr45e14pa75036,New York,,88064.0,blue,gray,new deal used cars,6975.0,6500.0,Thu Dec 18 2014 09:30:00 GMT-0800 (PST)
2004,Ford,Focus,ZTS,Sedan,automatic,1fafp38z84w134029,Texas,,115567.0,silver,gray,momentum motors,1725.0,1800.0,Thu Dec 18 2014 11:00:00 GMT-0800 (PST)
2004,gmc,Envoy XUV,SLT,SUV,automatic,1gket12s646158545,New York,,158388.0,gray,â,victory auto sales inc,3500.0,2800.0,Wed Dec 17 2014 09:30:00 GMT-0800 (PST)
2004,Ford,Mustang,Mach 1 Premium,Coupe,automatic,1fafp42r74f149605,Arizona,19.0,53946.0,white,black,california republic bank,10350.0,7700.0,Thu Dec 18 2014 11:00:00 GMT-0800 (PST)
2004,Ford,Thunderbird,Deluxe,Convertible,automatic,1fahp60a04y104477,Texas,19.0,113324.0,unknown,black,tdaf remarketing,7200.0,7000.0,Wed Dec 31 2014 10:00:00 GMT-0800 (PST)
2004,gmc,Canyon,Z71 SLE,Crew Cab,other,1gtdt136948218945,New York,,1.0,blue,â,stephens chrysler jeep dodge ram of bennington,9325.0,3000.0,Thu Dec 18 2014 09:45:00 GMT-0800 (PST)
2004,Ford,Focus,SVT,Hatchback,manual,3fahp30524r102519,Michigan,19.0,104603.0,silver,black,jeffs motorcars inc,3325.0,1850.0,Thu Mar 05 2015 01:30:00 GMT-0800 (PST)
2004,honda,Accord,DX,Sedan,automatic,1hgcm56114a071336,Georgia,2.0,175745.0,silver,â,automobile acceptance corp,3500.0,4000.0,Thu Dec 18 2014 10:00:00 GMT-0800 (PST)
2004,Ford,Mustang,SVT Cobra,Coupe,manual,1fafp48y24f200278,Florida,,58054.0,black,gray,k d kelley auto sales,16500.0,17400.0,Thu Dec 18 2014 09:45:00 GMT-0800 (PST)
2004,Ford,Focus,ZTW,Wagon,automatic,1fahp35z84w132701,Texas,,103740.0,red,brown,cypress finance company  inc.,1800.0,1700.0,Thu Dec 18 2014 12:00:00 GMT-0800 (PST)
2004,hyundai,Santa Fe,Base,SUV,other,km8sb12b74u711440,Virginia,,136257.0,red,â,olas motor incorporation,1725.0,2200.0,Thu Dec 18 2014 09:35:00 GMT-0800 (PST)
2004,honda,accord,ex v-6,sedan,automatic,1hgcm66894a000405,North Carolina,19.0,140775.0,silver,black,fleet lease remarketing,4700.0,5400.0,Mon Feb 09 2015 01:30:00 GMT-0800 (PST)
2004,hyundai,santa,fe fwd v6 gl,,other,km8sb13dx4u712212,unknown,,280993.0,silver,â,leggat chevrolet cadillac buick gmc ltd,325.0,1200.0,Thu Dec 18 2014 18:30:00 GMT-0800 (PST)
2004,honda,civic,si,,other,2hges158x4h914375,unknown,,180946.0,gray,â,brampton mitsubishi,2400.0,1000.0,Thu Dec 18 2014 18:30:00 GMT-0800 (PST)
2004,hyundai tk,santa,fe,,other,km8sb13d84u598534,unknown,,131532.0,black,â,i motor,1875.0,2100.0,Thu Dec 18 2014 18:30:00 GMT-0800 (PST)
2004,hyundai,Sonata,V6,Sedan,automatic,kmhwf25h34a931560,Florida,,137048.0,gray,black,kuhn honda,1800.0,2900.0,Thu Dec 18 2014 16:10:00 GMT-0800 (PST)
2004,jaguar,X-Type,3,Sedan,automatic,sajea51c74we04963,Texas,24.0,220037.0,black,black,pra receivables management llc,750.0,800.0,Wed Feb 04 2015 02:05:00 GMT-0800 (PST)
2004,isuzu,Ascender,S 5-Passenger,SUV,automatic,4nuds13s742100903,Virginia,2.0,240327.0,brown,tan,purple heart,975.0,350.0,Thu Dec 18 2014 11:50:00 GMT-0800 (PST)
2004,Lincoln,Aviator,Ultimate,SUV,automatic,5lmeu88h54zj39621,Florida,,90153.0,white,gray,west palm beach kia,3950.0,3000.0,Thu Dec 18 2014 09:15:00 GMT-0800 (PST)
2004,land rover,discovery,se,,automatic,salty19414a867787,Michigan,23.0,164597.0,green,tan,erhard bmw of farmington hills,2275.0,3050.0,Thu Dec 18 2014 09:30:00 GMT-0800 (PST)
2004,kia,Spectra,Base,Sedan,automatic,knafb121045314334,Texas,,129204.0,red,â,brown chevrolet co inc,925.0,400.0,Wed Dec 17 2014 10:00:00 GMT-0800 (PST)
2004,land rover,discovery,s,,automatic,saltl19444a840002,Pennsylvania,,100540.0,silver,â,exclusive auto sales & service llc,2775.0,1100.0,Fri Dec 19 2014 09:00:00 GMT-0800 (PST)
2004,mazda,3,i,Sedan,automatic,jm1bk32f941178432,New York,,1.0,silver,gray,tryba auto sales,4125.0,500.0,Thu Dec 18 2014 12:45:00 GMT-0800 (PST)
2004,land rover,Freelander,SE,SUV,automatic,salny22264a415129,Pennsylvania,2.0,88927.0,gold,brown,five points auto group inc,1450.0,1900.0,Wed Dec 17 2014 12:00:00 GMT-0800 (PST)
2004,mitsubishi,Lancer,LS,Sedan,automatic,ja3aj36ex4u026611,Puerto Rico,23.0,180728.0,blue,beige,pr auto loans llc,975.0,2500.0,Thu Dec 18 2014 11:00:00 GMT-0800 (PST)
2004,mercury,Monterey,Convenience,Minivan,automatic,2mrza20244bj20175,New York,,121844.0,beige,tan,gable dodge chrysler jeep inc,1650.0,1400.0,Thu Dec 18 2014 09:45:00 GMT-0800 (PST)
2004,mercedes-benz,C-Class,C240 4MATIC,Sedan,automatic,wdbrf81j84f456390,New Jersey,,119768.0,red,â,mcdonald direct inc,4075.0,2600.0,Wed Dec 31 2014 09:30:00 GMT-0800 (PST)
2004,nissan,350z,touring,,automatic,jn1az34e54t060915,Tennessee,2.0,151156.0,unknown,black,wells fargo dealer services,4100.0,2600.0,Tue Dec 23 2014 10:00:00 GMT-0800 (PST)
2004,mercedes-benz,SL-Class,SL600,Convertible,automatic,wdbsk76fx4f065415,Florida,28.0,59226.0,black,black,mercedes benz of tampa,18250.0,18100.0,Thu Jan 08 2015 16:30:00 GMT-0800 (PST)
2004,mitsubishi,Eclipse,GTS,Hatchback,manual,4a3ac74h04e051363,Michigan,2.0,105409.0,silver,black,remarketing by ge/michigan schools & govt cu,2325.0,2325.0,Thu Jan 15 2015 09:30:00 GMT-0800 (PST)
2004,mercury,Grand Marquis,LS Ultimate,Sedan,automatic,2mefm75w44x640996,North Carolina,28.0,142010.0,silver,silver,crossroads ford lincoln of southern pines inc,2075.0,2800.0,Mon Dec 22 2014 09:00:00 GMT-0800 (PST)
2004,pontiac,Grand Am,GT,Sedan,automatic,1g2nw52e74m617554,New Jersey,23.0,124752.0,silver,black,holman infiniti,2275.0,1500.0,Wed Jan 14 2015 01:30:00 GMT-0800 (PST)
2004,pontiac,Bonneville,SLE,Sedan,automatic,1g2hy52k44u213513,New York,2.0,135710.0,white,tan,j zap llc,2225.0,1850.0,Thu Dec 18 2014 09:45:00 GMT-0800 (PST)
2004,nissan,Armada,SE Off-Road,SUV,other,5n1aa08bx4n743504,Pennsylvania,,1.0,unknown,,pohanka lexus,8825.0,600.0,Fri Dec 19 2014 09:00:00 GMT-0800 (PST)
2004,suzuki,Verona,LX,Sedan,automatic,kl5vj52l34b113674,Georgia,,121352.0,blue,gray,sherold salmon motor co inc,600.0,1500.0,Thu Dec 18 2014 10:00:00 GMT-0800 (PST)
2004,toyota,4Runner,Sport Edition,SUV,automatic,jtebu14r848022973,Florida,,174154.0,black,gray,gettel hyundai,5900.0,5800.0,Thu Dec 18 2014 16:10:00 GMT-0800 (PST)
2004,saturn,ION,Red Line,Coupe,manual,1g8ay12px4z208539,New Jersey,27.0,78209.0,silver,black,lester glenn buick,2350.0,3600.0,Wed Dec 31 2014 09:30:00 GMT-0800 (PST)
2004,suzuki,Verona,EX,Sedan,automatic,kl5vm52l44b113528,Florida,,114145.0,blue,gray,big dady cars inc,1225.0,1800.0,Wed Dec 17 2014 09:35:00 GMT-0800 (PST)
2004,saturn,L300,2,Sedan,other,1g8jd54r74y506392,Minnesota,,126082.0,black,â,luther hudson chevrolet gmc,1475.0,2250.0,Wed Dec 17 2014 10:30:00 GMT-0800 (PST)
2004,pontiac,Montana,Base,Minivan,other,1gmdx03e04d151841,Texas,,153317.0,white,â,titlemax/lake worth tx 1,1700.0,500.0,Tue Dec 23 2014 00:00:00 GMT-0800 (PST)
2004,pontiac,Grand Prix,GT2,Sedan,automatic,2g2ws522441373945,Georgia,,101558.0,gray,beige,motormax automotive inc,3750.0,5500.0,Thu Dec 18 2014 10:00:00 GMT-0800 (PST)
2004,subaru,Outback,H6-3.0 L.L. Bean Edition,Wagon,automatic,4s3bh806847608768,Virginia,37.0,126865.0,green,gray,lance adams auto sales llc,5100.0,5800.0,Thu Dec 18 2014 09:35:00 GMT-0800 (PST)
2004,suzuki,XL-7,EX,SUV,automatic,js3tx92v044104705,North Carolina,22.0,206815.0,beige,tan,primeritus remarketing/dai,1150.0,2100.0,Mon Dec 22 2014 09:30:00 GMT-0800 (PST)
2004,porsche,Cayenne,Tiptronic,SUV,other,wp1aa29p14la23612,Washington,,122036.0,green,â,prudent autodeals inc,5850.0,3600.0,Wed Dec 17 2014 12:30:00 GMT-0800 (PST)
2004,toyota,Camry Solara,SLE,Convertible,automatic,4t1fa38px4u033219,Arizona,,131900.0,black,beige,coulter nissan,3550.0,5000.0,Thu Dec 18 2014 11:00:00 GMT-0800 (PST)
2004,saturn,L300,1,Sedan,automatic,1g8jc54f04y512463,New York,2.0,129593.0,blue,gray,danbury auto group inc,1700.0,300.0,Wed Jan 21 2015 01:00:00 GMT-0800 (PST)
2004,saturn,L300,3,Wagon,other,1g8jl84r84y509614,Virginia,37.0,117492.0,gold,tan,lance adams auto sales llc,1925.0,3500.0,Thu Dec 18 2014 09:35:00 GMT-0800 (PST)
2004,suzuki,Forenza,EX,Sedan,automatic,kl5jj52z54k043811,Florida,,111931.0,red,gray,jim browne chevrolet inc,950.0,1100.0,Thu Dec 18 2014 09:50:00 GMT-0800 (PST)
2004,subaru,Outback,H6-3.0 VDC,Sedan,automatic,4s3be896447200246,New York,,150587.0,red,tan,goldstein subaru,3100.0,2300.0,Thu Dec 18 2014 09:30:00 GMT-0800 (PST)
2004,Volkswagen,Golf,GL,Hatchback,manual,9bwbl61j044008307,California,,157126.0,gray,â,ontario volkswagen,925.0,1300.0,Thu Dec 18 2014 12:00:00 GMT-0800 (PST)
2004,Volkswagen,Passat,GL 1.8T,Sedan,automatic,wvwmd63b94p323952,New York,,91944.0,gray,â,danbury auto group inc,2650.0,2500.0,Wed Dec 17 2014 09:00:00 GMT-0800 (PST)
2004,Volkswagen,Jetta,GLI VR6,Sedan,manual,3vwvh69m24m016207,North Carolina,23.0,105429.0,gray,black,meridian remarketing,2875.0,1800.0,Tue Jan 13 2015 09:15:00 GMT-0800 (PST)
2004,toyota,MR2 Spyder,Base,Convertible,automatic,jtdfr320040066715,Virginia,28.0,80460.0,silver,silver,sheehy infiniti of annapolis,7850.0,6200.0,Thu Dec 18 2014 09:20:00 GMT-0800 (PST)
2004,volvo,C70,HPT,Convertible,automatic,yv1nc62d34j060073,Georgia,19.0,22975.0,blue,gray,jaguar porsche volvo of greenville,5425.0,4500.0,Tue Dec 23 2014 13:00:00 GMT-0800 (PST)
2004,toyota,Matrix,XRS,Wagon,automatic,2t1ky38e14c233030,Virginia,27.0,124325.0,red,black,mcmb financial,2825.0,4100.0,Thu Dec 18 2014 09:20:00 GMT-0800 (PST)
2004,volvo,S60,R,Sedan,automatic,yv1rh52y642412721,Wisconsin,,158582.0,black,orange,porcaro mitsubishi,3300.0,3100.0,Wed Dec 17 2014 10:00:00 GMT-0800 (PST)
2003,acura,TL,3.2 Type-S,Sedan,automatic,19uua56993a043396,Arizona,,148157.0,black,beige,yates buick gmc inc,3025.0,3050.0,Thu Dec 18 2014 11:00:00 GMT-0800 (PST)
2004,volvo,S80,2.5T,Sedan,automatic,yv1th59h141366023,New Jersey,24.0,114763.0,black,gray,ht automotive llc,3000.0,1550.0,Wed Jan 28 2015 02:00:00 GMT-0800 (PST)
2003,audi,RS 6,quattro,Sedan,automatic,wuapv54b03n905387,Wisconsin,,108302.0,gray,gray,honda city,12950.0,11200.0,Wed Dec 17 2014 10:00:00 GMT-0800 (PST)
2003,bmw,X5,4.6is,SUV,automatic,5uxfb93513ln80859,New Jersey,,106348.0,unknown,,vantastic autos llc,7875.0,7100.0,Wed Dec 17 2014 09:30:00 GMT-0800 (PST)
2003,chevrolet,1500,sub 4x2 v8,,automatic,1gnec16tx3j121726,California,,146044.0,red,â,california fleet inc,2500.0,3400.0,Thu Dec 18 2014 12:00:00 GMT-0800 (PST)
2003,buick,Regal,GS,Sedan,automatic,2g4wf521531214241,South Carolina,,135668.0,unknown,gray,pra receivables management llc,2200.0,500.0,Thu Dec 18 2014 11:00:00 GMT-0800 (PST)
2014,kia,Optima,LX Hybrid,Sedan,automatic,knagm4ad4e5067140,Wisconsin,48.0,4319.0,black,black,kia motors america  inc,17600.0,16900.0,Wed Feb 18 2015 02:00:00 GMT-0800 (PST)
2003,chevrolet,Tracker,ZR2,SUV,automatic,2cnbj734036929495,Arizona,28.0,50425.0,green,â,wells fargo dealer services,3700.0,4100.0,Thu Dec 18 2014 11:00:00 GMT-0800 (PST)
2003,chevrolet,Venture,LT,Minivan,automatic,1gndx03e83d204277,Michigan,19.0,129002.0,blue,gray,credit acceptance corp/vrs/southfield,1000.0,700.0,Thu Jan 08 2015 09:30:00 GMT-0800 (PST)
2003,chevrolet,S-10,Base,Regular Cab,automatic,1gccs14h638109436,Washington,,96687.0,blue,black,younker nissan,2775.0,2100.0,Wed Dec 17 2014 12:30:00 GMT-0800 (PST)
2003,chevrolet,Venture,Base,Minivan,automatic,1gndx03e83d196021,Wisconsin,,143577.0,blue,gray,braeger chevrolet,1025.0,575.0,Wed Dec 17 2014 10:00:00 GMT-0800 (PST)
2003,chevrolet,Tracker,LT,SUV,other,2cnbj634236941996,Michigan,25.0,121811.0,red,gray,santander consumer,1775.0,2200.0,Thu Dec 18 2014 09:30:00 GMT-0800 (PST)
2003,chrysler,town,& coun fwd lx,,automatic,2c4gp443x3r116287,Virginia,19.0,137952.0,silver,gray,dt credit corporation,1400.0,1000.0,Thu Dec 18 2014 08:50:00 GMT-0800 (PST)
2003,Dodge,grand,carav fwd se,,automatic,2d4gp24363r227362,Nevada,2.0,98148.0,white,â,titlemax/las vegas nv21,2250.0,1900.0,Thu Dec 18 2014 11:00:00 GMT-0800 (PST)
2003,chrysler,voyager,v6 lx,,automatic,1c4gj45363b213646,New York,,192957.0,silver,gray,destination nissan,1000.0,350.0,Thu Dec 18 2014 09:45:00 GMT-0800 (PST)
2003,Dodge,grand,carav fwd sport,,other,2d4gp44323r276957,Ohio,1.0,249623.0,silver,gray,select remarketing group llc/loan max title,775.0,500.0,Tue Dec 23 2014 12:00:00 GMT-0800 (PST)
2003,chrysler,sebring,lx lx,,other,1c3el46r23n549401,unknown,,95912.0,green,brown,gyro hyundai,1525.0,1500.0,Thu Dec 18 2014 18:30:00 GMT-0800 (PST)
2003,Ford,escape,4x4 v6,,other,1fmyu92183ke05934,unknown,,177018.0,gray,gray,sell my car,875.0,700.0,Thu Dec 18 2014 18:30:00 GMT-0800 (PST)
2003,chrysler,Voyager,LX Value,Minivan,automatic,1c4gj25b23b112955,New York,,83448.0,blue,â,garceaus auto sales inc,2450.0,1250.0,Thu Dec 18 2014 09:30:00 GMT-0800 (PST)
2003,Ford,escape,4x4 v6 xlt pop 2,,automatic,1fmyu93143kb34739,North Carolina,,144272.0,blue,gray,capital nissan of wilmington,2325.0,2700.0,Fri Dec 19 2014 09:30:00 GMT-0800 (PST)
2003,Ford,Focus,LX,Sedan,other,1fafp33p33w144908,Florida,19.0,122954.0,black,gray,branford motor 1,1150.0,1000.0,Fri Jan 09 2015 09:50:00 GMT-0800 (PST)
2003,Ford,Focus,LX Premium,Sedan,automatic,1fafp33p33w204864,Florida,,117863.0,red,gray,arrigo dodge chrysler jeep ram ft pierce,1475.0,1300.0,Thu Dec 18 2014 09:00:00 GMT-0800 (PST)
2003,Ford,Escape,XLT Popular,SUV,automatic,1fmyu03173kb55337,North Carolina,2.0,232017.0,beige,tan,primeritus remarketing/hjas,1375.0,600.0,Mon Jan 26 2015 01:30:00 GMT-0800 (PST)
2003,Ford,Explorer,XLT Sport,SUV,automatic,1fmzu73k03ua36961,Michigan,4.0,161608.0,white,gray,remarketing by ge/monroe county community cu,1550.0,1600.0,Thu Feb 12 2015 01:30:00 GMT-0800 (PST)
2003,Ford,Explorer Sport,XLS,SUV,automatic,1fmyu60e63ub79871,Nevada,25.0,135951.0,black,gray,smart finance,1375.0,1300.0,Thu Dec 18 2014 12:00:00 GMT-0800 (PST)
2003,Ford,Expedition,XLT FX4,SUV,other,1fmpu16l73la78848,Virginia,26.0,151472.0,white,tan,dt credit corporation,2450.0,2000.0,Thu Dec 18 2014 08:50:00 GMT-0800 (PST)
2003,Ford,F-150,SVT Lightning,Regular Cab,other,2ftrf07393ca87108,New Jersey,41.0,75193.0,gray,gray,montclair auto sls grp llc,13600.0,12500.0,Wed Dec 31 2014 09:30:00 GMT-0800 (PST)
2003,Ford,Excursion,XLT Value,SUV,automatic,1fmnu40l23ec48281,New York,,220959.0,white,tan,stephens chrysler jeep dodge ram of bennington,1325.0,1850.0,Thu Dec 18 2014 09:45:00 GMT-0800 (PST)
2003,Ford,Windstar,Limited,Minivan,other,2fmda58443ba08944,New Jersey,1.0,127078.0,beige,beige,lester glenn buick,1825.0,300.0,Wed Feb 11 2015 04:00:00 GMT-0800 (PST)
2003,Ford,Windstar,SEL,Minivan,automatic,2fmda534x3bb77700,Pennsylvania,,102068.0,blue,â,shults ford inc,1925.0,1100.0,Wed Dec 17 2014 12:00:00 GMT-0800 (PST)
2003,Ford,Windstar,Base,Minivan,automatic,2fmza50453bb26048,Texas,,89866.0,blue,gray,trinity auto sales,1375.0,1400.0,Thu Dec 18 2014 12:00:00 GMT-0800 (PST)
2003,Ford,Windstar,SE,Minivan,automatic,2fmza52403bb50108,Florida,,248147.0,blue,gray,daytona toyota,350.0,1000.0,Wed Dec 17 2014 15:00:00 GMT-0800 (PST)
2003,jaguar,S-Type,R,Sedan,automatic,sajea03v931m53480,Minnesota,28.0,188192.0,black,black,remarketing by ge/westconsin credit union,225.0,2000.0,Thu Dec 18 2014 10:45:00 GMT-0800 (PST)
2003,isuzu,Axiom,S,SUV,automatic,4s2ce58x134603618,Texas,2.0,145173.0,red,â,united acceptance,1525.0,950.0,Thu Dec 18 2014 14:00:00 GMT-0800 (PST)
2003,Lincoln,Navigator,Premium,SUV,automatic,5lmfu28r93lj46714,Virginia,19.0,108915.0,black,black,manheim harrisonburg,3225.0,2700.0,Mon Dec 22 2014 09:30:00 GMT-0800 (PST)
2003,land rover,discovery,se7,,automatic,saltw16433a808765,North Carolina,2.0,91158.0,green,tan,triangle auto sales inc,2275.0,1600.0,Fri Jan 02 2015 09:30:00 GMT-0800 (PST)
2003,landrover,discovery,se,,automatic,salty16483a815611,Florida,,82934.0,gold,tan,kuhn honda,3625.0,2200.0,Thu Dec 18 2014 16:10:00 GMT-0800 (PST)
2003,kia,Optima,SE,Sedan,automatic,knagd128835220213,Minnesota,19.0,91672.0,blue,gray,santander consumer,1400.0,1700.0,Thu Dec 18 2014 10:45:00 GMT-0800 (PST)
2003,land rover,Freelander,S,SUV,automatic,salnm22263a279692,Pennsylvania,,82605.0,black,â,kelemen carrs,1050.0,1000.0,Fri Dec 19 2014 09:00:00 GMT-0800 (PST)
2003,mazda,Truck,B2300,Regular Cab,manual,4f4yr12d33tm16469,Pennsylvania,,77160.0,red,gray,west herr auto exchange inc,4025.0,2200.0,Wed Dec 17 2014 12:00:00 GMT-0800 (PST)
2003,kia,Spectra,GS,Hatchback,automatic,knafb161335119532,Puerto Rico,,152440.0,white,gray,select remarketing group llc/anderson financial,675.0,300.0,Thu Dec 18 2014 10:00:00 GMT-0800 (PST)
2003,mitsubishi,Lancer Evolution,Base,Sedan,manual,ja3ah86f83u112855,Missouri,2.0,111445.0,black,â,stream llc dba stream remarketing solutions,9875.0,10200.0,Tue Dec 23 2014 11:00:00 GMT-0800 (PST)
2003,mercedes-benz,C-Class,C320 4MATIC,Sedan,automatic,wdbrf84j53f370366,Pennsylvania,44.0,62200.0,silver,â,salerno duane infiniti llc,4925.0,6200.0,Fri Jan 30 2015 01:30:00 GMT-0800 (PST)
2003,mercedes,cl55,amg,,automatic,wdbpj74jx3a033155,Florida,,69315.0,silver,black,fuccillo kia of cape coral,13400.0,11800.0,Wed Dec 17 2014 16:00:00 GMT-0800 (PST)
2003,mitsubishi,Montero Sport,LS,SUV,automatic,ja4ls21h13j007054,Georgia,29.0,207170.0,silver,tan,nalley honda,475.0,800.0,Tue Dec 23 2014 13:00:00 GMT-0800 (PST)
2003,mitsubishi,Montero Sport,XLS,SUV,automatic,ja4ls31r83j038347,Arizona,28.0,205666.0,silver,gray,security financial,900.0,800.0,Thu Dec 18 2014 11:00:00 GMT-0800 (PST)
2003,Mercedes-Benz,sl55,amg,,automatic,wdbsk74f33f031267,Nevada,,80396.0,silver,â,honda west,18900.0,18500.0,Fri Dec 19 2014 11:45:00 GMT-0800 (PST)
2003,mitsubishi,Outlander,LS,SUV,automatic,ja4lx31g13u041881,Florida,19.0,322485.0,red,gray,coral springs honda,500.0,500.0,Thu Dec 18 2014 11:00:00 GMT-0800 (PST)
2003,mercedes-benz,C-Class,C320 Sport,Sedan,automatic,wdbrf64j23f297266,Florida,19.0,147761.0,black,gray,mercedes-benz finc wholesale advantage,2350.0,3000.0,Thu Dec 18 2014 09:30:00 GMT-0800 (PST)
2003,mercedes-benz,S-Class,S430 4MATIC,Sedan,other,wdbng83j53a311005,New Jersey,19.0,145918.0,silver,beige,all american ford inc,3875.0,2800.0,Wed Dec 31 2014 09:30:00 GMT-0800 (PST)
2003,mercedes-benz,CLK-Class,CLK430,Convertible,automatic,wdblk70g13t137818,North Carolina,,102173.0,black,gray,cleveland springs auto sales,5125.0,1500.0,Mon Dec 22 2014 10:00:00 GMT-0800 (PST)
2003,mazda,Protege,DX,Sedan,automatic,jm1bj225230121367,Minnesota,,172479.0,gold,tan,freeway ford llc,1075.0,700.0,Thu Dec 18 2014 10:45:00 GMT-0800 (PST)
2003,mitsubishi,Galant,ES V6,Sedan,automatic,4a3aa46h83e085485,Arizona,,115768.0,blue,gray,big two toyota scion of chandler,1450.0,2400.0,Thu Dec 18 2014 11:00:00 GMT-0800 (PST)
2003,nissan,Sentra,XE,Sedan,automatic,3n1cb51d33l700658,Nevada,,189515.0,gray,â,centennial hyundai,1525.0,1400.0,Thu Dec 18 2014 11:45:00 GMT-0800 (PST)
2003,pontiac,Bonneville,SSEi,Sedan,automatic,1g2hz541934162560,Washington,29.0,70794.0,silver,gray,haselwood chevrolet cadillac buick pontiac gmc,4725.0,3500.0,Wed Jan 07 2015 13:10:00 GMT-0800 (PST)
2003,saab,9-5,Arc 3.0t,Sedan,automatic,ys3ed49zx33002837,Florida,29.0,88412.0,black,black,sensible auto lending  llc,2075.0,400.0,Thu Dec 18 2014 09:35:00 GMT-0800 (PST)
2003,saturn,L-Series,L200,Sedan,automatic,1g8ju54f43y525731,Virginia,28.0,159578.0,red,tan,toyota of waldorf,1200.0,1200.0,Thu Dec 18 2014 09:35:00 GMT-0800 (PST)
2003,oldsmobile,Silhouette,GLS,Minivan,automatic,1ghdx03e93d252213,Minnesota,,138608.0,silver,gray,bloomington acura,1075.0,1200.0,Thu Dec 18 2014 10:45:00 GMT-0800 (PST)
2003,pontiac,Grand Am,GT1,Sedan,automatic,1g2nv52e53m595488,New York,,111167.0,black,â,carswell auto sales,1950.0,1600.0,Wed Dec 17 2014 09:30:00 GMT-0800 (PST)
2003,oldsmobile,Alero,GLS,Sedan,automatic,1g3nf52e83c285138,Ohio,,96779.0,gold,beige,wells fargo dealer services,1775.0,350.0,Tue Dec 23 2014 13:00:00 GMT-0800 (PST)
2003,porsche,911,carrera 4x2 carrera 2,,automatic,wp0ca29923s653462,Texas,27.0,73036.0,silver,black,rolls royce motorcars manhattan,17800.0,21750.0,Thu Dec 18 2014 11:00:00 GMT-0800 (PST)
2003,pontiac,Vibe,GT,Wagon,manual,5y2sn62l23z429659,Minnesota,,139908.0,silver,gray,valley buick gmc of hastings,1925.0,2400.0,Thu Dec 18 2014 10:45:00 GMT-0800 (PST)
2003,suzuki,Aerio,GS,Sedan,automatic,js2ra41s535159797,Nevada,,136735.0,red,â,automotive remarketing inc,1150.0,900.0,Thu Dec 18 2014 11:00:00 GMT-0800 (PST)
2003,Volkswagen,New Beetle,GL 1.8T,Hatchback,automatic,3vwbd21c73m421603,Florida,19.0,124955.0,gray,gray,florida fine cars inc,1400.0,1100.0,Fri Jan 09 2015 09:30:00 GMT-0800 (PST)
2003,subaru,Legacy,L,Sedan,automatic,4s3be635137211532,New York,,135700.0,green,â,bill kolb jr subaru inc,2475.0,2200.0,Wed Dec 17 2014 09:30:00 GMT-0800 (PST)
2003,subaru,Outback,L.L. Bean Edition,Wagon,automatic,4s3bh806637632534,Utah,,147799.0,green,â,larry h. miller fleet lease,3275.0,4800.0,Wed Dec 17 2014 11:30:00 GMT-0800 (PST)
2003,subaru,Baja,Base,Crew Cab,automatic,4s4bt61c637106035,Pennsylvania,46.0,81051.0,red,black,autocelli inc,5675.0,9300.0,Fri Dec 19 2014 09:15:00 GMT-0800 (PST)
2003,Volkswagen,Passat,GL,Sedan,manual,wvwmd63bx3e410320,Florida,28.0,58176.0,gray,black,courtesy toyota of brandon,2200.0,3000.0,Thu Dec 18 2014 16:20:00 GMT-0800 (PST)
2003,Volkswagen,jetta,gls 1.8t,,other,3vwse29m23m041921,unknown,,180966.0,gray,â,downsview place auto group inc,1300.0,1900.0,Thu Dec 18 2014 18:30:00 GMT-0800 (PST)
2002,audi,TT,180hp quattro,Coupe,other,truwc28n621033293,Virginia,,133135.0,silver,â,on the road again  inc,4975.0,3200.0,Thu Dec 18 2014 09:05:00 GMT-0800 (PST)
2003,volvo,S80,2.9,Sedan,automatic,yv1ts92d131303423,New Jersey,,141072.0,blue,â,active auto sales inc,2125.0,1450.0,Wed Dec 17 2014 09:30:00 GMT-0800 (PST)
2002,audi,TT,225hp quattro,Convertible,manual,truut28n921011442,Illinois,,39309.0,gray,â,primo motor cars,7050.0,8500.0,Thu Dec 18 2014 10:00:00 GMT-0800 (PST)
2003,volvo,S80,T6 Elite,Sedan,automatic,yv1ts91z131312006,Arizona,,142862.0,black,tan,certified auto sales,1225.0,1000.0,Thu Dec 18 2014 11:30:00 GMT-0800 (PST)
2002,buick,Century,Custom,Sedan,other,2g4ws52j821276100,Arizona,,62059.0,gray,â,chapman ford llc,2550.0,3800.0,Thu Dec 18 2014 11:00:00 GMT-0800 (PST)
2002,buick,Century,Limited,Sedan,automatic,2g4wy55j021151943,Pennsylvania,1.0,1.0,beige,tan,autosmart 2,3025.0,350.0,Wed Jun 24 2015 02:30:00 GMT-0700 (PDT)
2002,bmw,Z3,2.5i,Convertible,automatic,4uscn33472lm05234,Maryland,2.0,1.0,red,beige,355 toyota,10950.0,5000.0,Tue Feb 10 2015 01:30:00 GMT-0800 (PST)
2002,cadillac,Seville,STS,Sedan,automatic,1g6ky54972u282305,Texas,,132362.0,white,brown,desert sun motors inc,1225.0,1600.0,Thu Dec 18 2014 12:00:00 GMT-0800 (PST)
2002,chevrolet,Cavalier,Z24,Coupe,manual,1g1jh12t827130198,Minnesota,,125328.0,red,gray,national auto brokers inc,1000.0,2250.0,Thu Dec 18 2014 10:45:00 GMT-0800 (PST)
2002,Dodge,b1500,ram cargo,,automatic,2b6hb11y02k119826,Texas,19.0,117534.0,white,gray,autonation ford fort worth,1350.0,1350.0,Thu Dec 18 2014 11:00:00 GMT-0800 (PST)
2002,Dodge,Caravan,eC,Minivan,automatic,1b4gp15b72b555588,Nevada,,92453.0,blue,â,reliable auto sales,1075.0,750.0,Thu Dec 18 2014 11:00:00 GMT-0800 (PST)
2002,chevrolet,Venture,Warner Brothers,Minivan,automatic,1gndx13e72d234312,Florida,,175291.0,silver,â,huston buick gmc cadillac inc,950.0,1300.0,Wed Dec 17 2014 00:00:00 GMT-0800 (PST)
2002,chevrolet,TrailBlazer,EXT LT,SUV,other,1gnet16s626114121,Virginia,,136909.0,red,â,select cars of thornburg,2400.0,2650.0,Thu Dec 18 2014 09:50:00 GMT-0800 (PST)
2002,Dodge,Durango,SLT Plus,SUV,other,1b4hs58n72f211994,Illinois,,153841.0,red,â,sherman dodge,1475.0,900.0,Thu Dec 18 2014 14:00:00 GMT-0800 (PST)
2002,chrysler,sebring,v6 lx,,automatic,1c3el46rx2n262645,Illinois,,119797.0,burgundy,â,phillips chevrolet inc,925.0,600.0,Thu Dec 18 2014 10:00:00 GMT-0800 (PST)
2002,Dodge,Caravan,Sport,Minivan,automatic,1b4gp45372b717164,Minnesota,,94097.0,red,tan,harry browns family automotive,1325.0,2050.0,Thu Dec 18 2014 10:45:00 GMT-0800 (PST)
2002,chevrolet,TrailBlazer,LTZ,SUV,automatic,1gndt13s222343791,Virginia,19.0,106751.0,white,gray,fiserv,2675.0,1100.0,Mon Dec 22 2014 09:30:00 GMT-0800 (PST)
2002,chrysler,concorde,lx,,automatic,2c3hd46r72h173456,Michigan,,64742.0,burgundy,gray,southfield chrysler dodge jeep ram,1200.0,2250.0,Thu Dec 18 2014 09:30:00 GMT-0800 (PST)
2002,Dodge,Grand Caravan,eL,Minivan,automatic,2b4gp34332r608830,Virginia,2.0,123930.0,silver,gray,purple heart,1175.0,1100.0,Thu Dec 18 2014 11:50:00 GMT-0800 (PST)
2002,Ford,Escape,XLT Choice,SUV,automatic,1fmcu04172kb96705,Louisiana,,207899.0,black,gray,j & j auto brokers llc,1175.0,1300.0,Wed Dec 17 2014 10:00:00 GMT-0800 (PST)
2002,Ford,e150,cargo v8,,automatic,1fdre14w02ha31228,Illinois,,219868.0,white,â,phillips chevrolet inc,400.0,1400.0,Thu Dec 18 2014 10:00:00 GMT-0800 (PST)
2002,Ford,Explorer Sport Trac,Choice,Crew Cab,automatic,1fmzu77e92uc24901,Nebraska,19.0,157161.0,blue,gray,husker financial,3500.0,3500.0,Tue Dec 23 2014 11:45:00 GMT-0800 (PST)
2002,Ford,explorer,4x2 v6 xls,,automatic,1fmzu62kx2zc76774,New Jersey,,153547.0,silver,â,active auto sales inc,1725.0,2250.0,Wed Dec 17 2014 09:30:00 GMT-0800 (PST)
2002,Ford,Escape,XLS Choice,SUV,automatic,1fmyu02152kd24917,New Jersey,2.0,185629.0,white,gray,black tie classics llc,1375.0,1600.0,Wed Feb 11 2015 01:30:00 GMT-0800 (PST)
2002,Ford,Explorer Sport,Premium,SUV,automatic,1fmyu70e52ub37969,Nevada,,103537.0,gold,â,reliable auto sales,2150.0,1100.0,Thu Dec 18 2014 11:45:00 GMT-0800 (PST)
2002,Ford,Explorer Sport Trac,Premium,Crew Cab,automatic,1fmzu67e22ub71937,Florida,,209274.0,black,gray,zimmerman auto brokers inc,2850.0,2100.0,Fri Dec 19 2014 09:30:00 GMT-0800 (PST)
2002,Ford,Excursion,XLT,SUV,automatic,1fmnu41s52ec24044,Minnesota,19.0,222964.0,blue,gray,marine credit union,2475.0,1200.0,Thu Dec 18 2014 10:45:00 GMT-0800 (PST)
2002,Dodge,Grand Caravan,eX,Minivan,automatic,2b4gp74l12r548375,Florida,19.0,106736.0,gold,tan,zimmerman auto brokers inc,1800.0,1700.0,Tue Jan 06 2015 01:25:00 GMT-0800 (PST)
2002,Dodge,Grand Caravan,ES,Minivan,automatic,2b8gp54l32r505918,Minnesota,,192566.0,blue,gray,freeway ford llc,1100.0,550.0,Thu Dec 18 2014 10:45:00 GMT-0800 (PST)
2002,Ford,Focus,ZX3 Power Premium,Hatchback,automatic,3fafp31352r232392,Illinois,,155424.0,gray,â,sherman dodge,1150.0,800.0,Thu Dec 18 2014 10:00:00 GMT-0800 (PST)
2002,Ford,Focus,SE Comfort,Sedan,automatic,1fafp34392w358103,Michigan,,123226.0,gold,tan,ank import export,1675.0,2000.0,Thu Dec 18 2014 09:30:00 GMT-0800 (PST)
2002,Ford,Taurus,SEL Deluxe,Sedan,automatic,1fafp56s72g107543,Pennsylvania,19.0,95492.0,green,beige,criswell nissan,1700.0,1200.0,Fri Dec 19 2014 09:30:00 GMT-0800 (PST)
2002,gmc,2500,sierra 4x4 sle,,automatic,1gthk23162f100701,Georgia,19.0,271357.0,gray,black,automobile acceptance corp,3950.0,5000.0,Thu Dec 18 2014 10:00:00 GMT-0800 (PST)
2002,honda,civic,lx-g,,other,2hges16802h907740,unknown,,188230.0,silver,gray,motor world,1200.0,1750.0,Thu Dec 18 2014 18:30:00 GMT-0800 (PST)
2002,gmc,Sonoma,SL,Regular Cab,automatic,1gtcs145628133675,Nevada,2.0,104126.0,white,â,automotive remarketing inc,2075.0,1450.0,Thu Dec 18 2014 11:00:00 GMT-0800 (PST)
2002,jeep,Grand Cherokee,Sport,SUV,automatic,1j4gw38s32c218577,Massachusetts,33.0,170674.0,red,gray,metro kia,2175.0,2000.0,Tue Dec 23 2014 10:00:00 GMT-0800 (PST)
2002,mazda,626,LX,Sedan,automatic,1yvgf22c325303614,Florida,,123223.0,white,tan,crown nissan,1100.0,1500.0,Thu Dec 18 2014 16:50:00 GMT-0800 (PST)
2002,mazda,Truck,B3000,Cab Plus,automatic,4f4zr17u42tm02544,New York,,135332.0,silver,gray,krystal motors car corp,4050.0,1500.0,Thu Dec 18 2014 09:45:00 GMT-0800 (PST)
2002,Lincoln,Blackwood,Base,Crew Cab,other,5ltew05a62kj00064,North Carolina,19.0,130171.0,black,black,crossroads ford lincoln mercury mazda,7550.0,6000.0,Mon Dec 22 2014 09:00:00 GMT-0800 (PST)
2002,mazda,Millenia,Premium,Sedan,automatic,jm1ta221821738458,Georgia,,149653.0,silver,gray,georgia auto house,1100.0,1400.0,Thu Dec 18 2014 10:00:00 GMT-0800 (PST)
2002,land rover,discovery,series ii,,other,saltw154x2a748130,Nevada,,120356.0,beige,â,free auto sales llc,1525.0,800.0,Thu Dec 18 2014 11:00:00 GMT-0800 (PST)
2002,isuzu,Rodeo Sport,S V6,SUV,automatic,4s2ck57w324326048,North Carolina,,155388.0,blue,gray,biggs cadillac buick gmc trucks inc,1600.0,2500.0,Mon Dec 22 2014 09:00:00 GMT-0800 (PST)
2002,lexus,LX 470,Base,SUV,automatic,jtjht00w923515463,Illinois,,126009.0,white,â,perillo bmw inc,12650.0,12300.0,Thu Dec 18 2014 10:00:00 GMT-0800 (PST)
2002,mitsubishi,Montero Sport,ES,SUV,automatic,ja4ls21h32j051992,Florida,,129466.0,red,gray,off lease only inc,1400.0,1500.0,Thu Dec 18 2014 10:35:00 GMT-0800 (PST)
2002,mercedes-benz,CLK-Class,CLK55 AMG,Convertible,other,wdblk74g72t115654,Pennsylvania,3.0,56825.0,silver,black,tdaf remarketing,8150.0,10200.0,Fri Jan 02 2015 09:00:00 GMT-0800 (PST)
2002,mercury,Grand Marquis,LSE,Sedan,automatic,2mefm75w72x628130,New York,,83337.0,black,tan,krystal motors car corp,2975.0,2950.0,Thu Dec 18 2014 09:45:00 GMT-0800 (PST)
2002,mercury,Villager,Value,Minivan,automatic,4m2zv11t42dj01863,North Carolina,,159479.0,red,gray,crown honda greensboro,825.0,1600.0,Thu Dec 18 2014 14:30:00 GMT-0800 (PST)
2002,mitsubishi,Diamante,ES,Sedan,automatic,6mmap57p92t010260,New York,,134789.0,silver,â,frank siena auto sales inc,775.0,650.0,Wed Dec 17 2014 09:30:00 GMT-0800 (PST)
2002,mercedes-benz,E-Class,E430,Sedan,automatic,wdbjf70j32b433287,Virginia,18.0,193806.0,blue,beige,automotive remarketing inc,475.0,350.0,Thu Dec 18 2014 11:50:00 GMT-0800 (PST)
2002,nissan,Frontier,Standard,King Cab,automatic,1n6dd26s72c375862,Texas,,205578.0,silver,black,don davis dodge chrysler jeep ram,2575.0,1900.0,Fri Dec 19 2014 11:00:00 GMT-0800 (PST)
2002,mitsubishi,Galant,LS,Sedan,automatic,4a3aa46g52e042311,Florida,,147110.0,silver,gray,tropical chevrolet,1150.0,700.0,Fri Dec 19 2014 09:35:00 GMT-0800 (PST)
2002,pontiac,Firebird,Base,Hatchback,automatic,2g2fs22k422158166,Indiana,19.0,205685.0,red,black,garlitch ford chrysler dodge jeep,725.0,700.0,Thu Dec 18 2014 10:10:00 GMT-0800 (PST)
2002,subaru,Forester,L,Wagon,automatic,jf1sf63572h712758,Illinois,,136567.0,silver,â,mcgrath honda of st charles,2475.0,2600.0,Thu Dec 18 2014 10:00:00 GMT-0800 (PST)
2002,oldsmobile,Alero,GL2,Sedan,automatic,1g3nl52e02c119462,Virginia,22.0,102187.0,green,beige,jpmorgan chase bank n.a.,1075.0,900.0,Thu Dec 18 2014 09:20:00 GMT-0800 (PST)
2002,saturn,L-Series,LW200,Wagon,automatic,1g8ju84f32y578355,Louisiana,,102245.0,silver,gray,nissan of new orleans,1500.0,300.0,Wed Dec 17 2014 12:00:00 GMT-0800 (PST)
2002,pontiac,Aztek,Base,SUV,automatic,3g7db03e62s565057,Illinois,,,white,â,mokena automotive inc,1300.0,800.0,Thu Dec 18 2014 10:00:00 GMT-0800 (PST)
2002,subaru,Legacy,GT Limited,Sedan,manual,4s3be656326204656,New York,,215185.0,red,tan,pearl street auto,1575.0,600.0,Thu Dec 18 2014 09:45:00 GMT-0800 (PST)
2002,oldsmobile,Silhouette,Premiere,Minivan,automatic,1ghdx13ex2d119772,Nevada,2.0,137182.0,beige,â,titlemax/las vegas nv32,1425.0,1050.0,Thu Dec 18 2014 11:00:00 GMT-0800 (PST)
2002,oldsmobile,Aurora,3.5,Sedan,automatic,1g3gr64h624155543,New Jersey,25.0,141900.0,gold,tan,lester glenn buick,1050.0,1100.0,Wed Jan 21 2015 01:30:00 GMT-0800 (PST)
2002,saturn,S-Series,SC2,Coupe,manual,1g8zr12712z178960,Arizona,39.0,97211.0,white,gray,hertz remarketing,1200.0,1300.0,Thu Dec 18 2014 11:30:00 GMT-0800 (PST)
2002,saturn,S-Series,SL,Sedan,manual,1g8zs52862z242270,Florida,,108836.0,blue,gray,gettel hyundai,1125.0,2000.0,Thu Dec 18 2014 16:10:00 GMT-0800 (PST)
2001,acura,CL,3.2 Type-S,Coupe,automatic,19uya42611a021610,Georgia,,149362.0,black,beige,vidah motorsports inc,1850.0,900.0,Thu Dec 18 2014 10:00:00 GMT-0800 (PST)
2002,Volkswagen,EuroVan,MV,Minivan,automatic,wv2mb47002h057362,Georgia,,145614.0,silver,gray,lewis page auto brokers,4500.0,3000.0,Thu Dec 18 2014 10:00:00 GMT-0800 (PST)
2002,Volkswagen,Passat,GLS V6 4Motion,Wagon,automatic,wvwxh63b82e146367,Massachusetts,28.0,160774.0,green,tan,volvo of cape cod,1275.0,700.0,Tue Dec 23 2014 09:30:00 GMT-0800 (PST)
2002,toyota,Sienna,CE,Minivan,automatic,4t3zf19c72u415517,New Jersey,,169838.0,green,beige,after 5 motors inc,2050.0,1600.0,Wed Dec 17 2014 09:30:00 GMT-0800 (PST)
2002,volvo,C70,LT,Convertible,automatic,yv1nc56d32j026684,Texas,,131459.0,white,tan,a&a enterprise,800.0,1000.0,Thu Dec 18 2014 11:00:00 GMT-0800 (PST)
2002,volvo,C70,HT,Convertible,automatic,yv1nc53d02j030471,Michigan,,113491.0,silver,tan,dean sellers ford,1125.0,1450.0,Thu Dec 18 2014 09:30:00 GMT-0800 (PST)
2002,toyota,Sienna,XLE,Minivan,other,4t3zf13c82u442928,Virginia,19.0,173672.0,silver,blue,toyota of stafford,3325.0,2900.0,Thu Dec 18 2014 09:35:00 GMT-0800 (PST)
2001,acura,CL,3.2,Coupe,other,19uya42421a024241,Pennsylvania,2.0,170300.0,blue,tan,criswell chrysler jeep dodge,1775.0,1400.0,Fri Dec 19 2014 09:30:00 GMT-0800 (PST)
2001,bmw,Z3,3.0i,Convertible,automatic,wbacn53441ll48441,Arizona,,85248.0,blue,brown,bill luke fiat,6875.0,7600.0,Thu Dec 18 2014 11:00:00 GMT-0800 (PST)
2001,audi,A6,2.8 quattro,Sedan,automatic,waueh64b91n139025,Colorado,,169145.0,brown,black,brandon financial inc,1225.0,1700.0,Wed Dec 17 2014 11:45:00 GMT-0800 (PST)
2001,cadillac,Catera,Base,Sedan,automatic,w06vr54r81r002580,Florida,,98323.0,gray,gray,emj automotive remarketing,1000.0,1250.0,Wed Dec 17 2014 15:00:00 GMT-0800 (PST)
2014,Lincoln,mkt,awd v6 towncar,,automatic,2lmhj5nk5ebl53959,Missouri,48.0,15984.0,black,black,avis budget group,30100.0,29800.0,Tue Dec 23 2014 11:00:00 GMT-0800 (PST)
2014,lexus,GX 460,Luxury,SUV,automatic,jtjjm7fx7e5087442,California,5.0,3891.0,white,black,high bid trading co inc,56800.0,57250.0,Thu Dec 18 2014 12:00:00 GMT-0800 (PST)
2014,Lincoln,MKZ,Hybrid,Sedan,automatic,3ln6l2luxer815658,Texas,,8174.0,blue,tan,richard karr motors,28800.0,25000.0,Wed Dec 17 2014 10:20:00 GMT-0800 (PST)
2014,maserati,Quattroporte,S Q4,Sedan,automatic,zam56rra3e1076345,Texas,46.0,12958.0,black,beige,reeves import motorcars inc,83000.0,78250.0,Thu Dec 18 2014 11:00:00 GMT-0800 (PST)
2001,chevrolet,Venture,Warner Bros.,Minivan,automatic,1gndx13e31d200267,Massachusetts,19.0,199712.0,silver,gray,boch new to you superstore,625.0,400.0,Thu Jan 08 2015 18:30:00 GMT-0800 (PST)
2001,Dodge,b1500,ram v8,,other,2b6hb11y61k557703,New Jersey,19.0,101389.0,green,gray,lester glenn buick,1550.0,1500.0,Wed Jan 14 2015 01:30:00 GMT-0800 (PST)
2001,chevrolet,Blazer,LT,SUV,other,1gndt13w012170211,Illinois,,155436.0,gold,â,mc grath honda,925.0,2100.0,Thu Dec 18 2014 10:00:00 GMT-0800 (PST)
2001,daewoo,Leganza,CDX,Sedan,automatic,klava69201b290585,Puerto Rico,,94603.0,blue,gray,select remarketing group llc/anderson financial,925.0,300.0,Thu Dec 18 2014 10:00:00 GMT-0800 (PST)
2001,chrysler,Voyager,Base,Minivan,automatic,1c4gj25381b190002,Nebraska,,124784.0,blue,tan,performance toyota-scion of lavista,1175.0,700.0,Thu Dec 18 2014 11:00:00 GMT-0800 (PST)
2001,Ford,Explorer Sport Trac,Base,Crew Cab,automatic,1fmzu77e31uc29767,North Carolina,2.0,159673.0,green,tan,bb&t,3175.0,3300.0,Mon Dec 22 2014 09:30:00 GMT-0800 (PST)
2001,Ford,Crown Victoria,Base,Sedan,automatic,2fafp73wx1x110920,Virginia,2.0,164270.0,black,black,brown's dulles nissan,1750.0,1250.0,Thu Dec 18 2014 09:05:00 GMT-0800 (PST)
2001,Ford,Explorer Sport,Base,SUV,other,1fmyu60e91ua53033,Illinois,,153845.0,red,â,willowbrook ford inc,925.0,900.0,Thu Dec 18 2014 10:00:00 GMT-0800 (PST)
2001,Ford,Econoline Wagon,E-150 XLT,Van,automatic,1fmre11l71ha98322,Michigan,5.0,88768.0,green,tan,kevins marysville auto sales inc,2875.0,4600.0,Thu Dec 18 2014 09:30:00 GMT-0800 (PST)
2001,Dodge,Stratus,SE,Coupe,automatic,4b3ag42g81e021670,New York,,164005.0,red,gray,carriage traders,500.0,650.0,Thu Dec 18 2014 09:30:00 GMT-0800 (PST)
2001,hyundai,santa,fe 4x4 v6,,other,km8sc83d81u105985,unknown,2.0,202285.0,beige,tan,best choice auto dealer,1550.0,1800.0,Tue Dec 23 2014 15:30:00 GMT-0800 (PST)
2001,hyundai,santa,fe fwd v6,,automatic,km8sc83d21u093400,California,,184496.0,gold,â,a & r auto sales,1025.0,1200.0,Thu Dec 18 2014 12:00:00 GMT-0800 (PST)
2001,hyundai,XG300,Base,Sedan,automatic,kmhfu45d61a142779,Wisconsin,,68690.0,gray,black,boucher nissan,1275.0,1500.0,Wed Dec 17 2014 10:00:00 GMT-0800 (PST)
2001,Ford,Mustang,Bullitt,Coupe,manual,1fafp42x21f150591,Illinois,,78076.0,white,â,the wholesale outlet inc,4975.0,4600.0,Thu Dec 18 2014 10:00:00 GMT-0800 (PST)
2001,hyundai,santa,fe fwd v6 gls,,automatic,km8sc83d71u133096,New York,2.0,60114.0,beige,gray,tcar recovery and remarketing,1875.0,1500.0,Thu Dec 18 2014 09:15:00 GMT-0800 (PST)
2001,hyundai,Santa Fe,GL,SUV,automatic,km8sb82b11u032297,New York,,131587.0,burgundy,gray,destination nissan,1175.0,400.0,Thu Dec 18 2014 09:45:00 GMT-0800 (PST)
2001,hyundai,Tiburon,Base,Hatchback,manual,kmhjg35fx1u241357,Florida,2.0,186567.0,blue,black,purple heart services inc,475.0,400.0,Thu Dec 18 2014 12:50:00 GMT-0800 (PST)
2001,honda,Prelude,Base,Coupe,automatic,jhmbb62461c001903,Florida,,200269.0,silver,gray,tmj of pinellas county inc,1550.0,2100.0,Thu Dec 18 2014 16:20:00 GMT-0800 (PST)
2001,isuzu,Rodeo Sport,V6,SUV,automatic,4s2cm57w214303482,Texas,,166269.0,black,gray,autonation toyota south austin,1125.0,2400.0,Thu Dec 18 2014 11:00:00 GMT-0800 (PST)
2001,isuzu,Trooper,Limited,SUV,other,jacdj58x617j09762,Illinois,,130080.0,white,â,grossinger toyota north,1050.0,1550.0,Thu Dec 18 2014 14:00:00 GMT-0800 (PST)
2001,mazda,626,LX V6,Sedan,automatic,1yvgf22d815240534,New Jersey,25.0,261858.0,burgundy,beige,lester glenn buick,50.0,850.0,Wed Feb 11 2015 01:30:00 GMT-0800 (PST)
2001,mazda,Protege,LX,Sedan,other,jm1bj225610488351,unknown,,161209.0,silver,â,barek used car sales ltd,725.0,800.0,Thu Dec 18 2014 18:30:00 GMT-0800 (PST)
2001,mercury,Sable,LS,Sedan,automatic,1mefm53u81a627615,Texas,23.0,137670.0,beige,gray,automotive remarketing inc,825.0,700.0,Tue Dec 23 2014 10:10:00 GMT-0800 (PST)
2001,mercury,Sable,LS Premium,Sedan,automatic,1mefm55s51a636669,Florida,29.0,89486.0,gold,beige,alan jay ford of wauchula inc,1525.0,2100.0,Thu Dec 18 2014 09:45:00 GMT-0800 (PST)
2001,chrysler,Prowler,Base,Convertible,automatic,1c3ew65gx1v703921,Florida,43.0,16739.0,blue,black,autobuy,25600.0,24800.0,Thu Dec 18 2014 09:10:00 GMT-0800 (PST)
2001,nissan,Maxima,SE 20th Anniversary,Sedan,automatic,jn1ca31d31t815809,Colorado,,144404.0,gray,gray,mcdonald automotive group mazda,1325.0,1650.0,Wed Dec 17 2014 11:45:00 GMT-0800 (PST)
2001,nissan,Frontier,SE-V6 Dessert Runner,King Cab,manual,1n6ed26t71c325815,Wisconsin,,129772.0,black,gray,jack safro toyota,3975.0,4200.0,Wed Dec 17 2014 10:00:00 GMT-0800 (PST)
2001,oldsmobile,Intrigue,GL,Sedan,automatic,1g3ws52h51f234119,Michigan,,143553.0,black,tan,champion chevrolet inc,1000.0,1000.0,Thu Dec 18 2014 09:30:00 GMT-0800 (PST)
2001,mitsubishi,Montero Sport,3.5XS,SUV,automatic,ja4ls31rx1p043026,Florida,,117437.0,black,gray,gettel hyundai,1225.0,1500.0,Thu Dec 18 2014 16:10:00 GMT-0800 (PST)
2001,mitsubishi,Montero,XLS,SUV,automatic,ja4mw31r41j008736,Virginia,27.0,155615.0,gold,gray,all american imports,1675.0,3500.0,Thu Feb 26 2015 01:50:00 GMT-0800 (PST)
2001,nissan,Sentra,SE,Sedan,automatic,3n1bb51d71l108625,Arizona,,152609.0,gray,black,moore automotive group,950.0,1800.0,Thu Dec 18 2014 11:00:00 GMT-0800 (PST)
2001,mercedes-benz,M-Class,ML55 AMG,SUV,automatic,4jgab74e01a263318,Massachusetts,29.0,106031.0,red,gray,prestige auto mart inc,5350.0,2900.0,Tue Feb 24 2015 02:00:00 GMT-0800 (PST)
2001,subaru,Forester,S,Wagon,other,jf1sf65641h706825,Illinois,,108154.0,silver,â,sherman dodge,2450.0,2500.0,Thu Dec 18 2014 14:00:00 GMT-0800 (PST)
2001,Volkswagen,Cabrio,GLS,Convertible,automatic,3vwcc21v41m805943,Ohio,2.0,172002.0,black,gray,wells fargo dealer services,725.0,500.0,Tue Dec 23 2014 12:00:00 GMT-0800 (PST)
2001,Volkswagen,Passat,GLX V6 4Motion,Sedan,automatic,wvwth63b11e157594,Texas,,1.0,gray,â,bravo chevrolet cadillac,3800.0,625.0,Thu Dec 18 2014 14:00:00 GMT-0800 (PST)
2001,suzuki,Grand Vitara,Limited,SUV,automatic,js3td62v714161468,New York,,173780.0,green,gray,abs,1700.0,1100.0,Thu Dec 18 2014 09:45:00 GMT-0800 (PST)
2001,Volkswagen,Jetta,GLS Wolfsburg Edition 1.8T,Sedan,manual,3vwpd69m81m178505,Florida,19.0,137107.0,blue,black,zimmerman auto brokers inc,1500.0,1000.0,Fri Jan 16 2015 01:30:00 GMT-0800 (PST)
2001,saturn,S-Series,SW2,Wagon,automatic,1g8zn82751z283178,New Jersey,25.0,151566.0,beige,beige,lester glenn buick,1225.0,300.0,Wed Jan 28 2015 01:30:00 GMT-0800 (PST)
2001,volvo,V70,2.4M,Wagon,automatic,yv1sw61r011098153,Illinois,,126325.0,gray,â,fields volvo jaguar land rover waukesha,2225.0,1500.0,Thu Dec 18 2014 10:00:00 GMT-0800 (PST)
2000,acura,Integra,GS,Hatchback,automatic,jh4dc4467ys000400,Florida,2.0,154615.0,silver,gray,courtesy kia of brandon,2225.0,2100.0,Thu Dec 18 2014 16:20:00 GMT-0800 (PST)
2000,acura,Integra,LS,Hatchback,automatic,jh4dc4451ys012016,New York,,102149.0,white,black,fuccillo kia,2100.0,300.0,Thu Dec 18 2014 09:15:00 GMT-0800 (PST)
2000,chevrolet,cavalier,ls,,automatic,1g1jf52t1y7255243,Michigan,,115533.0,gold,tan,lafontaine cadillac buick gmc inc,1050.0,300.0,Thu Dec 18 2014 13:10:00 GMT-0800 (PST)
2000,chevrolet,Silverado 2500,HD LS,Extended Cab,other,1gcgc29u5ye376361,Virginia,,1.0,unknown,,toyota of waldorf,3825.0,1000.0,Thu Dec 18 2014 09:35:00 GMT-0800 (PST)
2000,chevrolet,astro,cargo 4x2 w/yf7,,automatic,1gbdm19w1yb192746,Florida,,159399.0,gold,tan,universal nissan,1225.0,1700.0,Wed Dec 17 2014 09:25:00 GMT-0800 (PST)
2000,bmw,3 Series,328Ci,Coupe,automatic,wbabm5346yjn90751,Illinois,19.0,137771.0,silver,black,par north america,2825.0,2300.0,Thu Dec 18 2014 10:00:00 GMT-0800 (PST)
2000,chevrolet,Silverado 2500,HD,Extended Cab,automatic,1gcgk29u2ye425132,Utah,,207844.0,white,â,barter holdings inc.,2675.0,2500.0,Wed Dec 17 2014 11:30:00 GMT-0800 (PST)
2000,audi,A6,2.8 Avant quattro,Wagon,automatic,waulh24b9yn024161,New York,,158641.0,silver,black,nemer chevrolet buick cadillac llc/nissan,1275.0,750.0,Thu Dec 18 2014 09:45:00 GMT-0800 (PST)
2000,chevrolet,venture,warner bro,,automatic,1gndx13e1yd242415,Florida,,162771.0,blue,gray,arrigo dodge chrysler jeep,725.0,700.0,Thu Dec 18 2014 09:00:00 GMT-0800 (PST)
2000,chevrolet,venture,fwd ext lt,,automatic,1gndx03exyd156305,Virginia,19.0,133275.0,beige,beige,dt inventory,1075.0,550.0,Thu Dec 18 2014 08:50:00 GMT-0800 (PST)
2000,Ford,e250,cargo v8,,automatic,1ftne24l3yhb42217,Minnesota,4.0,111778.0,white,gray,centurylink,2400.0,1500.0,Thu Dec 18 2014 10:45:00 GMT-0800 (PST)
2000,Ford,e150,cargo v8 recreation,,automatic,1fdre14w7yha47693,Florida,,152684.0,red,beige,north palm hyundai,2425.0,400.0,Thu Dec 18 2014 10:15:00 GMT-0800 (PST)
2000,chevrolet,s10,4x2 ext base,,automatic,1gccs19w6y8131693,Illinois,,164327.0,blue,â,amd motors,1650.0,1500.0,Thu Dec 18 2014 10:00:00 GMT-0800 (PST)
2000,Dodge,Intrepid,R/T,Sedan,other,2b3hd76v1yh403447,Arizona,,158899.0,silver,â,chapman scottsdale autoplex llc,850.0,475.0,Thu Dec 18 2014 11:00:00 GMT-0800 (PST)
2000,Ford,excurs,4x2 v10 xlt,,automatic,1fmnu40s1yec80590,Arizona,,164026.0,white,gray,dealer network group auto wholesale,2825.0,2600.0,Thu Dec 18 2014 11:00:00 GMT-0800 (PST)
2000,chevrolet,Tahoe Limited/Z71,Z71,SUV,automatic,1gnek13r1yr226997,Nevada,2.0,185526.0,silver,â,automotive remarketing inc,1225.0,1200.0,Thu Dec 18 2014 11:00:00 GMT-0800 (PST)
2000,Ford,expedition,4x2 ed bauer,,automatic,1fmru17l6ylc42122,Texas,,134383.0,black,beige,rlb investments,2025.0,2900.0,Thu Dec 18 2014 11:00:00 GMT-0800 (PST)
2000,Dodge,dakota,4x4 ext slt,,automatic,1b7gg22nxys509561,Nebraska,,77329.0,red,black,woodhouse ford inc,4000.0,4200.0,Thu Dec 18 2014 11:00:00 GMT-0800 (PST)
2000,chrysler,Cirrus,LXi,Sedan,automatic,1c3ej56h6yn115735,Washington,2.0,46501.0,gold,tan,west hills kia,975.0,350.0,Wed Jan 07 2015 04:30:00 GMT-0800 (PST)
2000,Ford,Contour,SE,Sedan,automatic,1fafp6632yk140325,Utah,1.0,132523.0,white,gray,carhop,850.0,550.0,Wed Mar 04 2015 03:30:00 GMT-0800 (PST)
2000,Dodge,durango,4x2 v8,,automatic,1b4hr28z9yf245456,Florida,,157192.0,gray,gray,l g auto sales,1150.0,750.0,Thu Dec 18 2014 09:50:00 GMT-0800 (PST)
2000,chevrolet,venture,fwd ext base,,automatic,1gndx03e6yd151618,Virginia,19.0,158888.0,blue,gray,primeritus remarketing/koons automotive i,875.0,600.0,Thu Dec 18 2014 09:20:00 GMT-0800 (PST)
2000,Ford,expedition,ed bauer,,automatic,1fmru17l7ylb61548,Florida,,279827.0,black,beige,off lease only inc,850.0,700.0,Thu Dec 18 2014 10:35:00 GMT-0800 (PST)
2000,chev truck,s10,ext 4x2 base,,automatic,1gccs19w5y8312106,Wisconsin,,136490.0,red,gray,gordie boucher of west bend inc,1925.0,2000.0,Wed Dec 17 2014 10:00:00 GMT-0800 (PST)
2000,Dodge,Intrepid,Base,Sedan,automatic,2b3hd46r2yh159101,Pennsylvania,19.0,90424.0,turquoise,gray,hertz remarketing,800.0,500.0,Fri Jan 02 2015 09:00:00 GMT-0800 (PST)
2000,chevrolet,s10,4x2 reg ls,,automatic,1gccs1441yk145073,Texas,,99562.0,blue,gray,mission chevrolet ltd,2350.0,2600.0,Thu Dec 18 2014 12:00:00 GMT-0800 (PST)
2000,chrysler,twn&country,fwd lxi,,automatic,1c4gp54l2yb598023,Louisiana,,117628.0,white,â,courtesy buick gmc,775.0,800.0,Thu Dec 18 2014 11:00:00 GMT-0800 (PST)
2000,Dodge,intrepid,es,,automatic,2b3hd56j1yh129958,Illinois,,127697.0,gold,â,family hyundai inc,825.0,1600.0,Thu Dec 18 2014 14:00:00 GMT-0800 (PST)
2000,chrysler,Sebring,JX,Convertible,automatic,3c3el45h6yt260456,Nevada,1.0,75912.0,silver,black,remarketing by ge/certified fleet inc,675.0,1000.0,Fri Dec 19 2014 12:00:00 GMT-0800 (PST)
2000,gmc,Jimmy,SLE,SUV,automatic,1gkcs13wxy2106232,Florida,,171240.0,black,tan,goval auto sales inc,900.0,500.0,Fri Dec 19 2014 09:20:00 GMT-0800 (PST)
2000,gmc truck,safari,ext base,,automatic,1gkdm19w5yb533291,Illinois,,76213.0,red,â,scott tyler auto sales inc,1825.0,4200.0,Thu Dec 18 2014 10:00:00 GMT-0800 (PST)
2000,Ford,ranger,4x2 ext xlt,,automatic,1ftyr14vxypc01721,Minnesota,,183967.0,black,gray,north country ford,1950.0,900.0,Thu Dec 18 2014 10:45:00 GMT-0800 (PST)
2000,Ford,f150,4x4 ext lariat o/r,,automatic,1ftrx18l0ync00107,Nebraska,,257637.0,white,gray,woodhouse ford inc,1500.0,1300.0,Thu Dec 18 2014 11:00:00 GMT-0800 (PST)
2000,Ford,windstar,se,,automatic,2fmza5247ybb44152,Florida,,95956.0,blue,gray,west palm beach kia,925.0,650.0,Thu Dec 18 2014 09:15:00 GMT-0800 (PST)
2000,Ford,explorer,awd v8 xlt,,automatic,1fmzu83p3yza53880,New Jersey,19.0,211286.0,black,gray,lester glenn buick,500.0,500.0,Wed Jan 07 2015 09:30:00 GMT-0800 (PST)
2000,gmc,sonoma,4x2,,manual,1gtcs1442y8158024,Nevada,2.0,157597.0,blue,â,tiger financial management llc,1275.0,700.0,Wed Dec 31 2014 00:00:00 GMT-0800 (PST)
2000,Ford,taurus,se svg,,automatic,1fafp5526yg187122,Texas,19.0,157970.0,red,â,mid city mcandrew motors,775.0,700.0,Thu Dec 18 2014 12:00:00 GMT-0800 (PST)
2000,gmc,Sierra 2500,HD SLT,Extended Cab,automatic,1gtgc29u6ye195804,Florida,,239172.0,white,black,aubreys auto sales inc,2800.0,1600.0,Thu Dec 18 2014 09:50:00 GMT-0800 (PST)
2000,gmc,Jimmy,SLT,SUV,automatic,1gkcs13w6y2123772,South Carolina,,211656.0,burgundy,gray,auddie brown chevrolet,1050.0,1100.0,Thu Dec 18 2014 10:00:00 GMT-0800 (PST)
2000,honda,accord,ex,,automatic,2hkrl1852yh552828,Texas,32.0,1.0,gray,gray,texas direct auto,2250.0,650.0,Wed Jan 14 2015 10:20:00 GMT-0800 (PST)
2000,Ford,f150,4x4 ext xlt,,automatic,1ftrx18l7yna25323,Washington,,162770.0,blue,gray,best auto limited,3275.0,2100.0,Wed Dec 17 2014 12:30:00 GMT-0800 (PST)
2000,Ford,ranger,xlt,,automatic,1ftyr10v9yta43191,Florida,,118361.0,red,gray,mike auto sales llc,2400.0,2600.0,Thu Dec 18 2014 09:50:00 GMT-0800 (PST)
2000,gmc,Yukon XL,1500 SLT,SUV,automatic,3gkfk16t9yg162023,Georgia,,137848.0,beige,tan,motormax automotive inc,1975.0,5500.0,Thu Dec 18 2014 10:00:00 GMT-0800 (PST)
2000,Ford,ranger,4x4 ext xlt off/rd,,automatic,1ftzr15x8yta08799,New York,,130823.0,red,tan,affinity auto sales,2750.0,900.0,Thu Dec 18 2014 09:30:00 GMT-0800 (PST)
2000,Ford,ranger,4x4 ext xlt,,manual,1ftzr15x5yta62500,Virginia,19.0,108474.0,red,gray,nextgear capital,3475.0,2800.0,Thu Dec 18 2014 09:20:00 GMT-0800 (PST)
2000,Ford,ranger,4x4 ext xlt,,automatic,1ftzr15xxytb26398,New York,,110994.0,blue,gray,krystal motors car corp,3850.0,1300.0,Thu Dec 18 2014 09:45:00 GMT-0800 (PST)
2000,gmc truck,yukon,4x4 v8 slt,,automatic,1gkek13t4yj105811,Ohio,,216642.0,gray,tan,select remarketing group llc/midwest title loans,1550.0,300.0,Thu Dec 18 2014 09:00:00 GMT-0800 (PST)
2000,gmc,Jimmy,SLS,SUV,automatic,1gkcs18w6yk224187,Georgia,,184673.0,gold,gray,us motorsports llc,725.0,800.0,Thu Dec 18 2014 10:00:00 GMT-0800 (PST)
2000,gmc truck,sr,1500 4x2 ex sle,,automatic,2gtec19t8y1224164,Texas,,138731.0,beige,brown,jerry's gm,2925.0,3100.0,Fri Dec 19 2014 14:00:00 GMT-0800 (PST)
2000,gmc,sr,1500 4x4 ex sle,,automatic,2gtek19t8y1268832,New York,,181735.0,red,gray,goss dodge inc,3925.0,2950.0,Thu Dec 18 2014 09:30:00 GMT-0800 (PST)
2000,jeep,wrangler,4x4 6c sport,,manual,1j4fa49s3yp703012,Texas,,117753.0,red,â,all american chevrolet of killeen,6625.0,7600.0,Fri Dec 19 2014 10:00:00 GMT-0800 (PST)
2000,kia,Sephia,Base,Sedan,other,knafb121xy5882984,Florida,19.0,121898.0,red,gray,courtesy chrysler jeep dodge,600.0,300.0,Thu Jan 08 2015 16:30:00 GMT-0800 (PST)
2000,mercury,Cougar,V6,Hatchback,automatic,1zwft61l3y5612617,Texas,,154518.0,gray,gray,autonation ford arlington,725.0,1400.0,Thu Dec 18 2014 11:00:00 GMT-0800 (PST)
2000,land rover,Range Rover,4.6 Vitesse,SUV,automatic,salpf1647ya429079,South Carolina,1.0,183128.0,black,black,axcess financial,475.0,500.0,Thu Dec 18 2014 11:00:00 GMT-0800 (PST)
2000,jeep,wrangler,4x4 6c sahara,,automatic,1j4fa59s7yp793660,Florida,,125419.0,green,green,affordable auto sales,5575.0,5800.0,Wed Dec 17 2014 16:40:00 GMT-0800 (PST)
2000,Lincoln,LS,V8,Sedan,automatic,1lnhm87a3yy889695,Florida,,154243.0,gold,tan,off lease only inc,1100.0,800.0,Thu Dec 18 2014 10:35:00 GMT-0800 (PST)
2000,jeep,grand,cherokee limited,,other,1j4gw58n5yc352120,Virginia,,172147.0,blue,â,wind rider auto outlet inc,1450.0,2000.0,Thu Dec 18 2014 09:05:00 GMT-0800 (PST)
2000,jeep,wrangler,4x4 sport,,manual,1j4fa49s2yp797545,Wisconsin,,116294.0,orange,gray,frank boucher chevrolet inc,6700.0,6100.0,Wed Dec 17 2014 10:00:00 GMT-0800 (PST)
2000,honda,Passport,EX,SUV,automatic,4s6dm58w5y4403233,Illinois,,155362.0,black,â,financial freedom wholesalers llc,950.0,550.0,Thu Dec 18 2014 10:00:00 GMT-0800 (PST)
2000,land rover,Discovery Series II,Base,SUV,other,salty1243ya272813,Illinois,,156886.0,white,â,lexus of merrillville,1075.0,750.0,Thu Dec 18 2014 10:00:00 GMT-0800 (PST)
2000,mazda,Millenia,Base,Sedan,automatic,jm1ta2218y1617857,Utah,,186647.0,black,â,salt lake valley chrysler dodge jeep ram,525.0,950.0,Wed Dec 17 2014 11:30:00 GMT-0800 (PST)
2000,jeep,gr,cherokee 4x4 laredo,,automatic,1j4gw48n5yc296478,Massachusetts,,137380.0,gray,gray,o hara motors inc,1625.0,2300.0,Thu Dec 18 2014 18:30:00 GMT-0800 (PST)
2014,mercedes-benz,E-Class,E350 Sport 4MATIC,Sedan,other,wddhf8jb8ea836842,Pennsylvania,48.0,10938.0,white,black,mercedes-benz financial services,41200.0,41000.0,Tue Dec 23 2014 09:00:00 GMT-0800 (PST)
2014,mercedes-benz,CLS-Class,CLS550 4MATIC,Sedan,automatic,wddlj9bb2ea109810,Wisconsin,47.0,9354.0,unknown,black,mercedes-benz financial services,61000.0,58500.0,Wed Jan 28 2015 02:00:00 GMT-0800 (PST)
2014,mercedes-benz,C-Class,C350 4MATIC,Coupe,automatic,wddgj8jb9eg215150,Wisconsin,43.0,9159.0,white,black,mercedes-benz usa,31000.0,31000.0,Wed Feb 11 2015 02:00:00 GMT-0800 (PST)
2000,plymouth,grand,voyager se,,automatic,1p4gp44g1yb531292,Indiana,19.0,106868.0,purple,gray,auto loan acceptance corp,900.0,1000.0,Thu Dec 18 2014 10:00:00 GMT-0800 (PST)
2000,saturn,L-Series,LS2,Sedan,automatic,1g8jw52r1yy618897,Florida,,1.0,silver,gray,lorenzo bomnin chevrolet,2275.0,400.0,Fri Dec 19 2014 09:20:00 GMT-0800 (PST)
2000,saturn,L-Series,LS1,Sedan,automatic,1g8ju52f0yy679721,Michigan,2.0,177764.0,silver,black,remarketing by ge/zeal credit union,525.0,500.0,Tue Dec 23 2014 09:30:00 GMT-0800 (PST)
2000,oldsmobile,Alero,GX,Coupe,automatic,1g3nk12t4yc382248,Florida,,157244.0,red,gray,vietnam veterans of america,600.0,850.0,Mon Dec 22 2014 09:30:00 GMT-0800 (PST)
2000,mitsubishi,Mirage,DE,Sedan,automatic,ja3ay26c0yu030709,Florida,,177754.0,silver,gray,universal nissan,575.0,800.0,Wed Dec 17 2014 09:25:00 GMT-0800 (PST)
2000,oldsmobile,alero,gl2,,automatic,1g3nl52exyc318754,Michigan,19.0,122858.0,silver,gray,crest ford flat rock inc,800.0,1150.0,Thu Dec 18 2014 09:30:00 GMT-0800 (PST)
2000,mitsubishi,Galant,GTZ,Sedan,other,4a3aa46l6ye011932,Illinois,,164778.0,silver,â,team toyota,675.0,300.0,Thu Dec 18 2014 10:00:00 GMT-0800 (PST)
2000,pontiac,grand,am se1,,automatic,1g2nf52e8ym788786,Nevada,2.0,173701.0,white,â,automotive remarketing inc,775.0,450.0,Thu Dec 18 2014 11:00:00 GMT-0800 (PST)
2000,suzuki,Grand Vitara,JLX,SUV,automatic,js3td62v0y4130198,Texas,,203639.0,black,gray,mission chevrolet ltd,1175.0,1250.0,Thu Dec 18 2014 12:00:00 GMT-0800 (PST)
2000,oldsmobile,silhouette,ext,,automatic,1ghdx03e3yd188936,Texas,3.0,139482.0,beige,tan,purple heart,950.0,1000.0,Tue Dec 23 2014 10:00:00 GMT-0800 (PST)
2000,nissan,Xterra,XE V6,SUV,automatic,5n1ed28y3yc608861,Nebraska,,154326.0,black,black,performance chrysler dodge jeep ram of bellevue,2350.0,2400.0,Thu Dec 18 2014 11:00:00 GMT-0800 (PST)
2000,mercury,villager,sport,,automatic,4m2xv12t9ydj15840,Virginia,19.0,176488.0,black,gray,virginia select auto,675.0,500.0,Thu Dec 18 2014 09:05:00 GMT-0800 (PST)
2000,toyota,Celica,GT-S,Hatchback,manual,jtddy32t9y0034758,Florida,,136192.0,silver,black,s & s auto leasing corp,3150.0,2300.0,Fri Dec 19 2014 09:25:00 GMT-0800 (PST)
2000,volvo,S70,Base,Sedan,automatic,yv1ls61j8y2669760,New York,2.0,161486.0,silver,black,purple heart services inc,575.0,550.0,Thu Dec 18 2014 12:45:00 GMT-0800 (PST)
1999,chevrolet,1500,4x4 ext classic ls,,automatic,1gcek19r7xr142343,Nebraska,,191615.0,gray,tan,woodhouse ford inc,1725.0,1200.0,Thu Dec 18 2014 11:00:00 GMT-0800 (PST)
1999,cadillac,DeVille,Concours,Sedan,automatic,1g6kf5495xu788082,Texas,14.0,84930.0,black,black,wells fargo dealer services,1300.0,500.0,Wed Jan 07 2015 10:00:00 GMT-0800 (PST)
2000,Volkswagen,Jetta,GLS VR6,Sedan,manual,3vwse29m2ym080631,New York,,159344.0,black,tan,autotrends north inc,1075.0,300.0,Thu Dec 18 2014 09:45:00 GMT-0800 (PST)
2000,Volkswagen,beetle,gls tdi,,manual,3vwcf21c6ym499697,Virginia,24.0,238173.0,silver,gray,brown's volkswagen suzuki,1525.0,500.0,Thu Dec 18 2014 11:50:00 GMT-0800 (PST)
2000,Volkswagen,Cabrio,GL,Convertible,manual,3vwcc21v0ym802502,California,28.0,57886.0,green,black,premium auto wholesale,1150.0,2000.0,Thu Dec 18 2014 12:00:00 GMT-0800 (PST)
2000,Volkswagen,GTI,GLS 1.8T,Hatchback,automatic,wvwdh21j0yw555259,New Jersey,,213000.0,silver,â,highland park motors inc,350.0,600.0,Wed Dec 17 2014 09:30:00 GMT-0800 (PST)
2000,volvo,S70,GLT SE,Sedan,other,yv1ls56dxy2658370,Wisconsin,19.0,94529.0,black,beige,patrick cadillac,1650.0,1550.0,Wed Jan 28 2015 02:00:00 GMT-0800 (PST)
1999,chevrolet,suburban,2500k lt,,automatic,3gngk26j6xg224228,South Carolina,2.0,102471.0,blue,tan,cox fleet,2475.0,2400.0,Thu Dec 18 2014 10:15:00 GMT-0800 (PST)
1999,Dodge,ram,2500 lramie slt,,automatic,1b7kf2362xj570024,Arizona,,175879.0,white,black,good car company inc,6900.0,5500.0,Thu Dec 18 2014 11:00:00 GMT-0800 (PST)
1999,Ford,Contour,LX,Sedan,other,1fafp6535xk190507,Texas,,109235.0,white,â,eagle auto center,625.0,600.0,Wed Dec 17 2014 10:20:00 GMT-0800 (PST)
1999,Ford,explorer,4x2 ed bauer,,automatic,1fmzu32p8xzb32836,Massachusetts,26.0,112394.0,blue,brown,premier toyota of newport,1600.0,500.0,Tue Jan 06 2015 01:30:00 GMT-0800 (PST)
1999,chevrolet,Blazer,Base,SUV,automatic,1gndt13w7x2175446,Nevada,2.0,143086.0,blue,â,automotive remarketing inc,1200.0,700.0,Thu Dec 18 2014 11:00:00 GMT-0800 (PST)
1999,chevrolet,Express Cargo,G1500,Van,automatic,1gcfg15w2x1045132,Michigan,2.0,136467.0,white,blue,ari,1650.0,900.0,Tue Dec 23 2014 13:10:00 GMT-0800 (PST)
1999,Dodge,dakota,4x4 ext,,automatic,1b7gg22y8xs274764,New York,,77314.0,red,â,dimaren auto mall llc,3750.0,1100.0,Wed Dec 17 2014 09:30:00 GMT-0800 (PST)
1999,Ford,Econoline Wagon,E-350 Super Duty Chateau,Van,automatic,1fbne31l0xha99131,Arizona,,145097.0,white,gray,yates buick gmc inc,1225.0,1000.0,Thu Dec 18 2014 11:00:00 GMT-0800 (PST)
1999,chevrolet,Lumina,Base,Sedan,automatic,2g1wl52m8x9134889,Illinois,,222951.0,burgundy,â,signature auto enterprises inc,500.0,400.0,Thu Dec 18 2014 10:00:00 GMT-0800 (PST)
1999,Ford,windstar,fwd base,,automatic,2fmza514xxba59919,Utah,,139411.0,blue,â,barter holdings inc.,850.0,1050.0,Wed Dec 17 2014 11:30:00 GMT-0800 (PST)
1999,honda,Accord,LX V6,Coupe,automatic,1hgcg2241xa008506,North Carolina,33.0,157014.0,white,tan,fleet lease remarketing,1400.0,2200.0,Mon Jan 05 2015 01:30:00 GMT-0800 (PST)
1999,Ford,f250,4x4 crew lariat,,automatic,1ftnw21f2xec16612,Minnesota,,163215.0,white,tan,national auto brokers inc,10200.0,9250.0,Thu Dec 18 2014 10:45:00 GMT-0800 (PST)
1999,Ford,ranger,4x4 ext sport,,automatic,1ftzr15v7xpa16219,Minnesota,,154604.0,black,gray,freeway ford llc,2575.0,3000.0,Thu Dec 18 2014 10:45:00 GMT-0800 (PST)
1999,Ford,f250,4x4 ext xlt,,automatic,1ftnx21s5xea38060,California,,208307.0,purple,gray,lithia ford lincoln of fresno,1725.0,3600.0,Thu Dec 18 2014 13:00:00 GMT-0800 (PST)
1999,isuzu,Amigo,S  w/Soft Top,SUV,automatic,4s2cm57w0x4381719,Illinois,,125829.0,red,â,sherman dodge,1475.0,800.0,Thu Dec 18 2014 14:00:00 GMT-0800 (PST)
1999,Ford,windstar,fwd lx,,automatic,2fmza5149xbb24534,Texas,3.0,176610.0,blue,gray,purple heart,750.0,650.0,Tue Dec 23 2014 10:00:00 GMT-0800 (PST)
1999,gmc truck,1500,sierra 4x4 sle,,automatic,1gtek19t9xe502165,Minnesota,,188989.0,white,black,ulrich motor co,3750.0,1300.0,Wed Dec 17 2014 10:30:00 GMT-0800 (PST)
1999,gmc,Suburban,1500 SLT,SUV,automatic,1gkfk16r4xj791190,Ohio,1.0,218129.0,beige,gray,select remarketing group llc/loan max title,600.0,600.0,Tue Dec 23 2014 13:00:00 GMT-0800 (PST)
1999,mercury,mountaineer,awd,,automatic,4m2du55p0xuj15753,Nevada,2.0,166909.0,gray,â,automotive remarketing inc,725.0,650.0,Thu Dec 18 2014 11:00:00 GMT-0800 (PST)
1999,suzuki,Esteem,GL,Wagon,automatic,js2gb31w1x5160470,Florida,,171433.0,black,gray,braman hyundai,625.0,200.0,Fri Dec 19 2014 09:35:00 GMT-0800 (PST)
1999,subaru,forester,l,,automatic,jf1sf6359xh716902,Washington,,135499.0,green,beige,lynnwood honda,1750.0,1750.0,Wed Dec 17 2014 14:15:00 GMT-0800 (PST)
1999,mazda,626,ES,Sedan,automatic,1yvgf22c2x5812939,New York,,132631.0,green,tan,affinity auto sales,900.0,500.0,Thu Dec 18 2014 09:30:00 GMT-0800 (PST)
1999,nissan,pathfinder,se,,manual,jn8ar07y4xw385676,Minnesota,19.0,217555.0,red,gray,onemain remarketing services,1125.0,450.0,Thu Dec 18 2014 10:45:00 GMT-0800 (PST)
1999,subaru,Legacy,Outback,Wagon,other,4s3bg6851x7612104,Virginia,,63892.0,green,â,kimble's auto sales inc,2575.0,650.0,Thu Dec 18 2014 09:50:00 GMT-0800 (PST)
1999,porsche,911,cab carrera 2,,manual,wp0ca2997xs650269,Nevada,21.0,196850.0,black,black,beverly hills porsche,8300.0,6800.0,Fri Dec 19 2014 12:00:00 GMT-0800 (PST)
1999,nissan,quest,se,,automatic,4n2xn11t5xd831573,New York,,91653.0,red,gray,destination nissan,1100.0,950.0,Thu Dec 18 2014 09:45:00 GMT-0800 (PST)
1999,pontiac,Sunfire,GT,Convertible,automatic,4g2jb32txxb202790,Arizona,,120865.0,white,gray,bill luke chrysler jeep and dodge inc,225.0,1000.0,Thu Dec 18 2014 11:00:00 GMT-0800 (PST)
1999,plymouth,Breeze,Base,Sedan,automatic,1p3ej46c8xn606946,Massachusetts,,100804.0,green,gray,chris goodnow auto sales llc,725.0,600.0,Thu Dec 18 2014 18:30:00 GMT-0800 (PST)
1999,pontiac,montana,ext,,automatic,1gmdx03e7xd344024,Nebraska,19.0,183693.0,white,tan,select remarketing group llc/north american,700.0,300.0,Thu Dec 18 2014 12:00:00 GMT-0800 (PST)
1999,oldsmobile,intrigue,base,,automatic,1g3ws52h6xf364032,South Carolina,,1.0,green,beige,thomas auto sales inc,1475.0,500.0,Thu Dec 18 2014 10:15:00 GMT-0800 (PST)
1999,mercury,villager,fwd estate,,other,4m2xv11t1xdj17033,Florida,19.0,137091.0,green,gray,coral springs honda,1000.0,500.0,Thu Dec 18 2014 11:00:00 GMT-0800 (PST)
1999,oldsmobile,Aurora,Base,Sedan,other,1g3gr62c0x4104277,Arizona,2.0,1.0,gold,beige,best choice auto,1700.0,300.0,Wed Dec 17 2014 11:00:00 GMT-0800 (PST)
1998,acura,RL,3.5 Premium,Sedan,automatic,jh4ka9669wc800842,Pennsylvania,2.0,1.0,black,gray,purple heart,2600.0,475.0,Tue Jan 27 2015 04:01:00 GMT-0800 (PST)
1999,Volkswagen,Jetta,GLS (1999.5),Sedan,automatic,3vwsa29m3xm008430,Florida,,137761.0,black,gray,daytona toyota,1350.0,800.0,Wed Dec 17 2014 15:00:00 GMT-0800 (PST)
1998,chevrolet,s10,4x2 ext ls,,automatic,1gccs19x8w8132916,Georgia,,177538.0,beige,beige,coles automotive group,1475.0,2700.0,Thu Dec 18 2014 10:00:00 GMT-0800 (PST)
1998,chevrolet,1500,4x4 ext silverado,,automatic,1gcek19r2wr120166,Nebraska,,194819.0,red,purple,woodhouse sioux city inc,1200.0,2200.0,Thu Dec 18 2014 11:00:00 GMT-0800 (PST)
1998,chevrolet,lumina,ltz,,automatic,2g1wn52k7w9205099,Illinois,,112358.0,green,â,deals on wheels,950.0,600.0,Thu Dec 18 2014 10:00:00 GMT-0800 (PST)
1998,cadillac,DeVille,D'elegance,Sedan,automatic,1g6ke54y0wu794638,Pennsylvania,3.0,115451.0,white,gray,e & l motors corp,800.0,600.0,Tue Dec 30 2014 09:30:00 GMT-0800 (PST)
1999,toyota,Corolla,VE,Sedan,automatic,1nxbr12e2xz229484,Florida,,125283.0,charcoal,gray,daytona toyota,1100.0,1650.0,Wed Dec 17 2014 15:00:00 GMT-0800 (PST)
1999,Volkswagen,Jetta,GL (1999.5),Sedan,automatic,3vwrc29mxxm043278,Virginia,19.0,149718.0,red,gray,battlefield ford,650.0,300.0,Thu Dec 18 2014 09:50:00 GMT-0800 (PST)
1998,chevrolet,C/K 1500 Series,Silverado,Extended Cab,automatic,1gcec19m4wr152117,Texas,19.0,188746.0,red,gray,mei finance,1750.0,1000.0,Tue Dec 23 2014 14:00:00 GMT-0800 (PST)
1998,bmw,Z3,2.8,Convertible,other,4uscj3332wlg20676,Pennsylvania,,108493.0,blue,â,bmw of sterling,1950.0,4300.0,Fri Dec 19 2014 09:00:00 GMT-0800 (PST)
1998,chevrolet,1500,4x4 reg silverado,,automatic,1gcek14r9wz250744,California,1.0,179647.0,white,gray,automotive remarketing inc,1975.0,350.0,Thu Dec 18 2014 12:30:00 GMT-0800 (PST)
1998,audi,Cabriolet,Base,Convertible,other,wauaa88g5wn001669,Illinois,,104665.0,black,â,brilliance honda of crystal lake,1175.0,800.0,Thu Dec 18 2014 10:00:00 GMT-0800 (PST)
1999,Volkswagen,Passat,GLS V6,Sedan,manual,wvwmd63b4xe492597,Minnesota,,183504.0,black,black,brooklyn pk automotive inc,325.0,650.0,Wed Dec 17 2014 10:30:00 GMT-0800 (PST)
1998,ford truck,explorer,awd xlt,,automatic,1fmzu35p5wuc85729,Ohio,1.0,173262.0,red,gray,select remarketing group llc/loan max title,600.0,350.0,Tue Dec 23 2014 13:00:00 GMT-0800 (PST)
1998,gmc,envoy,Base,SUV,automatic,1gkdt13w3w2503330,Nebraska,,111857.0,green,gray,woodhouse sioux city inc,1000.0,1400.0,Thu Dec 18 2014 11:00:00 GMT-0800 (PST)
1998,Ford,expedition,4x4 ed bauer,,automatic,1fmpu18l2wlc28351,Florida,,235551.0,white,tan,brandon mitsubishi,850.0,1000.0,Thu Dec 18 2014 09:45:00 GMT-0800 (PST)
1998,Ford,Escort,SE,Wagon,automatic,1fafp15p9ww164313,Florida,19.0,122632.0,gold,â,zimmerman auto brokers inc,600.0,750.0,Tue Dec 30 2014 09:30:00 GMT-0800 (PST)
1998,chrysler,sebring,jx,,automatic,3c3el45h1wt288193,Illinois,,186409.0,white,â,apple chevrolet inc,175.0,500.0,Thu Dec 18 2014 10:00:00 GMT-0800 (PST)
1998,Dodge,Ram Pickup 1500,WS,Regular Cab,automatic,1b7hc16x3ws636221,Florida,19.0,176009.0,black,gray,courtesy hyundai,775.0,800.0,Thu Dec 18 2014 16:20:00 GMT-0800 (PST)
1998,Ford,expedition,4x4 xlt,,other,1fmpu18l5wlc45421,Virginia,19.0,206006.0,blue,gray,dt inventory,1000.0,500.0,Thu Dec 18 2014 08:50:00 GMT-0800 (PST)
1998,Ford,e150,cargo,,automatic,1fdre1463whc06027,Minnesota,,165676.0,white,gray,north country ford,1250.0,2100.0,Thu Dec 18 2014 10:45:00 GMT-0800 (PST)
1998,gmc,Suburban,1500,SUV,other,1gkfk16r4wj731277,Arizona,,214178.0,white,â,freeway chevrolet,950.0,2200.0,Thu Dec 18 2014 11:00:00 GMT-0800 (PST)
1998,plymouth,voyager,fwd 4c,,automatic,2p4fp25b4wr754587,Massachusetts,,238356.0,purple,gray,boch new to you superstore,375.0,425.0,Thu Dec 18 2014 18:30:00 GMT-0800 (PST)
1998,oldsmobile,Cutlass,GLS,Sedan,automatic,1g3ng52mxw6322620,Massachusetts,,65912.0,green,tan,3 dads auto,675.0,600.0,Thu Dec 18 2014 18:30:00 GMT-0800 (PST)
1998,plymouth,Neon,Style,Sedan,manual,1p3es47c2wd580411,Arizona,,157153.0,red,gray,tom jones ford,450.0,425.0,Thu Dec 18 2014 11:00:00 GMT-0800 (PST)
1998,mercury,villager,fwd gs,,automatic,4m2zv1111wdj01226,Illinois,,121529.0,red,â,willowbrook ford inc,525.0,800.0,Thu Dec 18 2014 10:00:00 GMT-0800 (PST)
1998,mercedes-benz,SLK-Class,SLK230 Kompressor,Convertible,automatic,wdbkk47f4wf039246,Massachusetts,34.0,41703.0,green,black,us auto leasing inc,4925.0,4000.0,Thu Jan 08 2015 18:30:00 GMT-0800 (PST)
1998,mazda,626,DX,Sedan,automatic,1yvgf22c7w5693039,Massachusetts,2.0,159887.0,green,tan,metro honda,675.0,400.0,Tue Jan 06 2015 02:00:00 GMT-0800 (PST)
1998,jeep,gr,cher 4x4 v8 limited,,automatic,1j4gz78y1wc145556,Washington,26.0,171450.0,black,gray,larson chrysler jeep dodge,775.0,1100.0,Tue Dec 30 2014 12:30:00 GMT-0800 (PST)
1998,lexus,GS 400,Base,Sedan,automatic,jt8bh68x2w0007710,Illinois,,128918.0,silver,â,grossinger autoplex inc,2950.0,2800.0,Thu Dec 18 2014 14:00:00 GMT-0800 (PST)
1998,honda,Civic,HX,Coupe,automatic,1hgej7229wl018581,Nevada,,169254.0,black,â,auto world sales and leasing,675.0,850.0,Thu Dec 18 2014 11:45:00 GMT-0800 (PST)
1998,jeep,gr,cher 4x2 v8 limited,,automatic,1j4gx78y8wc142482,Florida,22.0,167570.0,white,blue,courtesy chrysler jeep dodge,1125.0,700.0,Thu Dec 18 2014 16:20:00 GMT-0800 (PST)
1998,saturn,S-Series,SW1,Wagon,automatic,1g8zh8284wz272602,Texas,,141600.0,green,gray,toyota of fort worth,800.0,600.0,Thu Dec 18 2014 11:00:00 GMT-0800 (PST)
1998,volvo,S70,GLT,Sedan,automatic,yv1ls5646w3418160,Nevada,,126437.0,red,â,las vegas motorcars llc,875.0,800.0,Thu Dec 18 2014 11:45:00 GMT-0800 (PST)
1997,Ford,explorer,awd ed bauer,,other,1fmdu35p7vzb89838,Texas,34.0,203998.0,white,â,automotive remarketing inc,400.0,450.0,Tue Jan 13 2015 10:30:00 GMT-0800 (PST)
1997,Ford,E-150,Econoline,Van,automatic,1ftee1427vhb13283,Florida,,238131.0,white,gray,clark's sunshine automotive llc,700.0,800.0,Wed Dec 17 2014 15:15:00 GMT-0800 (PST)
1997,chevrolet,camaro,base,,automatic,2g1fp22k6v2142951,Nevada,2.0,1.0,black,â,titlemax/las vegas nv24,1575.0,550.0,Wed Dec 31 2014 11:00:00 GMT-0800 (PST)
1997,acura,CL,2.2,Coupe,automatic,19uya1247vl006813,Virginia,2.0,123999.0,green,gray,purple heart,1175.0,325.0,Thu Dec 18 2014 11:50:00 GMT-0800 (PST)
1997,chevrolet,1500,4x2 ext,,automatic,2gcec19r9v1205817,Florida,,199123.0,unknown,tan,germain toyota of naples/germain scion of naples,1725.0,800.0,Wed Dec 17 2014 16:45:00 GMT-0800 (PST)
1997,bmw,3 Series,318i,Sedan,automatic,wbacc0322vek21110,Texas,19.0,224282.0,blue,beige,the hertz corporation,650.0,850.0,Thu Dec 18 2014 11:00:00 GMT-0800 (PST)
1997,mercedes-benz,E-Class,E300D,Sedan,other,wdbjf20f1vj025623,Virginia,,250755.0,silver,â,chesterfield imports inc,875.0,1700.0,Thu Dec 18 2014 09:50:00 GMT-0800 (PST)
1997,gmc,1500,sierra 4x4 sle,,other,1gtek19r8ve519900,Louisiana,,160606.0,white,â,courtesy buick gmc,2675.0,700.0,Thu Dec 18 2014 10:30:00 GMT-0800 (PST)
1997,oldsmobile,Regency,Base,Sedan,automatic,1g3hc52k2v4835331,Florida,,130051.0,gray,beige,daytona toyota,1050.0,300.0,Wed Dec 17 2014 15:00:00 GMT-0800 (PST)
1997,Ford,thunderbird,lx,,automatic,1falp62w0vh157930,New Jersey,19.0,120368.0,blue,gray,lester glenn buick,425.0,400.0,Wed Jan 07 2015 09:30:00 GMT-0800 (PST)
2014,mitsubishi,Mirage,ES,Hatchback,manual,ml32a4hj5eh001103,Puerto Rico,37.0,16638.0,beige,black,reliable financial services inc,9350.0,10500.0,Tue Dec 30 2014 11:00:00 GMT-0800 (PST)
2014,mercedes-benz,SLK-Class,SLK250,Convertible,automatic,wddpk4haxef081709,Michigan,46.0,8288.0,silver,black,remarketing by ge/penske truck lsg fleet sales,36600.0,35400.0,Thu Jan 08 2015 09:30:00 GMT-0800 (PST)
2014,mitsubishi,Lancer,SE,Sedan,automatic,ja32v2fw7eu002568,Minnesota,43.0,12598.0,black,black,mitsubishi north america,14400.0,14500.0,Wed Jan 14 2015 02:30:00 GMT-0800 (PST)
2014,mercedes-benz,S-Class,S63 AMG 4MATIC,Sedan,automatic,wddug7jb2ea047012,California,5.0,147.0,black,beige,goodfellas auto sales llc,121000.0,139000.0,Thu Dec 18 2014 12:30:00 GMT-0800 (PST)
1996,chrysler,Cirrus,LX,Sedan,automatic,1c3ej56h7tn284509,Washington,,142923.0,red,gray,nw financial,500.0,800.0,Wed Dec 17 2014 13:35:00 GMT-0800 (PST)
1996,Dodge,ram,1500 4x2,,automatic,3b7hc13z0tg142777,Florida,,127047.0,green,gray,the fifth gear llc,1400.0,1200.0,Fri Dec 19 2014 09:30:00 GMT-0800 (PST)
1996,mazda,B-Series Pickup,B2300,Regular Cab,automatic,4f4cr12a5ttm27280,Georgia,1.0,92348.0,purple,gray,the salvation army,1275.0,1200.0,Tue Jan 06 2015 13:10:00 GMT-0800 (PST)
1996,mercedes-benz,C-Class,C220,Sedan,automatic,wdbha22e3tf417777,California,,221968.0,black,â,california fleet inc,575.0,750.0,Thu Dec 18 2014 12:00:00 GMT-0800 (PST)
1996,jeep,Cherokee,Country,SUV,automatic,1j4fj78s5tl185469,New York,2.0,199878.0,white,gray,healey hyundai inc,1000.0,300.0,Wed Feb 04 2015 01:00:00 GMT-0800 (PST)
1996,Ford,Contour,GL,Sedan,automatic,1falp6538tk226901,Louisiana,,81587.0,gold,â,giles nissan,525.0,175.0,Thu Dec 18 2014 10:30:00 GMT-0800 (PST)
1996,acura,TL,2.5 Premium,Sedan,automatic,jh4ua2650tc004788,New York,,166582.0,green,tan,denooyer chevrolet inc,575.0,750.0,Thu Dec 18 2014 09:45:00 GMT-0800 (PST)
1996,chevrolet,C/K 1500 Series,Cheyenne,Extended Cab,automatic,1gcec19m2te199181,Texas,,290688.0,blue,blue,jerry durant toyota,625.0,1100.0,Fri Dec 19 2014 14:00:00 GMT-0800 (PST)
1996,honda,Accord,25th Anniversary,Sedan,automatic,1hgcd5687ta115674,Ohio,,183450.0,black,tan,select remarketing group llc/midwest title loans,575.0,250.0,Thu Dec 18 2014 09:00:00 GMT-0800 (PST)
1996,bmw,Z3,1.9,Convertible,automatic,4usch7320tlb69317,North Carolina,2.0,104976.0,blue,tan,primeritus remarketing/cci,2225.0,2100.0,Mon Dec 22 2014 09:30:00 GMT-0800 (PST)
1996,nissan,Truck,Base,Regular Cab,manual,1n6sd11s3tc315846,Virginia,2.0,125071.0,green,gray,purple heart,1325.0,600.0,Thu Dec 18 2014 11:50:00 GMT-0800 (PST)
1996,subaru,legacy,outback,,automatic,4s3bg6854t7976883,Washington,2.0,210549.0,blue,blue,robert larson's hyundai,750.0,1100.0,Tue Dec 30 2014 12:30:00 GMT-0800 (PST)
1996,toyota,Corolla,DX,Wagon,other,jt2eb02e0t0108768,Washington,3.0,202854.0,red,tan,donate for charity,1175.0,425.0,Wed Dec 17 2014 12:30:00 GMT-0800 (PST)
1995,jeep,gr,cher 4x4 v8 laredo,,automatic,1j4gz58yxsc601780,New York,2.0,220491.0,green,gray,healey chrysler dodge jeep llc,725.0,275.0,Wed Jan 07 2015 09:00:00 GMT-0800 (PST)
1995,buick,Regal,Gran Sport,Sedan,automatic,2g4wf52l7s1497158,Texas,,69677.0,silver,gray,dick poe toyota,650.0,1600.0,Thu Dec 18 2014 12:00:00 GMT-0800 (PST)
1995,Ford,bronco,4x4 base,,automatic,1fmeu15h1sla26859,Arizona,,257692.0,white,â,autonation honda tucson auto mall,1500.0,1100.0,Wed Dec 17 2014 12:00:00 GMT-0800 (PST)
1995,Ford,f150,4x2 reg xlt,,manual,1ftef15nxsla38416,Nebraska,,122906.0,green,gray,woodhouse ford south inc,1450.0,1000.0,Thu Dec 18 2014 11:00:00 GMT-0800 (PST)
1995,chevrolet,astro,2wd ext base,,automatic,1gndm19w5sb177743,Ohio,2.0,95598.0,white,blue,flexco fleet services,500.0,700.0,Tue Dec 23 2014 09:30:00 GMT-0800 (PST)
1995,Ford,f150,4x2 ext base,,automatic,1ftex15n6skc19984,Michigan,,273717.0,green,tan,cueter chrysler jeep dodge llc,1150.0,400.0,Thu Dec 18 2014 09:30:00 GMT-0800 (PST)
1995,chrysler,Le Baron,GTC,Convertible,automatic,1c3eu4534sf678047,Nebraska,,89946.0,green,tan,sioux falls ford inc,850.0,1200.0,Thu Dec 18 2014 11:00:00 GMT-0800 (PST)
1995,mercedes-benz,S-Class,S420,Sedan,automatic,wdbga43e0sa213679,Texas,3.0,289441.0,black,black,titlemax/desoto tx1,750.0,500.0,Tue Dec 23 2014 10:00:00 GMT-0800 (PST)
1993,cadillac,Seville,Base,Sedan,automatic,1g6ks52bxpu823040,Florida,2.0,133872.0,gold,beige,branford motor 1,225.0,650.0,Fri Dec 19 2014 10:10:00 GMT-0800 (PST)
1995,toyota,Tercel,DX,Coupe,automatic,jt2el56d2s0028298,Washington,,190928.0,burgundy,beige,west hills honda,725.0,400.0,Wed Dec 17 2014 13:05:00 GMT-0800 (PST)
1993,chevrolet,Caprice,Base,Sedan,automatic,1g1bl53e0pw114004,Wisconsin,,260283.0,blue,gray,lynchs horter chevrolet,450.0,900.0,Wed Dec 17 2014 10:00:00 GMT-0800 (PST)
1995,mercedes-benz,E-Class,E420,Sedan,automatic,wdbea34e8sc272175,Ohio,1.0,190523.0,green,beige,select remarketing group llc/loan max title,425.0,350.0,Tue Dec 23 2014 13:00:00 GMT-0800 (PST)
1995,nissan,quest,xe,,automatic,4n2dn11w0sd841935,North Carolina,,213364.0,red,gray,crown honda greensboro,375.0,400.0,Thu Dec 18 2014 14:30:00 GMT-0800 (PST)
1994,toyota,Pickup,DX V6,Extended Cab,manual,jt4vn13d6r5137679,North Carolina,1.0,138980.0,white,blue,north state acceptance,2350.0,3400.0,Mon Jan 05 2015 01:00:00 GMT-0800 (PST)
1993,buick,century,special,,automatic,1g4ag54n3p6425587,Louisiana,,136027.0,blue,â,courvelle toyota,475.0,800.0,Thu Dec 18 2014 11:00:00 GMT-0800 (PST)
1994,Dodge,ram,1500 base,,automatic,1b7hc16y3rs707298,Nevada,,180287.0,brown,â,centennial hyundai,1125.0,500.0,Thu Dec 18 2014 11:45:00 GMT-0800 (PST)
1990,toyota,4Runner,SR5 V6,SUV,other,jt3vn39w7l0041265,Virginia,1.0,164016.0,blue,blue,flexco fleet services,600.0,500.0,Thu Dec 18 2014 09:20:00 GMT-0800 (PST)
1991,mercedes-benz,500-Class,500SL,Convertible,automatic,wdbfa66e5mf030237,Florida,2.0,117006.0,blue,beige,silva auto sales,2100.0,1600.0,Fri Feb 06 2015 01:20:00 GMT-0800 (PST)
1991,mercedes-benz,300-Class,300E,Sedan,automatic,wdbea30d4mb457829,Illinois,,219954.0,gold,â,signature auto enterprises inc,675.0,650.0,Thu Dec 18 2014 10:00:00 GMT-0800 (PST)
1993,Ford,f150,4x4 reg xlt,,automatic,1ftef14n5pna32066,Wisconsin,2.0,155171.0,black,red,axcess financial,1075.0,325.0,Tue Dec 23 2014 09:00:00 GMT-0800 (PST)
1991,toyota,Corolla,Deluxe,Sedan,automatic,jt2ae94axm3443766,Washington,2.0,154722.0,silver,gray,capital auto auction,475.0,350.0,Tue Dec 30 2014 12:40:00 GMT-0800 (PST)
1992,mercedes-benz,300-Class,300SL,Convertible,automatic,wdbfa61e6nf044690,Arizona,,198457.0,white,gray,valley auto center,1225.0,1500.0,Thu Dec 18 2014 11:30:00 GMT-0800 (PST)
1991,toyota,previa,le,,automatic,jt3ac12r9m0046854,Virginia,2.0,226008.0,blue,blue,purple heart,775.0,350.0,Thu Dec 18 2014 11:50:00 GMT-0800 (PST)
1991,toyota,Camry,Deluxe,Sedan,automatic,jt2sv21e3m3460184,California,2.0,252591.0,gray,gray,honda of serramonte,300.0,150.0,Wed Jan 21 2015 07:10:00 GMT-0800 (PST)
1992,jeep,Cherokee,Laredo,SUV,automatic,1j4fj58s1nl102126,North Carolina,1.0,191415.0,white,beige,crossroads ford of indian trail,625.0,1300.0,Mon Dec 22 2014 09:00:00 GMT-0800 (PST)
2015,jeep,Wrangler,Unlimited Freedom Edition,SUV,automatic,1c4bjwdg1fl574551,California,5.0,496.0,brown,brown,moab industries,40600.0,43500.0,Thu Dec 18 2014 12:30:00 GMT-0800 (PST)
2014,nissan,Frontier,SL,Crew Cab,other,1n6ad0er7en729412,North Carolina,48.0,17948.0,red,beige,enterprise veh exchange/rental,20400.0,20500.0,Tue Dec 23 2014 09:15:00 GMT-0800 (PST)
2014,nissan,Murano CrossCabriolet,Base,SUV,automatic,jn8az1fy4ew300985,Tennessee,42.0,6479.0,black,black,nissan north america inc.,29700.0,30800.0,Thu Dec 18 2014 10:00:00 GMT-0800 (PST)
2014,nissan,Altima,3.5 S,Sedan,automatic,1n4bl3apxec328616,Louisiana,,9589.0,gray,â,courtesy chevrolet cadillac,20600.0,21200.0,Thu Dec 18 2014 11:00:00 GMT-0800 (PST)
2014,nissan,GT-R,Track Edition,Coupe,automatic,jn1ar5ef8em270004,Texas,44.0,5932.0,black,black,chicago motor car corporation,78000.0,76500.0,Thu Dec 18 2014 11:00:00 GMT-0800 (PST)
2014,nissan,NV Cargo,2500 S,Van,other,1n6bf0lyxen100414,South Carolina,3.0,22534.0,white,gray,enterprise veh exchange/rental,21200.0,17200.0,Thu Jan 15 2015 01:15:00 GMT-0800 (PST)
2014,nissan,Sentra,SL,Sedan,other,3n1ab7ap1ey234179,Illinois,25.0,10915.0,gray,black,nissan-infiniti lt,13100.0,13900.0,Thu Dec 18 2014 10:00:00 GMT-0800 (PST)
2014,ram,1500,Tradesman,Quad Cab,other,1c6rr7ft2es105651,Pennsylvania,44.0,9085.0,silver,gray,adcock brothers inc,26700.0,27250.0,Fri Dec 19 2014 09:30:00 GMT-0800 (PST)
2014,subaru,Impreza,2.0i PZEV,Sedan,automatic,jf1gjaa65eh019548,Texas,25.0,9055.0,gray,black,fiserv/citizens auto finance,16100.0,14000.0,Wed Dec 17 2014 10:20:00 GMT-0800 (PST)
2014,subaru,XV Crosstrek,Premium,SUV,automatic,jf2gpacc4e8218264,Washington,43.0,23317.0,white,beige,dollar rac/seattle,20700.0,20700.0,Wed Jan 07 2015 13:30:00 GMT-0800 (PST)
2014,subaru,Forester,2.5i Premium PZEV,SUV,automatic,jf2sjaec0eh516769,Washington,44.0,25381.0,brown,black,dollar rac/seattle,22400.0,21200.0,Wed Dec 17 2014 13:30:00 GMT-0800 (PST)
2014,ram,3500,Laramie Longhorn,Crew Cab,automatic,3c63r3kl8eg123650,Virginia,5.0,5821.0,burgundy,brown,chrysler group llc,49900.0,48800.0,Thu Dec 18 2014 08:45:00 GMT-0800 (PST)
2014,subaru,Forester,2.5i Touring PZEV,SUV,automatic,jf2sjapc0eh492597,Georgia,44.0,19647.0,silver,black,tdaf remarketing,25600.0,24800.0,Thu Dec 18 2014 10:00:00 GMT-0800 (PST)
2014,toyota,4Runner,Trail,SUV,automatic,jtebu5jr1e5153094,Texas,5.0,6841.0,white,black,hopper motorplex inc,33100.0,32250.0,Tue Dec 23 2014 10:10:00 GMT-0800 (PST)
2014,subaru,Forester,2.5i Limited PZEV,SUV,automatic,jf2sjajc6eh553475,Georgia,47.0,3576.0,silver,beige,town & country motors ii,24600.0,25400.0,Thu Dec 18 2014 10:00:00 GMT-0800 (PST)
2014,toyota,Yaris,SE,Hatchback,automatic,jtdktud33ed592408,Puerto Rico,44.0,6518.0,gray,gray,reliable financial services inc,12850.0,12600.0,Thu Dec 18 2014 11:00:00 GMT-0800 (PST)
2014,Volkswagen,Beetle,1.8T,Hatchback,automatic,3vwj07at4em663336,Texas,5.0,1072.0,unknown,tan,vw credit prequalified,13400.0,15600.0,Thu Dec 18 2014 11:00:00 GMT-0800 (PST)
2014,toyota,Corolla,LE Eco,Sedan,automatic,5yfbprhe3ep110238,North Carolina,35.0,9045.0,white,â,regional acceptance corporation / greenville,14250.0,15100.0,Mon Dec 22 2014 09:30:00 GMT-0800 (PST)
2014,Volkswagen,Jetta GLI,Base,Sedan,automatic,3vw4s7aj7em362551,Missouri,49.0,15112.0,unknown,black,hendrick lexus kansas city,20400.0,20500.0,Wed Dec 31 2014 10:30:00 GMT-0800 (PST)
2014,Volkswagen,Jetta Hybrid,Base,Sedan,automatic,3vw637ajxem229594,Washington,45.0,21098.0,gray,tan,vw credit  inc/pilot,20200.0,13750.0,Wed Jan 21 2015 04:30:00 GMT-0800 (PST)
2014,toyota,Tundra,Platinum,CrewMax Cab,automatic,5tfgy5f1xex156372,Florida,49.0,11356.0,black,black,florida credit union,38500.0,36800.0,Thu Dec 18 2014 13:25:00 GMT-0800 (PST)
2014,toyota,Tundra,1794,CrewMax Cab,automatic,5tfay5f1xex349143,Virginia,43.0,19679.0,black,brown,rosner motors inc,38600.0,40500.0,Thu Dec 18 2014 09:35:00 GMT-0800 (PST)
2014,toyota,Tundra,1794 FFV,CrewMax Cab,automatic,5tfaw5f11ex327943,Nevada,38.0,19065.0,gray,black,toyota bountiful,42100.0,41000.0,Wed Dec 31 2014 11:45:00 GMT-0800 (PST)
2014,toyota,Tundra,SR5 FFV,CrewMax Cab,automatic,5tfdw5f15ex323620,Illinois,,24246.0,silver,â,toyota of danville,33500.0,30200.0,Thu Dec 18 2014 10:00:00 GMT-0800 (PST)
2013,audi,A6,3.0T Premium Plus quattro,Sedan,automatic,wauggafc9dn090322,Florida,47.0,18630.0,silver,black,audi pembroke pines,36300.0,34800.0,Fri Feb 20 2015 01:35:00 GMT-0800 (PST)
2013,acura,TL,Advance Package,Sedan,automatic,19uua8f7xda002566,Nevada,38.0,27172.0,gray,black,acura of las vegas,23900.0,24500.0,Fri Dec 19 2014 11:45:00 GMT-0800 (PST)
2013,audi,allroad,Premium Plus quattro,Wagon,automatic,wa1ufafl4da219464,Texas,5.0,12174.0,white,gray,fort worth audi,32100.0,34000.0,Thu Dec 18 2014 11:00:00 GMT-0800 (PST)
2013,audi,S7,Prestige quattro,Sedan,automatic,wauw2afc0dn099498,California,21.0,20833.0,white,black,high bid trading co inc,55600.0,53750.0,Thu Dec 18 2014 12:00:00 GMT-0800 (PST)
2013,audi,A4,2.0T Prestige quattro,Sedan,automatic,waukfafl8da169047,Illinois,46.0,15962.0,black,black,mercedes benz of chicago,33700.0,32500.0,Thu Dec 18 2014 10:00:00 GMT-0800 (PST)
2013,audi,A8,3.0T quattro,Sedan,automatic,wauagafdxdn005020,Texas,26.0,14413.0,white,black,vw credit,48500.0,44000.0,Thu Dec 18 2014 11:00:00 GMT-0800 (PST)
2013,audi,A5,2.0T Premium,Convertible,automatic,wauafafh2dn017443,Florida,19.0,16834.0,black,black,prestige motorcar imports inc,30000.0,23000.0,Thu Jan 08 2015 02:30:00 GMT-0800 (PST)
2013,audi,A6,2.0T Premium,Sedan,automatic,waucfafc4dn007820,Texas,42.0,23901.0,black,tan,music city autoplex llc,29900.0,29700.0,Wed Jan 07 2015 10:20:00 GMT-0800 (PST)
2013,acura,TSX,Technology Package,Sedan,automatic,jh4cu2f6xdc014175,Georgia,43.0,11958.0,red,â,ahfc/honda lease/trust/hvt  inc. eot acuras,22600.0,22200.0,Thu Dec 18 2014 10:00:00 GMT-0800 (PST)
2013,acura,TL,SH-AWD w/Technology Package,Sedan,other,19uua9f53da001179,Pennsylvania,29.0,1.0,black,black,ahfc/honda lease trust/hvt  inc.,21100.0,4750.0,Fri Apr 10 2015 02:00:00 GMT-0700 (PDT)
2013,bmw,X1,xDrive28i,SUV,automatic,wbavl1c56dvr82164,Florida,33.0,19334.0,gray,black,reeves import motorcars inc,25200.0,23000.0,Thu Jan 15 2015 01:50:00 GMT-0800 (PST)
2013,bmw,7 Series,740Li xDrive,Sedan,automatic,wbayf4c54dde23744,Missouri,41.0,28537.0,black,black,bmw of topeka volkswagen of topeka,45000.0,48500.0,Wed Dec 31 2014 10:30:00 GMT-0800 (PST)
2013,bmw,6 Series Gran Coupe,640i,Sedan,automatic,wba6a0c55ddz03237,Wisconsin,43.0,45988.0,black,black,financial services remarketing (lease),47300.0,44000.0,Wed Jan 28 2015 02:00:00 GMT-0800 (PST)
2013,cadillac,ATS,Standard,Sedan,other,1g6ag5rxxd0166337,Pennsylvania,41.0,9744.0,red,tan,fiserv/usb dealer services northstar exchange,23000.0,23600.0,Fri Dec 19 2014 09:00:00 GMT-0800 (PST)
2013,buick,Regal,Premium 1,Sedan,automatic,2g4gs5er8d9128507,Florida,4.0,53100.0,white,tan,the hertz corporation/gm,12500.0,12900.0,Fri Dec 19 2014 09:35:00 GMT-0800 (PST)
2013,buick,Verano,Base,Sedan,other,1g4pp5sk5d4179815,Pennsylvania,5.0,4785.0,silver,gray,gm financial leasing,13550.0,13600.0,Tue Dec 23 2014 09:00:00 GMT-0800 (PST)
2013,cadillac,ATS,Premium,Sedan,automatic,1g6ae5s38d0127873,Florida,5.0,13574.0,unknown,beige,gm remarketing,28900.0,21800.0,Mon Dec 22 2014 09:30:00 GMT-0800 (PST)
2013,buick,Encore,Leather,SUV,automatic,kl4cjcsb0db159373,Georgia,49.0,7650.0,red,gray,don jackson chrysler dodge jeep,19300.0,19800.0,Thu Dec 18 2014 10:00:00 GMT-0800 (PST)
2013,buick,Verano,Leather Group,Sedan,automatic,1g4ps5sk8d4242307,Florida,3.0,54618.0,silver,black,the hertz corporation/gm,11500.0,11600.0,Fri Dec 19 2014 09:35:00 GMT-0800 (PST)
2013,buick,Regal,Premium 1 Turbo,Sedan,automatic,2g4gs5ev8d9127094,Nebraska,44.0,14874.0,black,black,enterprise vehicle exchange/davenport,16000.0,17200.0,Thu Dec 18 2014 10:30:00 GMT-0800 (PST)
2013,buick,Encore,Convenience,SUV,automatic,kl4cjbsb2db075176,Georgia,4.0,34180.0,silver,black,avis corporation,16200.0,15800.0,Tue Dec 30 2014 13:00:00 GMT-0800 (PST)
2013,bmw,5 Series,ActiveHybrid 5,Sedan,automatic,wbafz9c56dc751987,California,43.0,20484.0,silver,black,mckenna audi/mckenna bmw,33900.0,33000.0,Thu Dec 18 2014 12:00:00 GMT-0800 (PST)
2013,cadillac,XTS,Premium,Sedan,automatic,2g61t5s3xd9106017,Tennessee,42.0,25438.0,black,gray,premier motors-leasing  inc.,30000.0,33200.0,Wed Jan 21 2015 02:30:00 GMT-0800 (PST)
2013,chevrolet,Black Diamond Avalanche,LTZ,Crew Cab,automatic,3gntkge70dg120721,Nebraska,41.0,49943.0,blue,black,anderson ford lincoln,34200.0,36000.0,Thu Dec 18 2014 11:00:00 GMT-0800 (PST)
2013,chevrolet,Camaro,ZL1,Coupe,manual,2g1fz1ep3d9803983,Arizona,37.0,44022.0,red,black,yates buick gmc inc,38600.0,35000.0,Thu Jan 08 2015 11:00:00 GMT-0800 (PST)
2013,cadillac,XTS,Luxury,Sedan,automatic,2g61p5s39d9145945,Minnesota,41.0,18003.0,gray,gray,select lane,28700.0,24750.0,Tue Dec 23 2014 14:00:00 GMT-0800 (PST)
2013,chevrolet,Black Diamond Avalanche,LT,Crew Cab,automatic,3gntkfe72dg113392,Illinois,2.0,35140.0,black,black,ally,32800.0,25100.0,Thu Jan 29 2015 02:00:00 GMT-0800 (PST)
2014,bmw,4 Series,428i,Coupe,other,wba3n3c58ef711132,Texas,37.0,14396.0,silver,black,jordan ford ltd,31400.0,32500.0,Wed Dec 17 2014 10:00:00 GMT-0800 (PST)
2014,acura,RLX,Base,Sedan,other,jh4kc1f39ec001658,Pennsylvania,37.0,21271.0,black,black,american honda motor company,30800.0,32000.0,Fri Dec 19 2014 09:00:00 GMT-0800 (PST)
2014,bmw,6 Series Gran Coupe,650i xDrive,Sedan,other,wba6b4c56ed371485,Pennsylvania,5.0,3513.0,white,black,alans autos,67000.0,68400.0,Fri Dec 19 2014 09:00:00 GMT-0800 (PST)
2014,audi,A6,2.0T Premium quattro,Sedan,automatic,wauffafc2en123998,Florida,45.0,3321.0,silver,brown,the collection,36200.0,34200.0,Tue Dec 30 2014 14:00:00 GMT-0800 (PST)
2014,bmw,3 Series,328i xDrive SULEV,Sedan,automatic,wba3b5g52ens07096,Florida,43.0,2024.0,black,black,lauderdale imports ltd bmw pembrok pines,33100.0,35200.0,Fri Jan 09 2015 09:35:00 GMT-0800 (PST)
2014,audi,A7,Premium Plus quattro,Sedan,other,wauwgafc0en008622,New Jersey,38.0,30403.0,black,black,bmw of bayside,51600.0,48750.0,Wed Dec 17 2014 09:30:00 GMT-0800 (PST)
2014,audi,A6,2.0T Premium Plus,Sedan,automatic,waudfafc6en028061,Texas,5.0,9765.0,white,brown,vw credit xu ready,35200.0,36800.0,Thu Dec 18 2014 11:00:00 GMT-0800 (PST)
2014,acura,RLX,Technology Package,Sedan,automatic,jh4kc1f54ec003402,Nevada,43.0,6249.0,silver,black,ahfc/honda lease trust/hvt  inc acuras,33700.0,33700.0,Fri Dec 19 2014 12:00:00 GMT-0800 (PST)
2014,audi,Q7,TDI Premium Plus quattro,SUV,automatic,wa1lmafe9ed008389,Georgia,47.0,6700.0,black,black,lexus of greenville,49800.0,43000.0,Thu Dec 18 2014 10:00:00 GMT-0800 (PST)
2014,bmw,2 Series,228i,Coupe,automatic,wba1f5c53evv99071,Wisconsin,44.0,8533.0,black,black,financial services remarketing (lease),25700.0,27250.0,Wed Jan 14 2015 02:00:00 GMT-0800 (PST)
2014,audi,A6,2.0T Premium Plus quattro,Sedan,automatic,waugfafc5en018909,Illinois,43.0,8448.0,black,black,mercedes benz of chicago,36400.0,37000.0,Thu Dec 18 2014 10:00:00 GMT-0800 (PST)
2014,audi,A6,TDI Premium Plus quattro,Sedan,automatic,waufmafcxen058839,Texas,5.0,6361.0,white,black,fort worth audi,47000.0,47700.0,Tue Dec 23 2014 14:00:00 GMT-0800 (PST)
2013,chevrolet,Malibu,Eco,Sedan,automatic,1g11f5rr4df120994,Minnesota,31.0,42448.0,black,black,remarketing by ge/westconsin credit union,12750.0,12300.0,Thu Dec 18 2014 10:45:00 GMT-0800 (PST)
2013,chevrolet,Sonic,LS,Sedan,automatic,1g1ja5sh0d4108420,Florida,,40672.0,gray,gray,tropical chevrolet,6925.0,6400.0,Fri Dec 19 2014 09:35:00 GMT-0800 (PST)
2013,chevrolet,Sonic,RS,Hatchback,manual,1g1jh6sb0d4184197,Missouri,37.0,32873.0,unknown,black,first community credit union,11700.0,8200.0,Tue Dec 23 2014 10:30:00 GMT-0800 (PST)
2013,chevrolet,Spark,LS,Hatchback,automatic,kl8cb6s98dc522135,Pennsylvania,41.0,30414.0,unknown,black,gm financial,7375.0,7400.0,Tue Dec 23 2014 09:00:00 GMT-0800 (PST)
2013,chrysler,200,S,Convertible,automatic,1c3bcbggxdn570485,Arizona,34.0,30122.0,gray,black,earnhardt,19100.0,17500.0,Thu Dec 18 2014 11:00:00 GMT-0800 (PST)
2013,Ford,Expedition,EL XLT,SUV,automatic,1fmjk1j57def09179,Wisconsin,49.0,20604.0,red,red,cat wholesale llc,35300.0,39000.0,Wed Dec 31 2014 10:00:00 GMT-0800 (PST)
2013,Ford,Focus,Electric,Hatchback,automatic,1fadp3r46dl125972,California,45.0,3145.0,white,beige,ford motor credit company llc pd,15500.0,12500.0,Thu Jan 08 2015 12:00:00 GMT-0800 (PST)
2014,bmw,M6 Gran Coupe,Base,Sedan,automatic,wbs6c9c59ed467097,Georgia,44.0,7338.0,black,black,bmw of chattanooga,100000.0,93250.0,Thu Dec 18 2014 10:00:00 GMT-0800 (PST)
2014,buick,regal,fwd 4c,,automatic,2g4gv5ek5e9289912,Texas,41.0,16441.0,black,black,texas auto brokers,17550.0,17500.0,Wed Jan 14 2015 02:00:00 GMT-0800 (PST)
2014,buick,Regal,Premium I,Sedan,automatic,2g4gn5ex0e9231590,Florida,,16744.0,white,tan,hertz/tra,18800.0,3000.0,Mon Dec 22 2014 09:30:00 GMT-0800 (PST)
2014,buick,Regal,Base,Sedan,automatic,2g4gk5ex1e9230750,Florida,37.0,5510.0,red,beige,fiserv/citizens auto finance,18750.0,17200.0,Tue Jan 27 2015 01:30:00 GMT-0800 (PST)
2013,Ford,Fusion Hybrid,Titanium,Sedan,automatic,3fa6p0ruxdr282137,California,44.0,32059.0,black,black,ford motor credit company llc pd,22400.0,21700.0,Thu Jan 08 2015 12:00:00 GMT-0800 (PST)
2013,gmc,Sierra 2500HD,Denali,Crew Cab,automatic,1gt125e86df151177,Florida,4.0,17986.0,black,black,gm remarketing,46700.0,42000.0,Mon Dec 22 2014 09:30:00 GMT-0800 (PST)
2013,honda,Pilot,EX-L w/Navigation,SUV,automatic,5fnyf3h78db025286,Nevada,34.0,16081.0,black,gray,ahfc/honda lease trust/hvt  inc.,27500.0,27000.0,Fri Dec 19 2014 12:00:00 GMT-0800 (PST)
2013,honda,Civic,Hybrid PZEV,Sedan,automatic,19xfb4f28de000653,Illinois,39.0,15822.0,blue,beige,primeritus remarketing/crescent bank & trust,16400.0,15100.0,Tue Jan 13 2015 10:00:00 GMT-0800 (PST)
2013,honda,Fit,Sport w/Navigation,Hatchback,automatic,jhmge8h65dc014048,Georgia,37.0,35170.0,unknown,black,ahfc/honda lease trust/hvt  inc.,11550.0,12500.0,Thu Dec 18 2014 10:00:00 GMT-0800 (PST)
2013,hyundai,Elantra Coupe,GS PZEV,Elantra Coupe,manual,kmhdh6ae4du020883,Puerto Rico,43.0,23880.0,red,black,oriental bank,11800.0,14500.0,Thu Dec 18 2014 11:30:00 GMT-0800 (PST)
2013,hyundai,Genesis Coupe,2.0T,Genesis Coupe,automatic,kmhht6kdxdu095724,Minnesota,23.0,13862.0,red,black,hyundai motor finance,15850.0,13700.0,Wed Jan 14 2015 10:30:00 GMT-0800 (PST)
2013,mazda,Mazdaspeed3,Touring,Hatchback,manual,jm1bl1l38d1835811,North Carolina,28.0,17243.0,red,black,santander consumer,18250.0,16700.0,Mon Dec 22 2014 09:30:00 GMT-0800 (PST)
2013,mini,Cooper Paceman,S ALL4,Hatchback,manual,wmwss7c57dwn52016,Washington,5.0,10114.0,gray,black,financial services remarketing (lease),20800.0,22000.0,Wed Jan 21 2015 04:30:00 GMT-0800 (PST)
2014,cadillac,XTS,Vsport Platinum,Sedan,automatic,2g61w5s89e9135044,Florida,4.0,7994.0,black,black,gm remarketing,46100.0,41000.0,Mon Dec 22 2014 09:30:00 GMT-0800 (PST)
2014,chevrolet,Silverado 1500,High Country,Crew Cab,automatic,3gcuktec0eg317909,Texas,43.0,12588.0,burgundy,black,lone star liquidation/twisted performance,39400.0,40700.0,Thu Dec 18 2014 11:00:00 GMT-0800 (PST)
2013,mercedes-benz,Sprinter,2500 144 WB Crew,Van,automatic,wd4pe7ccxd5775077,Wisconsin,3.0,49993.0,gray,gray,mercedes-benz finc wholesale advantage,30100.0,25000.0,Wed Jan 14 2015 02:00:00 GMT-0800 (PST)
2013,smart,fortwo,pure coupe,Hatchback,automatic,wmeej3ba1dk625352,Florida,,11619.0,silver,black,the auto group collection inc,8475.0,9100.0,Thu Dec 18 2014 11:00:00 GMT-0800 (PST)
2013,mercedes-benz,E-Class,E550 Sport 4MATIC,Sedan,other,wddhf9bb1da700569,Pennsylvania,,46079.0,black,gray,mercedes-benz financial services,36600.0,33000.0,Fri Dec 19 2014 08:31:00 GMT-0800 (PST)
2013,mitsubishi,Lancer Sportback,GT,Hatchback,automatic,ja32x8hw8du002667,Illinois,42.0,7774.0,black,black,mmca  inc,12850.0,12500.0,Thu Dec 18 2014 10:00:00 GMT-0800 (PST)
2013,mitsubishi,Lancer,GT,Sedan,manual,ja32u8fw0du000553,Pennsylvania,33.0,27283.0,white,black,mmca  inc,11800.0,10900.0,Fri Dec 19 2014 09:00:00 GMT-0800 (PST)
2013,subaru,BRZ,Limited,Coupe,automatic,jf1zcac11d2604360,Colorado,,11747.0,silver,black,schomp bmw,17350.0,20000.0,Wed Dec 17 2014 11:45:00 GMT-0800 (PST)
2013,ram,C/V Tradesman,Base,Minivan,automatic,2c4jrgag8dr762454,Texas,27.0,71387.0,white,black,wheels exchange llc,10250.0,9800.0,Tue Dec 23 2014 10:10:00 GMT-0800 (PST)
2013,porsche,Panamera,GTS,Sedan,automatic,wp0af2a79dl075178,Texas,34.0,19113.0,black,black,rolls royce motorcars manhattan,78000.0,77500.0,Thu Dec 18 2014 11:00:00 GMT-0800 (PST)
2013,ram,3500,Laramie Longhorn Edition,Crew Cab,automatic,3c63rrkl3dg609123,Minnesota,38.0,70264.0,black,brown,chrysler capital,40400.0,38500.0,Thu Dec 18 2014 10:45:00 GMT-0800 (PST)
2013,tesla,Model S,Performance,Sedan,automatic,5yjsa1cp9dfp03379,Texas,5.0,4137.0,white,silver,earth motorcars llc,87000.0,80000.0,Thu Dec 18 2014 11:00:00 GMT-0800 (PST)
2013,toyota,Highlander,Plus,SUV,other,5tdbk3eh3ds185697,Pennsylvania,27.0,30970.0,burgundy,gray,toyota financial services,24600.0,22100.0,Fri Dec 19 2014 09:00:00 GMT-0800 (PST)
2013,toyota,Sienna,L 7-Passenger,Minivan,automatic,5tdzk3dcxds299426,California,29.0,33123.0,white,beige,the hertz corporation,17350.0,16800.0,Tue Dec 23 2014 12:30:00 GMT-0800 (PST)
2013,toyota,RAV4,XLE,SUV,automatic,2t3rfrev4dw019361,Washington,4.0,23595.0,brown,black,toyota financial services,21100.0,20800.0,Wed Dec 17 2014 13:45:00 GMT-0800 (PST)
2013,toyota,Highlander,SE,SUV,other,5tdbk3eh5ds187676,Pennsylvania,48.0,27233.0,black,black,adcock brothers inc,27000.0,27750.0,Fri Jan 23 2015 01:00:00 GMT-0800 (PST)
2013,toyota,Prius c,One,Hatchback,automatic,jtdkdtb33d1530534,Puerto Rico,39.0,33601.0,black,gray,oriental bank,12800.0,12000.0,Thu Jan 15 2015 03:30:00 GMT-0800 (PST)
2013,Volkswagen,GTI,Driver's Edition PZEV,Hatchback,manual,wvwgd7aj4dw058778,Illinois,44.0,14372.0,white,gray,wells fargo dealer services,18550.0,15600.0,Thu Dec 18 2014 10:00:00 GMT-0800 (PST)
2013,Volkswagen,Beetle Convertible,2.5L,Beetle Convertible,automatic,3vw5x7at4dm812159,Texas,47.0,16149.0,white,â,remarketing services of el paso,17000.0,18500.0,Thu Dec 18 2014 12:00:00 GMT-0800 (PST)
2013,Volkswagen,CC,VR6 4Motion Executive,Sedan,automatic,wvwgu7anxde529387,Washington,39.0,20293.0,white,beige,vw credit,25600.0,25100.0,Wed Dec 17 2014 12:30:00 GMT-0800 (PST)
2013,Volkswagen,Passat,V6 SE,Sedan,automatic,1vwbm7a31dc038496,Texas,48.0,14148.0,gray,black,vw credit  inc/pilot,17750.0,19000.0,Thu Dec 18 2014 11:00:00 GMT-0800 (PST)
2013,Volkswagen,Golf R,Base,Hatchback,manual,wvwpf7aj9dw031702,Texas,28.0,38628.0,black,black,vw credit,26900.0,24600.0,Thu Dec 18 2014 11:00:00 GMT-0800 (PST)
2013,Volkswagen,Tiguan,S 4Motion,SUV,automatic,wvgbv3ax3dw594170,Texas,42.0,10493.0,gray,black,vw credit  inc/pilot,19800.0,18200.0,Thu Dec 18 2014 11:00:00 GMT-0800 (PST)
2013,Volkswagen,Touareg,VR6 Executive,SUV,automatic,wvgef9bp2dd009876,Nevada,41.0,22743.0,black,black,enterprise veh exchange/rental,30200.0,26700.0,Fri Dec 19 2014 12:00:00 GMT-0800 (PST)
2013,Volkswagen,Passat,Wolfsburg Edition,Sedan,automatic,1vwah7a31dc146486,Texas,37.0,23417.0,white,tan,vw credit  inc/pilot,12050.0,13600.0,Thu Dec 18 2014 11:00:00 GMT-0800 (PST)
2012,acura,TSX Sport Wagon,Technology Package,TSX Sport Wagon,automatic,jh4cw2h65cc002344,Florida,36.0,28031.0,black,black,napleton's palm beach acura,19500.0,17900.0,Thu Dec 18 2014 10:15:00 GMT-0800 (PST)
2012,airstream,interstate,rvb,,automatic,wd3pf4cd5c5624350,California,4.0,51971.0,black,tan,pdx auto wholesale llc,29500.0,71000.0,Thu Dec 18 2014 12:30:00 GMT-0800 (PST)
2012,audi,a6,awd v6 premium,,automatic,waufgafc0cn098531,New Jersey,,55496.0,unknown,,advanced auto brokers llc,27600.0,24300.0,Wed Dec 17 2014 09:30:00 GMT-0800 (PST)
2012,audi,A3,2.0T PZEV Premium,Wagon,manual,waupeafm4ca040710,Florida,,19686.0,black,â,reeves import motorcars inc,18900.0,18000.0,Thu Dec 18 2014 09:45:00 GMT-0800 (PST)
2012,acura,TL,SH-AWD w/Advance Package,Sedan,automatic,19uua9f71ca005103,Pennsylvania,34.0,34918.0,black,black,ahfc/honda lease/trust/hvt  inc. eot acuras,25200.0,23100.0,Fri Jan 02 2015 09:00:00 GMT-0800 (PST)
2014,chevrolet,Corvette Stingray,Base,Convertible,other,1g1ya3d76e5119280,Pennsylvania,5.0,3035.0,white,black,ford-lincoln dealer program,57300.0,56900.0,Fri Jan 30 2015 01:00:00 GMT-0800 (PST)
2014,chevrolet,Corvette Stingray,Z51,Coupe,manual,1g1yl2d75e5124362,California,42.0,4975.0,red,black,remarketing by ge/larry h miller-fleet lease,56100.0,52500.0,Tue Jan 27 2015 04:00:00 GMT-0800 (PST)
2012,audi,a6,fwd 4c 2.0t prm,,automatic,waucfafcxcn173287,Florida,35.0,20284.0,black,brown,prestige motorcar imports inc,26600.0,25000.0,Thu Dec 18 2014 00:00:00 GMT-0800 (PST)
2012,audi,TTS,Premium Plus quattro,Convertible,automatic,tru41afk7c1015256,Florida,5.0,5276.0,red,black,the collection,35700.0,40600.0,Thu Dec 18 2014 09:15:00 GMT-0800 (PST)
2012,bmw,750li,xdr 750li xdr,,automatic,wbakc8c5xcc435825,Wisconsin,29.0,79524.0,gray,black,financial services remarketing (lease),34200.0,33125.0,Wed Dec 17 2014 10:00:00 GMT-0800 (PST)
2012,buick,LaCrosse,Touring Group,Sedan,other,1g4gj5g39cf140103,Pennsylvania,35.0,36063.0,white,tan,fiserv/usb dealer services northstar exchange,18600.0,19400.0,Fri Dec 19 2014 09:00:00 GMT-0800 (PST)
2012,buick,LaCrosse,Premium I Group,Sedan,automatic,1g4gd5er9cf350375,Louisiana,,32872.0,gold,â,giles nissan,15750.0,14700.0,Thu Dec 18 2014 12:30:00 GMT-0800 (PST)
2012,buick,LaCrosse,Premium III Group,Sedan,other,1g4gh5e31cf107174,Pennsylvania,26.0,13473.0,silver,gray,fiserv/usb dealer services northstar exchange,21000.0,20200.0,Fri Dec 19 2014 09:00:00 GMT-0800 (PST)
2012,buick,LaCrosse,Premium II Group,Sedan,automatic,1g4gf5g34cf159885,Pennsylvania,,44531.0,beige,â,suburban auto sales,17600.0,13900.0,Fri Dec 19 2014 09:30:00 GMT-0800 (PST)
2012,cadillac,CTS Coupe,Base,CTS Coupe,automatic,1g6dc1e35c0109269,Michigan,32.0,32144.0,black,black,gm financial leasing,20500.0,18000.0,Thu Jan 29 2015 01:30:00 GMT-0800 (PST)
2012,buick,Enclave,Base,SUV,automatic,5gakraed3cj163810,Florida,,27452.0,white,black,williamson cadillac company,19950.0,21300.0,Fri Dec 19 2014 09:35:00 GMT-0800 (PST)
2012,chevrolet,Captiva Sport,1LS Fleet,SUV,automatic,3gnal1ek1cs631193,Florida,28.0,121675.0,silver,black,wheels exchange llc,5875.0,5900.0,Wed Dec 17 2014 09:10:00 GMT-0800 (PST)
2012,chevrolet,Colorado,1LT,Crew Cab,automatic,1gchtcfe1c8124945,Utah,22.0,68648.0,blue,tan,ge fleet services for itself/servicer,17050.0,15600.0,Wed Dec 17 2014 11:30:00 GMT-0800 (PST)
2012,chevrolet,Colorado,2LT,Crew Cab,automatic,1gchtdfe6c8129189,Utah,25.0,47833.0,silver,black,larry h. miller fleet lease,21100.0,20000.0,Wed Jan 07 2015 11:30:00 GMT-0800 (PST)
2012,Dodge,Journey,American Value Package,SUV,automatic,3c4pdcab2ct190752,New Jersey,2.0,87399.0,gray,black,d & d auto group llc,8375.0,7800.0,Wed Jan 07 2015 09:30:00 GMT-0800 (PST)
2012,Dodge,Challenger,SRT8 392,Coupe,manual,2c3cdycj5ch130350,Pennsylvania,34.0,20898.0,black,black,tdaf remarketing,32600.0,31000.0,Fri Jan 02 2015 09:00:00 GMT-0800 (PST)
2012,Ford,F-350 Super Duty,King Ranch,Crew Cab,automatic,1ft8w3bt3cea42034,Texas,,142577.0,white,â,fairway ford henderson,21900.0,26500.0,Mon Dec 22 2014 10:00:00 GMT-0800 (PST)
2012,Ford,Edge,SE Fleet,SUV,other,2fmdk4gc2cba93928,Pennsylvania,36.0,95756.0,black,black,ge fleet services for itself/servicer,12100.0,12800.0,Fri Dec 19 2014 09:00:00 GMT-0800 (PST)
2012,Ford,Focus,BEV,Hatchback,automatic,1fahp3r40cl442078,Pennsylvania,5.0,12180.0,black,gray,ford-lincoln dealer program,13150.0,15300.0,Tue Dec 23 2014 09:00:00 GMT-0800 (PST)
2014,chevrolet,SS,Base,Sedan,automatic,6g3f15rw0el924930,Texas,45.0,421.0,black,black,mid city mcandrew motors,35500.0,38250.0,Thu Dec 18 2014 11:00:00 GMT-0800 (PST)
2012,honda,Crosstour,EX,Hatchback,automatic,5j6tf3h39cl002886,New Jersey,33.0,34905.0,black,black,hamilton honda,15000.0,14200.0,Wed Jan 14 2015 01:30:00 GMT-0800 (PST)
2012,honda,Ridgeline,Sport,Crew Cab,automatic,5fpyk1f74cb451792,Texas,,30271.0,white,black,sunland park chrysler dodge jeep ram,22400.0,21000.0,Thu Dec 18 2014 12:00:00 GMT-0800 (PST)
2012,hyundai,Genesis,5,Sedan,automatic,kmhgc4dh6cu177710,Pennsylvania,19.0,19065.0,gray,black,wheels of fortune auto  inc,26100.0,19500.0,Wed Feb 04 2015 01:30:00 GMT-0800 (PST)
2012,jeep,Grand Cherokee,SRT8,SUV,automatic,1c4rjfdj4cc328986,Pennsylvania,,21474.0,gray,â,adcock brothers inc,44100.0,45000.0,Fri Dec 19 2014 09:30:00 GMT-0800 (PST)
2012,jeep,Liberty,Limited Jet,SUV,automatic,1c4pjmfkxcw124631,Pennsylvania,34.0,34791.0,black,black,fiserv/usb dealer services northstar exchange,19050.0,19600.0,Fri Dec 19 2014 09:00:00 GMT-0800 (PST)
2012,land rover,LR2,Base,SUV,automatic,salfr2bn6ch298508,Illinois,38.0,44752.0,gray,black,ec sales llc,22000.0,21500.0,Thu Dec 18 2014 10:00:00 GMT-0800 (PST)
2012,mazda,Mazda6,i Touring Plus,Sedan,automatic,1yvhz8eh2c5m15876,Florida,39.0,40883.0,black,black,jpmorgan chase bank n.a.,12850.0,12800.0,Mon Dec 22 2014 09:30:00 GMT-0800 (PST)
2012,mazda,6,s Touring Plus,Sedan,automatic,1yvhz8eb2c5m21964,Louisiana,36.0,74289.0,black,black,jpmorgan chase bank n.a.,10150.0,11200.0,Wed Jan 14 2015 03:00:00 GMT-0800 (PST)
2012,mazda,Mazdaspeed 3,Touring,Hatchback,manual,jm1bl1l30c1652370,Florida,46.0,36349.0,black,black,rob lambdin's university dodge,14950.0,15400.0,Tue Dec 23 2014 09:30:00 GMT-0800 (PST)
2012,mercedes-benz,C-Class,C350,Coupe,other,wddgj5hb1cf820478,Pennsylvania,,23693.0,black,black,mercedes-benz financial services,26200.0,23400.0,Fri Dec 19 2014 08:31:00 GMT-0800 (PST)
2012,mitsubishi,i-MiEV,ES,Hatchback,automatic,ja3215h11cu025226,New Jersey,,4455.0,burgundy,â,fast cash 4 cars & wholesale llc,9775.0,8400.0,Wed Dec 17 2014 09:00:00 GMT-0800 (PST)
2012,mercedes-benz,Sprinter,2500 170 WB Cargo,Van,automatic,wd3pe8cc2c5630883,South Carolina,3.0,89514.0,white,black,enterprise veh exchange/rental,22300.0,23800.0,Thu Dec 18 2014 09:15:00 GMT-0800 (PST)
2012,nissan,Quest,S,Minivan,automatic,jn8ae2kp8c9044747,Florida,36.0,60906.0,gray,gray,the hertz corporation,11350.0,11600.0,Fri Dec 19 2014 00:00:00 GMT-0800 (PST)
2012,nissan,Titan,PRO-4X,Crew Cab,automatic,1n6aa0ec4cn301587,Pennsylvania,38.0,27347.0,gray,black,manheim imports,25400.0,27000.0,Fri Jan 02 2015 09:00:00 GMT-0800 (PST)
2012,nissan,Xterra,Pro-4X,SUV,manual,5n1an0nw2cc521206,Colorado,43.0,17895.0,red,gray,hall auto brokerage,19550.0,19900.0,Wed Dec 17 2014 11:45:00 GMT-0800 (PST)
2012,porsche,911,Carrera Black Edition,Coupe,automatic,wp0aa2a91cs106640,Pennsylvania,44.0,23757.0,silver,black,my car llc,60000.0,59500.0,Thu Dec 18 2014 09:30:00 GMT-0800 (PST)
2010,toyota,Prius,IV,Hatchback,automatic,jtdkn3du4a5121465,Pennsylvania,,115980.0,gray,â,community auto sales inc,9825.0,8800.0,Fri Dec 19 2014 09:00:00 GMT-0800 (PST)
2009,chevrolet,Tahoe,LT2 XFE,SUV,automatic,1gnec23399r221983,Florida,41.0,115746.0,blue,tan,braman motorcars,14850.0,15200.0,Fri Dec 19 2014 09:35:00 GMT-0800 (PST)
2009,gmc,sr,1500 4x2 cr sle,,automatic,3gtec23j89g146975,Texas,,111189.0,gray,gray,shamaley ford,15700.0,13000.0,Thu Dec 18 2014 12:00:00 GMT-0800 (PST)
2009,kia,Spectra,Spectra5 SX,Wagon,other,knafe241895608484,unknown,39.0,76407.0,blue,gray,9207 5787 quebec inc,5325.0,4000.0,Tue Dec 23 2014 10:00:00 GMT-0800 (PST)
2009,mercedes-benz,SL-Class,SL63 AMG,Convertible,automatic,wdbsk70f79f146341,Nevada,38.0,13774.0,black,black,financial services remarketing (repos),52300.0,54500.0,Wed Dec 31 2014 12:30:00 GMT-0800 (PST)
2009,Volkswagen,Jetta,SportWagen S,Wagon,automatic,3vwkm71k09m277065,Nevada,,79579.0,blue,â,desert trail auto,6900.0,6600.0,Thu Dec 18 2014 11:45:00 GMT-0800 (PST)
2008,buick,LaCrosse,Super,Sedan,automatic,2g4wn58c281294651,California,,87156.0,burgundy,â,desert fleet lease,8075.0,9200.0,Thu Dec 18 2014 12:00:00 GMT-0800 (PST)
2008,Dodge,Caliber,SRT4,Wagon,manual,1b3hb68f48d684209,Texas,3.0,80975.0,black,black,wells fargo dealer services,7475.0,8500.0,Wed Jan 07 2015 10:00:00 GMT-0800 (PST)
2008,ferrari,F430,Spider F1,Convertible,automatic,zffew59a480162224,Florida,26.0,11301.0,red,black,the hertz corporation,128000.0,117000.0,Tue Mar 03 2015 01:30:00 GMT-0800 (PST)
2008,infiniti,EX35,Base,SUV,automatic,jnkaj09f48m362313,Florida,,68096.0,brown,brown,braman honda of palm beach,12850.0,14500.0,Fri Dec 19 2014 09:35:00 GMT-0800 (PST)
2008,mazda,mazda3,gx,,other,jm1bk34f281110928,unknown,,146568.0,gray,â,st atanas inc,3625.0,4800.0,Thu Dec 18 2014 18:30:00 GMT-0800 (PST)
2008,pontiac,g5,base,,other,1g2al55f287229292,unknown,28.0,124748.0,white,gray,goldstar motors,1950.0,2200.0,Tue Dec 23 2014 10:00:00 GMT-0800 (PST)
2007,chevrolet,Malibu Maxx,LS Fleet,Hatchback,automatic,1g1zs67n37f164882,Texas,27.0,202207.0,white,gray,dt inventory,750.0,1000.0,Tue Dec 23 2014 10:00:00 GMT-0800 (PST)
2007,mercedes-benz,C-Class,C350 Luxury,Sedan,automatic,wdbrf56hx7f903844,Georgia,23.0,98920.0,white,tan,nalley lexus smyrna,5900.0,7800.0,Tue Dec 30 2014 13:00:00 GMT-0800 (PST)
2007,toyota,yaris,base,,automatic,jtdbt923874001153,Puerto Rico,29.0,62425.0,white,beige,scotiabank de puerto rico,5100.0,5700.0,Tue Dec 30 2014 11:00:00 GMT-0800 (PST)
2006,honda,pilot,4x4 lx,,automatic,2hkyf18196h533836,Pennsylvania,37.0,72876.0,blue,gray,autocelli inc,8425.0,9400.0,Fri Jan 02 2015 09:15:00 GMT-0800 (PST)
2006,jeep,wrangler,6c se,,automatic,1j4fa29sx6p724974,Arizona,,80980.0,gold,beige,tlk investments llc,12050.0,14250.0,Thu Dec 18 2014 11:00:00 GMT-0800 (PST)
2006,maserati,GranSport,Base,Coupe,automatic,zamec38a960022563,Arizona,,16495.0,silver,black,plutas motor group llc,34800.0,31500.0,Thu Dec 18 2014 11:00:00 GMT-0800 (PST)
2006,mitsubishi,Raider,Duro Cross V8,Extended Cab,automatic,1z7ht32n06s578931,North Carolina,39.0,58787.0,silver,gray,chrysler capital,8400.0,8800.0,Mon Dec 22 2014 09:30:00 GMT-0800 (PST)
2005,cadillac,escalade,4x2 v8,,automatic,1gyec63t45r147604,California,41.0,227116.0,black,tan,premium auto wholesale,725.0,3600.0,Thu Dec 18 2014 12:00:00 GMT-0800 (PST)
2005,Dodge,neon,base,,other,1b3es46c25d269644,unknown,34.0,179976.0,black,black,garage manas auto inc,175.0,800.0,Tue Jan 06 2015 02:00:00 GMT-0800 (PST)
2005,honda,accord,exl,,other,1hgcm56695a816010,unknown,,269747.0,silver,black,national exchange,2375.0,3800.0,Thu Dec 18 2014 18:30:00 GMT-0800 (PST)
2004,chevrolet,Silverado 2500,LS,Crew Cab,automatic,1gcgk23u24f214512,Nevada,32.0,112036.0,red,green,prestige chrysler jeep dodge,11850.0,12100.0,Fri Dec 19 2014 11:45:00 GMT-0800 (PST)
2004,infiniti,Q45,Luxury,Sedan,automatic,jnkbf01a44m500285,Maryland,,190413.0,silver,â,car corporation of america inc,2450.0,3600.0,Tue Dec 23 2014 09:30:00 GMT-0800 (PST)
2004,mitsubishi,Eclipse Spyder,GTS,Convertible,automatic,4a3ae75h94e034747,Nevada,,128115.0,gray,â,munoz auto sales  inc.,1875.0,2400.0,Thu Dec 18 2014 12:00:00 GMT-0800 (PST)
2004,nissan,Xterra,SE S/C,SUV,automatic,5n1md28y24c605018,Arizona,,131061.0,green,black,tlk investments llc,3625.0,7400.0,Thu Dec 18 2014 11:00:00 GMT-0800 (PST)
2003,Ford,Escape,XLS Popular,SUV,automatic,1fmyu02133ka02049,Maryland,19.0,161344.0,silver,gray,jim coleman toyota inc,1575.0,1000.0,Tue Jan 13 2015 09:30:00 GMT-0800 (PST)
2014,jeep,Grand Cherokee,SRT,SUV,other,1c4rjfdj3ec140303,Pennsylvania,48.0,5473.0,white,black,adcock brothers inc,55000.0,59500.0,Fri Dec 19 2014 09:30:00 GMT-0800 (PST)
2003,honda,accord,v6 ex,,other,1hgcm66493a803209,unknown,,124316.0,black,black,manhattan used cars,3325.0,3800.0,Thu Dec 18 2014 18:30:00 GMT-0800 (PST)
2002,mitsubishi,Galant,GTZ V6,Sedan,automatic,4a3aa46h22e030819,Texas,,166287.0,gray,gray,others first inc.,975.0,1300.0,Tue Dec 23 2014 00:00:00 GMT-0800 (PST)
2002,subaru,Impreza,TS,Wagon,automatic,jf1gg65522h811133,Hawaii,19.0,200426.0,black,gray,onemain remarketing services,900.0,400.0,Tue Dec 23 2014 14:35:00 GMT-0800 (PST)
2001,pontiac,Firebird,Trans Am,Hatchback,automatic,2g2fv22g812124698,Maryland,2.0,106306.0,silver,black,annapolis subaru inc,4600.0,4350.0,Tue Jan 06 2015 09:30:00 GMT-0800 (PST)
2001,oldsmobile,Aurora,4,Sedan,automatic,1g3gs64c214184707,Michigan,,89455.0,brown,tan,d & b auto sales llc,1225.0,1700.0,Thu Dec 18 2014 09:30:00 GMT-0800 (PST)
2000,chevrolet,astro,cargo awd w/yf7,,automatic,1gcdl19w1yb173600,Maryland,1.0,176953.0,white,blue,ge fleet services for itself/servicer,1675.0,300.0,Tue Jan 13 2015 13:00:00 GMT-0800 (PST)
2001,volvo,V70,T5,Wagon,automatic,yv1sw53d511008264,Maryland,1.0,109744.0,silver,gray,jim coleman toyota inc,2050.0,1100.0,Tue Dec 23 2014 09:30:00 GMT-0800 (PST)
2001,Volkswagen,GTI,GLX VR6,Hatchback,manual,9bwpg61j914054918,Arizona,,46076.0,silver,black,town and country motors,3700.0,6100.0,Thu Dec 18 2014 11:00:00 GMT-0800 (PST)
2000,Ford,f350,4x4 cr srw xlt,,automatic,3ftsw31f8yma58510,Massachusetts,19.0,248114.0,black,tan,metro ford,6250.0,4700.0,Tue Jan 06 2015 02:00:00 GMT-0800 (PST)
2000,Ford,f150,4x2 ext lariat,,other,1ftrx17l6ykb04453,California,25.0,198330.0,white,beige,remarketing by ge/manheim southern california,2550.0,1800.0,Thu Dec 18 2014 12:00:00 GMT-0800 (PST)
2000,chevrolet,venture,fwd ext warner bro,,automatic,1gndx13e8yd277615,Nevada,,150219.0,red,â,hawker automotive  inc.,825.0,700.0,Thu Dec 18 2014 11:45:00 GMT-0800 (PST)
2000,Ford,taurus,se,,automatic,1fafp5325yg164515,Texas,2.0,216778.0,red,beige,texas direct auto,400.0,350.0,Wed Dec 31 2014 10:20:00 GMT-0800 (PST)
2000,gmc,Yukon Denali,Denali,SUV,automatic,1gkek63r0yr193419,Ohio,,147323.0,silver,gray,globe auto center inc,2075.0,3000.0,Tue Dec 23 2014 09:30:00 GMT-0800 (PST)
2000,Ford,windstar,sel,,other,2fmda5346ybc25779,Ohio,28.0,190969.0,red,gray,langley mgmt services,475.0,650.0,Tue Dec 23 2014 12:00:00 GMT-0800 (PST)
1999,chevrolet,1500,4x2 ext classic ls,,automatic,1gcec19rxxr131219,Louisiana,,136881.0,red,â,norris wholesale llc,2525.0,1900.0,Thu Dec 18 2014 12:30:00 GMT-0800 (PST)
2014,maserati,Ghibli,S Q4,Sedan,other,zam57rta5e1091743,Pennsylvania,5.0,5962.0,gray,black,prime auto group of nj,62000.0,59500.0,Fri Jan 02 2015 09:00:00 GMT-0800 (PST)
1999,Ford,ranger,4x2 reg xlt,,manual,1ftyr10v1xpb79404,Florida,,141507.0,gray,gray,tmj of pinellas county inc,1850.0,2400.0,Thu Dec 18 2014 17:00:00 GMT-0800 (PST)
1999,volvo,V70,R,Wagon,automatic,yv1lv62d1x2572138,Texas,3.0,122083.0,black,beige,charitable adult rides services/car donating is,1575.0,1000.0,Tue Dec 23 2014 10:00:00 GMT-0800 (PST)
1998,Volkswagen,New Beetle,Base,Hatchback,automatic,3vwbb61c5wm027860,Florida,,175592.0,red,â,b & c auto brokerage llc,475.0,1000.0,Thu Dec 18 2014 13:00:00 GMT-0800 (PST)
1997,subaru,Legacy,GT,Sedan,automatic,4s3bd6755v7204244,Florida,,153034.0,green,gray,jupiter auto exchange inc,850.0,700.0,Thu Dec 18 2014 09:50:00 GMT-0800 (PST)
1997,volvo,960,Base,Sedan,other,yv1ks9606v1104096,Tennessee,1.0,174085.0,purple,â,titlemax/clarksville tn1,700.0,500.0,Tue Dec 23 2014 10:00:00 GMT-0800 (PST)
1995,Ford,windstar,fwd,,automatic,2fmda5147sba89298,Texas,,128219.0,purple,gray,big johns motor co,600.0,900.0,Thu Dec 18 2014 11:00:00 GMT-0800 (PST)
1996,oldsmobile,Cutlass Supreme,SL,Coupe,automatic,1g3wh12m6tf347861,Texas,1.0,1.0,white,gray,axcess financial,1200.0,300.0,Wed Jan 07 2015 12:30:00 GMT-0800 (PST)
1995,mercury,cougar,xr-7,,automatic,1melm62w4sh643279,Texas,2.0,96275.0,white,gray,axcess financial,650.0,550.0,Tue Dec 23 2014 10:00:00 GMT-0800 (PST)
1994,Ford,f150,4x2 ext xlt,,automatic,1ftex15n4rka88368,Texas,2.0,1.0,burgundy,gray,axcess financial,2025.0,350.0,Tue Dec 23 2014 10:00:00 GMT-0800 (PST)
1993,jeep,wrangler,4x4 4c s,,manual,1j4fy19p7pp268497,Arizona,,128855.0,red,gray,good car company inc,2900.0,2900.0,Thu Dec 18 2014 11:30:00 GMT-0800 (PST)
1994,isuzu,Trooper,S,SUV,automatic,jacdh58v9r7932871,Texas,,193533.0,red,â,mac haik's southway ford,450.0,650.0,Fri Dec 19 2014 10:00:00 GMT-0800 (PST)
1990,chevrolet,1500,4x2 ext base,,other,2gcec19k2l1242286,Missouri,,156215.0,white,â,animal protective association of missouri,550.0,800.0,Mon Dec 22 2014 11:00:00 GMT-0800 (PST)
2014,mercedes-benz,CLA-Class,CLA250 4MATIC,Sedan,automatic,wddsj4gb9en076370,Colorado,21.0,14254.0,white,gray,ari,30200.0,28800.0,Tue Dec 30 2014 12:00:00 GMT-0800 (PST)
2014,ram,1500,Longhorn,Crew Cab,automatic,1c6rr7pt3es373784,Ohio,5.0,15470.0,red,brown,pauley motor car co preowned vehicles llc,38400.0,38200.0,Tue Dec 23 2014 09:30:00 GMT-0800 (PST)
2014,bmw,3 Series,320i xDrive,Sedan,automatic,wba3c3c56ep660889,Nevada,5.0,1309.0,white,black,financial services remarketing (repos),27100.0,30000.0,Wed Dec 31 2014 12:30:00 GMT-0800 (PST)
2013,gmc,Terrain,Denali,SUV,automatic,2gkalyek1d6273647,Hawaii,5.0,13253.0,black,black,gm financial leasing,26500.0,24000.0,Wed Jan 21 2015 06:35:00 GMT-0800 (PST)
2013,porsche,911,Carrera 4S,Coupe,automatic,wp0ab2a96ds121648,Florida,47.0,9357.0,silver,black,tdaf remarketing,92000.0,87000.0,Tue Dec 30 2014 09:00:00 GMT-0800 (PST)
2013,subaru,BRZ,Premium,Coupe,manual,jf1zcab19d1608163,Pennsylvania,22.0,34278.0,black,black,remarketing by ge/suntrust bank,15450.0,15300.0,Tue Dec 23 2014 09:00:00 GMT-0800 (PST)
2013,ram,3500,Tradesman,Crew Cab,automatic,3c63rrgl5dg568454,Maryland,39.0,18909.0,white,gray,chrysler capital,35100.0,36300.0,Tue Dec 23 2014 09:30:00 GMT-0800 (PST)
2013,subaru,Outback,2.5i PZEV,Wagon,other,4s4brbac2d3243733,New Jersey,35.0,21045.0,silver,black,lester glenn buick,18250.0,18200.0,Wed Dec 31 2014 09:30:00 GMT-0800 (PST)
2012,bmw,Z4,sDrive35i,Convertible,automatic,wbalm7c50ce385145,Nevada,47.0,19465.0,black,red,financial services remarketing - pickup,36300.0,34750.0,Thu Jan 22 2015 06:30:00 GMT-0800 (PST)
2012,buick,Enclave,Convenience Group,SUV,automatic,5gakrbed3cj338708,Michigan,,45609.0,white,tan,burt watson chevrolet inc,18650.0,18800.0,Thu Dec 18 2014 10:15:00 GMT-0800 (PST)
2012,Dodge,Charger,SRT8 Superbee,Sedan,other,2c3cdxgj4ch236888,Virginia,,22731.0,yellow,â,safford chrysler jeep dodge of fredericksburg,29000.0,29100.0,Thu Dec 18 2014 09:05:00 GMT-0800 (PST)
2012,Ford,Escape,Hybrid,SUV,automatic,1fmcu5k32ckb19663,Illinois,44.0,44150.0,black,tan,emkay inc,16850.0,17400.0,Tue Jan 20 2015 02:00:00 GMT-0800 (PST)
2012,honda,Odyssey,Touring Elite,Minivan,automatic,5fnrl5h92cb029584,Florida,4.0,45357.0,gray,gray,summer enterprises of miami inc,24400.0,28000.0,Tue Dec 23 2014 09:30:00 GMT-0800 (PST)
2012,lexus,IS 350 C,Base,Convertible,automatic,jthfe2c21c2507310,Florida,27.0,44808.0,gray,gray,lexus financial services,30000.0,26800.0,Mon Dec 22 2014 09:30:00 GMT-0800 (PST)
2012,mitsubishi,i-MiEV,SE,Hatchback,automatic,ja3215h14cu008940,Nevada,41.0,9576.0,white,black,mitsubishi motors of america,10650.0,12300.0,Fri Jan 09 2015 04:00:00 GMT-0800 (PST)
2011,audi,R8,5.2 quattro Spyder,Convertible,automatic,wuavnafg8bn001049,California,,17027.0,white,â,jakes motorcars,108000.0,112000.0,Thu Dec 18 2014 12:30:00 GMT-0800 (PST)
2011,cadillac,Escalade EXT,Premium,Crew Cab,automatic,3gyt4nefxbg283639,Florida,,36231.0,black,black,williamson cadillac company,36300.0,39000.0,Fri Dec 19 2014 09:35:00 GMT-0800 (PST)
2011,Ford,f250,4x4 ex xl,,other,1fd7x2b69bec07463,Pennsylvania,2.0,77333.0,white,gray,enterprise fleet management exchange  inc.,14450.0,15100.0,Fri Dec 19 2014 08:30:00 GMT-0800 (PST)
2011,Ford,ranger,4x2 v6 xl,,automatic,1ftkr1ae5bpa57853,Texas,48.0,35469.0,white,gray,flexco fleet services,10000.0,11400.0,Tue Dec 23 2014 10:10:00 GMT-0800 (PST)
2011,jeep,Wrangler,Unlimited 70th Anniversary,SUV,automatic,1j4ba7h16bl604630,Florida,47.0,77951.0,silver,black,tdaf remarketing,26500.0,23600.0,Mon Dec 22 2014 09:00:00 GMT-0800 (PST)
2011,mitsubishi,Eclipse,GS-Sport,Hatchback,automatic,4a31k5df0be003185,Maryland,44.0,41386.0,brown,burgundy,capital one auto finance,10300.0,10100.0,Tue Feb 10 2015 01:30:00 GMT-0800 (PST)
2011,toyota,Sequoia,Platinum FFV,SUV,automatic,5tddw5g19bs045398,Ohio,42.0,79006.0,black,tan,bobb automotive inc,32300.0,33500.0,Tue Dec 23 2014 09:30:00 GMT-0800 (PST)
2010,audi,a4,awd 2.0t pres,,automatic,waukfafl1an056755,Nevada,41.0,71040.0,black,black,findlay north volkswagen,15800.0,17900.0,Wed Dec 31 2014 12:15:00 GMT-0800 (PST)
2011,toyota,corolla,s,,automatic,5yfbu4ee2bp002379,Florida,34.0,17451.0,black,black,world omni financial corporation,11800.0,11400.0,Mon Dec 22 2014 09:30:00 GMT-0800 (PST)
2010,audi,A5,3.2 Premium Plus quattro,Coupe,automatic,wauckafr4aa070189,California,33.0,50999.0,black,black,high bid trading co inc,21400.0,23000.0,Wed Dec 31 2014 12:15:00 GMT-0800 (PST)
2011,toyota,Sequoia,Limited FFV,SUV,automatic,5tdjw5g10bs054493,Florida,43.0,67320.0,silver,gray,central florida auto gallery inc,31900.0,34100.0,Tue Dec 30 2014 09:00:00 GMT-0800 (PST)
2010,buick,lacrosse,fwd v6 cx,,other,1g4gj5eg7af172275,unknown,22.0,87786.0,beige,beige,ari,9050.0,6000.0,Tue Dec 23 2014 10:00:00 GMT-0800 (PST)
2010,cadillac,CTS Wagon,Performance,CTS Wagon,automatic,1g6dj8ev8a0112583,Georgia,43.0,37405.0,red,beige,edward colosimo auto sales,17800.0,19000.0,Tue Dec 23 2014 09:30:00 GMT-0800 (PST)
2010,chrysler,300,Limited Fleet,Sedan,automatic,2c3ca3cv2ah324345,Michigan,37.0,64834.0,red,gray,automobiles paille inc,11750.0,11000.0,Thu Jan 08 2015 09:30:00 GMT-0800 (PST)
2010,Dodge,caravan,cargo,,automatic,2d4cn1ae5ar138545,Missouri,37.0,150392.0,white,black,lease plan usa,3675.0,4600.0,Tue Dec 23 2014 10:30:00 GMT-0800 (PST)
2010,Ford,f150,4x4 cr lariat,,automatic,1ftfw1ev8ake47152,Ohio,35.0,49511.0,black,black,larry hudson chevrolet buick gmc inc,24700.0,23900.0,Tue Dec 23 2014 09:30:00 GMT-0800 (PST)
2010,Ford,e350,ext cargo commercial,,other,1fdss3el5ada79341,Tennessee,27.0,144266.0,white,gray,lease plan usa,8425.0,7300.0,Tue Dec 23 2014 10:30:00 GMT-0800 (PST)
2010,Ford,e350,club wagon xl,,other,1fdss3bl6ada79482,New Jersey,42.0,72303.0,white,gray,vpsi  inc,11600.0,13400.0,Wed Dec 31 2014 09:30:00 GMT-0800 (PST)
2010,hyundai,tucson,awd gl,,other,km8jtcac2au039894,unknown,48.0,127882.0,unknown,black,financialinx,9500.0,9600.0,Tue Jan 06 2015 02:00:00 GMT-0800 (PST)
2010,Volkswagen,Tiguan,Wolfsburg Edition 4Motion,SUV,automatic,wvgbv7ax1aw003384,Florida,29.0,32512.0,red,black,world omni financial corporation,12250.0,10200.0,Tue Dec 30 2014 09:30:00 GMT-0800 (PST)
2010,toyota,Prius,II,Hatchback,automatic,jtdkn3du2a0193441,Arizona,29.0,98560.0,white,beige,dealer network group auto wholesale,10300.0,8900.0,Tue Dec 23 2014 11:00:00 GMT-0800 (PST)
2009,audi,Q7,4.2 Prestige quattro,SUV,automatic,wa1av94l29d038179,Nebraska,43.0,45275.0,beige,tan,lithia volkswagen of des moines audi des moines,24200.0,24600.0,Tue Dec 23 2014 11:00:00 GMT-0800 (PST)
2009,gmc,Yukon,SLT1 XFE,SUV,automatic,1gkec33369r170994,Texas,27.0,93848.0,unknown,tan,santander consumer,18450.0,19200.0,Tue Dec 23 2014 10:10:00 GMT-0800 (PST)
2009,mazda,mazda6,i touring,,automatic,1yvhp82hx95m45016,Tennessee,28.0,94068.0,red,black,santander consumer,6450.0,7900.0,Tue Dec 30 2014 10:30:00 GMT-0800 (PST)
2009,toyota,Corolla,XRS,Sedan,automatic,2t1be40e19c026509,California,37.0,70179.0,silver,black,aaero sweet company,8900.0,10500.0,Tue Dec 23 2014 12:00:00 GMT-0800 (PST)
2009,Volkswagen,Tiguan,SE 4Motion,SUV,automatic,wvgbv75n19w511391,Florida,34.0,77704.0,silver,black,r k chevrolet inc,10350.0,10400.0,Tue Jan 06 2015 01:30:00 GMT-0800 (PST)
2008,audi,TT,2.0T,Convertible,automatic,trumf38j981030978,Florida,39.0,64862.0,beige,black,tdaf remarketing,13750.0,15000.0,Tue Dec 30 2014 09:00:00 GMT-0800 (PST)
2008,chevrolet,cobalt,ls,,automatic,1g1aj15f387305055,Michigan,1.0,131557.0,blue,gray,remarketing by ge/zeal credit union,2400.0,1800.0,Tue Dec 23 2014 09:30:00 GMT-0800 (PST)
2008,chevrolet,colorado,4x2 ex lt w/1lt,,other,1gccs39ex88218418,North Carolina,44.0,94078.0,white,black,medlin buick gmc mazda,8025.0,9300.0,Tue Dec 23 2014 09:15:00 GMT-0800 (PST)
2008,chevrolet,uplander,ext,,automatic,1gbdv13w78d210290,Pennsylvania,21.0,184491.0,white,gray,ge fleet services for itself/servicer,1750.0,1100.0,Tue Dec 23 2014 09:00:00 GMT-0800 (PST)
2008,infiniti,EX35,Journey,SUV,automatic,jnkaj09fx8m350652,North Carolina,41.0,97679.0,gray,black,medlin buick gmc mazda,10800.0,13600.0,Tue Jan 20 2015 01:15:00 GMT-0800 (PST)
2008,honda,Ridgeline,RTX,Crew Cab,automatic,2hjyk16398h533309,Massachusetts,21.0,142544.0,silver,gray,boch new to you superstore,8700.0,6500.0,Tue Feb 10 2015 02:00:00 GMT-0800 (PST)
2008,mazda,Mazdaspeed Mazda3,Sport,Hatchback,manual,jm1bk34l981839952,Nevada,27.0,96391.0,blue,gray,one nevada credit union,7200.0,8000.0,Wed Dec 31 2014 12:15:00 GMT-0800 (PST)
2008,scion,tC,Spec,Hatchback,automatic,jtkde167780247078,Texas,24.0,128730.0,black,black,tdaf remarketing,5825.0,3900.0,Wed Jan 07 2015 10:15:00 GMT-0800 (PST)
2008,saturn,VUE,Red Line,SUV,automatic,3gsdl737x8s560627,Florida,19.0,95863.0,blue,tan,remarketing by ge/manheim central florida,5825.0,3200.0,Tue Dec 23 2014 12:00:00 GMT-0800 (PST)
2008,Volkswagen,New Beetle,SE,Convertible,automatic,3vwrf31y98m403752,Ohio,3.0,66754.0,red,tan,subaru of beechmont inc,5700.0,7000.0,Tue Jan 27 2015 01:30:00 GMT-0800 (PST)
2007,bmw,7,series,,automatic,wbahl83517dt09850,Missouri,39.0,120552.0,black,beige,plaza motor company,9225.0,9300.0,Tue Dec 23 2014 11:00:00 GMT-0800 (PST)
2007,cadillac,DTS,Luxury II,Sedan,automatic,1g6kd57yx7u166117,Florida,28.0,101507.0,silver,beige,santander consumer,7450.0,4800.0,Thu Jan 08 2015 09:30:00 GMT-0800 (PST)
2014,Dodge,gr,caravan crew,,other,2c4rdgdg7er240395,unknown,41.0,25247.0,black,black,chrysler canada inc,20200.0,20200.0,Tue Dec 30 2014 10:00:00 GMT-0800 (PST)
2014,Dodge,Dart,GT,Sedan,manual,1c3cdfeb4ed747913,New Jersey,37.0,8295.0,black,black,chrysler capital,14150.0,13700.0,Wed Dec 31 2014 09:30:00 GMT-0800 (PST)
2007,Ford,expeditn,el 4x2 limited,,automatic,1fmfk19507la89730,Nevada,27.0,89820.0,black,black,jpmorgan chase bank n.a.,11650.0,10000.0,Wed Dec 31 2014 12:15:00 GMT-0800 (PST)
2007,Ford,f150,4x4 ex xl,,automatic,1ftrx14w97fa41807,Florida,19.0,184624.0,white,gray,autonation ford margate,5275.0,3200.0,Tue Dec 30 2014 12:15:00 GMT-0800 (PST)
2007,Ford,f150,4x4 ex fx4,,automatic,1ftrx14w57fb09469,Florida,28.0,109927.0,white,gray,westlake financial services,9275.0,9300.0,Thu Jan 08 2015 15:00:00 GMT-0800 (PST)
2007,Ford,Ranger,STX,SuperCab,automatic,1ftyr14u67pa57400,Arizona,19.0,100359.0,white,black,gm financial,6400.0,4700.0,Tue Dec 23 2014 11:00:00 GMT-0800 (PST)
2007,mazda,mazda5,gr tr,,automatic,jm1cr293270160841,Florida,23.0,136156.0,unknown,black,primus automotive financial services,3750.0,2700.0,Mon Jan 05 2015 01:30:00 GMT-0800 (PST)
2007,mazda,mazda5,gr tr gr touring,,automatic,jm1cr293170142556,Massachusetts,29.0,128585.0,silver,black,scott volkswagen,4025.0,3000.0,Tue Dec 23 2014 10:00:00 GMT-0800 (PST)
2007,mazda,cx-7,sport awd,,automatic,jm3er293970125908,Georgia,24.0,139264.0,gray,black,tdaf remarketing,3175.0,4600.0,Tue Dec 23 2014 13:00:00 GMT-0800 (PST)
2007,mercury,grand,marquis gs,,other,2mefm74v67x619399,Texas,19.0,92945.0,silver,beige,fiserv/sierra auto finance,3800.0,3900.0,Tue Dec 23 2014 10:10:00 GMT-0800 (PST)
2007,mercury,Mariner,Convenience,SUV,other,4m2yu80z67kj01203,New Jersey,22.0,132215.0,silver,beige,consolidated asset recovery systems  inc.,4200.0,2700.0,Wed Jan 07 2015 09:30:00 GMT-0800 (PST)
2007,subaru,Impreza,WRX STI Limited,Sedan,manual,jf1gd77647l503616,Maryland,26.0,143719.0,gray,black,laurel kia,11850.0,13900.0,Tue Jan 06 2015 01:30:00 GMT-0800 (PST)
2007,toyota,tundra,4x4 v8 limited,,automatic,5tfbv58167x015656,Florida,27.0,213278.0,burgundy,beige,firkins chrysler jeep dodge,15950.0,14000.0,Tue Jan 06 2015 08:00:00 GMT-0800 (PST)
2006,bmw,x3,2.5l,,other,wbxpa73426wc52685,unknown,36.0,149681.0,silver,black,mercedes-benz,7050.0,5300.0,Tue Dec 30 2014 10:00:00 GMT-0800 (PST)
2006,chevrolet,impala,police detective,,automatic,2g1ws551969434265,Georgia,21.0,191400.0,black,tan,rick hendrick chevrolet of buford,1150.0,3000.0,Tue Dec 23 2014 13:00:00 GMT-0800 (PST)
2006,gmc,sr,1500 4x2 cr sle1,,automatic,2gtec13z161313603,Texas,43.0,83224.0,white,tan,exeter finance corp,10750.0,11100.0,Tue Dec 23 2014 10:10:00 GMT-0800 (PST)
2006,infiniti,M35,Sport,Sedan,automatic,jnkay01e56m112039,California,19.0,170988.0,gold,gray,nissan infiniti lt,5675.0,4000.0,Tue Dec 23 2014 12:30:00 GMT-0800 (PST)
2006,jeep,wrangler,6c x,,manual,1j4fa39s16p735433,Massachusetts,27.0,141628.0,white,black,imperial chrysler dodge jeep corp,7975.0,6500.0,Tue Dec 23 2014 10:00:00 GMT-0800 (PST)
2014,Ford,F-350 Super Duty,Platinum,Crew Cab,automatic,1ft8w3bt7eeb12489,Colorado,5.0,7355.0,black,brown,the auto connection,51400.0,54300.0,Wed Feb 25 2015 03:45:00 GMT-0800 (PST)
2006,mercury,grand,marquis gs conven,,other,2mefm74v36x617267,Texas,23.0,200471.0,white,beige,automotive remarketing inc,750.0,1500.0,Tue Dec 23 2014 10:10:00 GMT-0800 (PST)
2005,Ford,Explorer Sport Trac,Adrenalin,Crew Cab,automatic,1fmzu77k55ub56302,Georgia,24.0,79523.0,charcoal,beige,automobile acceptance corp,7750.0,5900.0,Tue Dec 30 2014 12:30:00 GMT-0800 (PST)
2005,Ford,explorer,4x4 v6 xls,,automatic,1fmzu72k55za23498,Washington,34.0,154380.0,blue,gray,northwest motorsport,1625.0,3500.0,Tue Dec 30 2014 13:00:00 GMT-0800 (PST)
2005,gmc,Savana Cargo,3500,Van,automatic,1gthg35u951112938,Maryland,2.0,1.0,white,gray,select remarketing group llc/anderson financial,5050.0,800.0,Tue Dec 30 2014 13:00:00 GMT-0800 (PST)
2005,landrover,lr3,v6 se,,automatic,salad24475a341729,Tennessee,26.0,93610.0,black,tan,wells fargo dealer services,5825.0,5100.0,Tue Dec 23 2014 10:30:00 GMT-0800 (PST)
2005,mercury,Grand Marquis,GS Convenience,Sedan,automatic,2mefm74w35x650776,Florida,19.0,170281.0,silver,gray,bearcat leasing,1475.0,700.0,Thu Jan 22 2015 01:35:00 GMT-0800 (PST)
2005,nissan,x-trail,se,,other,jn8bt08vx5w102950,unknown,28.0,214590.0,green,gray,mercedes-benz,2050.0,1800.0,Tue Dec 30 2014 10:00:00 GMT-0800 (PST)
2004,chrysler,300M,Special,Sedan,automatic,2c3he76k14h673049,California,19.0,83025.0,black,tan,aaero sweet company,2625.0,800.0,Tue Dec 23 2014 12:00:00 GMT-0800 (PST)
2004,chevrolet,g1500,pass 4x2,,automatic,1gbfg15t741215085,Pennsylvania,42.0,89972.0,gray,gray,alans autos,9625.0,9500.0,Tue Dec 23 2014 09:00:00 GMT-0800 (PST)
2004,isuzu,Ascender,S 7-Passenger,SUV,automatic,4nues16sx46127067,Florida,29.0,225659.0,silver,gray,autonation toyota winter park,975.0,2000.0,Tue Dec 23 2014 12:15:00 GMT-0800 (PST)
2004,jeep,wrangler,6c sport,,other,1j4f449s54p760314,Arizona,19.0,77801.0,gold,gray,gm financial,10150.0,6500.0,Tue Dec 23 2014 11:00:00 GMT-0800 (PST)
2004,mazda,Mazdaspeed MX-5 Miata,Base,Convertible,manual,jm1nb354540406780,Massachusetts,28.0,94468.0,silver,black,clay chevrolet hyundai,3725.0,5200.0,Tue Dec 23 2014 10:00:00 GMT-0800 (PST)
2004,subaru,Legacy,L 35th Anniversary Edition,Wagon,automatic,4s3bh625847304204,Illinois,28.0,124142.0,blue,gray,wells fargo dealer services,3425.0,1600.0,Thu Jan 22 2015 02:00:00 GMT-0800 (PST)
2003,Dodge,Ram Cargo,2500,Van,other,2d7jb21y33k508597,Puerto Rico,3.0,128887.0,white,black,rios auto sales,2125.0,2300.0,Thu Jan 15 2015 03:30:00 GMT-0800 (PST)
2003,Ford,Explorer Sport,XLT,SUV,automatic,1fmyu60e33uc12194,California,25.0,138918.0,silver,gray,trade in solutions,1350.0,1500.0,Tue Dec 30 2014 16:00:00 GMT-0800 (PST)
2003,Ford,expedit,4x2 v8 xlt prm,,automatic,1fmfu15l23lb43165,California,11.0,132328.0,silver,gray,dt credit corporation,3700.0,800.0,Tue Dec 23 2014 13:00:00 GMT-0800 (PST)
2003,gmc,1500,yuk xl 4x2 slt,,automatic,3gkec16tx3g194898,California,27.0,87491.0,black,gray,nvp remarketing,3975.0,7400.0,Tue Dec 23 2014 12:00:00 GMT-0800 (PST)
2003,gmc,Safari,Base,Minivan,automatic,1gkel19xx3b513479,Maryland,2.0,127971.0,green,gray,cashmoneycars,2625.0,3100.0,Tue Dec 23 2014 09:30:00 GMT-0800 (PST)
2002,Dodge,Ram Cargo,1500 Maxi,Van,automatic,2b7hb11x22k140955,Massachusetts,19.0,103132.0,black,black,clay chevrolet hyundai,1650.0,850.0,Tue Dec 23 2014 10:00:00 GMT-0800 (PST)
2002,Ford,f150,4x2 rg xl,,automatic,2ftpf17z32ca57117,Illinois,21.0,80575.0,blue,gray,mecu,2975.0,2250.0,Tue Jan 13 2015 10:00:00 GMT-0800 (PST)
2002,isuzu,Axiom,XS,SUV,automatic,4s2ce58x124613824,Florida,21.0,170821.0,gray,gray,pete moore chevrolet inc,1200.0,650.0,Tue Dec 23 2014 10:15:00 GMT-0800 (PST)
2002,isuzu,Axiom,Base,SUV,automatic,4s2df58x424616945,Florida,19.0,142527.0,blue,gray,autonation toyota pinellas park,1425.0,2000.0,Tue Dec 23 2014 12:15:00 GMT-0800 (PST)
2002,land rover,Freelander,HSE,SUV,automatic,salne22272a398380,Georgia,29.0,98921.0,black,beige,gwinnett place honda,2325.0,2550.0,Tue Dec 23 2014 13:00:00 GMT-0800 (PST)
2002,Lincoln,LS,LSE,Sedan,automatic,1lnhm87a32y602833,California,2.0,93172.0,red,beige,wells fargo dealer services,2325.0,500.0,Tue Dec 23 2014 13:00:00 GMT-0800 (PST)
2002,nissan,Quest,GLE,Minivan,automatic,4n2zn17t92d802733,Georgia,22.0,78892.0,gold,tan,auto fleet sales inc,2575.0,2600.0,Tue Feb 17 2015 05:00:00 GMT-0800 (PST)
2002,Volkswagen,New Beetle,Turbo S,Hatchback,manual,3vwfe21c12m440306,California,21.0,136386.0,gray,black,quality acceptance,2200.0,1400.0,Fri Dec 26 2014 15:00:00 GMT-0800 (PST)
2001,Dodge,Grand Caravan,EX,Minivan,automatic,2b8gp74l71r308194,Nevada,2.0,187362.0,gold,â,tiger financial management llc,925.0,800.0,Wed Dec 31 2014 11:00:00 GMT-0800 (PST)
2001,hyundai,santa,fe,,automatic,km8sc83d11u120909,Nevada,2.0,167866.0,gold,â,tiger financial management llc,1125.0,700.0,Wed Dec 31 2014 11:00:00 GMT-0800 (PST)
2001,infiniti,I30,Touring,Sedan,automatic,jnkca31a91t022435,Florida,37.0,51193.0,green,gray,coral springs honda,1450.0,2900.0,Tue Dec 30 2014 16:00:00 GMT-0800 (PST)
2001,gmc,Safari Cargo,SL,Minivan,automatic,1gtdl19wx1b511565,Minnesota,2.0,113261.0,white,gray,centurylink,2575.0,2000.0,Tue Dec 23 2014 10:45:00 GMT-0800 (PST)
2001,land rover,Range Rover,4.6 SE,SUV,automatic,salpl16421a448069,Florida,42.0,138324.0,gray,gray,florida auto and truck exchange inc,2650.0,2800.0,Tue Dec 30 2014 12:15:00 GMT-0800 (PST)
2001,jaguar,XJ-Series,XJR,Sedan,automatic,sajda15b11mf29681,Florida,19.0,153878.0,black,beige,volkswagen of saint augustine,1200.0,1400.0,Tue Dec 23 2014 12:15:00 GMT-0800 (PST)
2001,nissan,Quest,SE,Minivan,other,4n2zn16t31d816143,Ohio,2.0,211708.0,green,gray,titlemax/cincinnati oh1,375.0,650.0,Wed Dec 31 2014 09:00:00 GMT-0800 (PST)
2001,oldsmobile,Silhouette,GL,Minivan,automatic,1ghdx23e41d201811,California,2.0,88535.0,red,gray,purple heart services inc,1550.0,300.0,Tue Dec 23 2014 16:30:00 GMT-0800 (PST)
2000,bmw,3 Series,323iT,Wagon,automatic,wbaar3347yjm03082,Washington,19.0,142841.0,black,gray,nextgear capital,1800.0,1200.0,Tue Dec 23 2014 00:00:00 GMT-0800 (PST)
2000,chrysler,grand,voyager se,,automatic,2c4gj44g8yr665241,Maryland,2.0,79533.0,silver,gray,purple heart services inc,800.0,1100.0,Tue Dec 23 2014 10:00:00 GMT-0800 (PST)
2000,Ford,f150,4x2 reg xl,,automatic,2ftrf17w0yca76134,Louisiana,19.0,246072.0,white,gray,fleet street remarketing llc,1275.0,1200.0,Wed Dec 24 2014 10:00:00 GMT-0800 (PST)
2000,Dodge,grand,carav fwd es,,automatic,1b4gp74l9yb677892,Tennessee,48.0,128641.0,white,tan,franklin chrysler dodge jeep ram,850.0,1800.0,Tue Dec 30 2014 10:30:00 GMT-0800 (PST)
2000,Ford,excurs,4x4 v8 limited,,other,1fmsu43f4yee16695,Maryland,2.0,234653.0,green,beige,purple heart services inc,5100.0,4800.0,Tue Dec 23 2014 10:00:00 GMT-0800 (PST)
2000,Dodge,caravan,v6 base,,automatic,2b4gp2532yr548637,Florida,21.0,133833.0,gray,gray,autonation toyota winter park,650.0,600.0,Tue Dec 23 2014 12:15:00 GMT-0800 (PST)
2000,chrysler,voyager,v6 se,,automatic,1c4gj44g7yb726545,Maryland,2.0,111173.0,gold,brown,purple heart services inc,700.0,400.0,Tue Dec 23 2014 10:00:00 GMT-0800 (PST)
2000,honda,odyssey,lx,,automatic,2hkrl1857yh604437,Florida,19.0,126652.0,green,beige,independent credit inc,1425.0,1200.0,Tue Dec 30 2014 14:30:00 GMT-0800 (PST)
2000,mazda,mpv,dx,,automatic,jm3lw28g1y0154261,Florida,19.0,160946.0,green,gray,courtesy hyundai,1100.0,1100.0,Tue Dec 23 2014 16:00:00 GMT-0800 (PST)
1999,chevrolet,astro,2wd ext ls,,automatic,1gndm19w1xb140034,California,19.0,135065.0,gray,gray,scott robinson honda,1275.0,1000.0,Tue Dec 30 2014 12:00:00 GMT-0800 (PST)
1999,Ford,Explorer,XL,SUV,other,1fmzu32e7xzb74798,Nevada,2.0,164081.0,blue,â,purple heart services inc,700.0,300.0,Tue Dec 23 2014 12:00:00 GMT-0800 (PST)
1999,chrysler,twn&country,fwd limited,,automatic,1c4gp64l1xb512527,Wisconsin,1.0,162545.0,brown,gray,purple heart services inc,1000.0,325.0,Tue Dec 23 2014 09:00:00 GMT-0800 (PST)
1999,saab,9-5,SE,Sedan,automatic,ys3ef48e7x3082211,Maryland,2.0,123566.0,blue,tan,purple heart services inc,750.0,275.0,Tue Dec 23 2014 10:00:00 GMT-0800 (PST)
1999,saab,9-3,Base,Hatchback,other,ys3dd55nxx2062813,Washington,3.0,116546.0,black,gray,donate for charity,725.0,600.0,Tue Dec 23 2014 14:00:00 GMT-0800 (PST)
1999,nissan,Pathfinder,(1999.5) XE,SUV,other,jn8ar07s9xw365483,California,2.0,183529.0,gray,black,purple heart services inc,1350.0,800.0,Tue Dec 23 2014 12:00:00 GMT-0800 (PST)
1998,chevrolet,1500,4x4 ext silver z71,,automatic,1gcek19r5we154660,Nebraska,2.0,121974.0,white,purple,dakota auto inc,3550.0,4100.0,Tue Dec 23 2014 11:00:00 GMT-0800 (PST)
1998,bmw,3 Series,318ti,Hatchback,automatic,wbacg8328wkc83393,California,28.0,183338.0,green,beige,volkswagen of murrieta,1250.0,1300.0,Tue Dec 23 2014 12:30:00 GMT-0800 (PST)
1998,Ford,expedition,4x4 base,,automatic,1fmpu18l6wla97733,Nevada,2.0,234657.0,white,â,cash 1 llc,975.0,900.0,Wed Dec 31 2014 11:00:00 GMT-0800 (PST)
1997,acura,CL,3.0 Premium,Coupe,other,19uya2257vl017017,Texas,3.0,128464.0,blue,gray,capital auto auction,1350.0,1300.0,Tue Jan 13 2015 03:00:00 GMT-0800 (PST)
1997,Dodge,Neon,Highline,Sedan,automatic,1b3es47c9vd295320,Wisconsin,2.0,107240.0,white,gray,purple heart services inc,500.0,350.0,Tue Dec 23 2014 09:00:00 GMT-0800 (PST)
1997,Ford,Escort,Base,Sedan,automatic,1falp10p1vw256976,Florida,21.0,109793.0,black,gray,autonation honda clearwater,600.0,500.0,Tue Dec 23 2014 12:15:00 GMT-0800 (PST)
1997,Dodge,ram,3500 sport,,manual,3b7mc33d0vm507042,Texas,18.0,169529.0,white,gray,onemain remarketing services,5450.0,2600.0,Tue Dec 30 2014 10:30:00 GMT-0800 (PST)
1997,acura,CL,3,Coupe,automatic,19uya224xvl011025,Pennsylvania,2.0,75013.0,silver,gray,nawi leasing inc,850.0,1700.0,Fri Feb 06 2015 01:00:00 GMT-0800 (PST)
1997,gmc,sonoma,4x2 sls,,automatic,1gtcs19w6v8516716,Georgia,19.0,227852.0,unknown,gray,rick hendrick chevrolet of buford,1425.0,1000.0,Tue Dec 30 2014 13:00:00 GMT-0800 (PST)
1997,oldsmobile,Eighty-Eight,LS,Sedan,automatic,1g3hn52k0v4864594,Florida,19.0,117440.0,beige,tan,autonation ford jacksonville,750.0,400.0,Tue Dec 23 2014 12:15:00 GMT-0800 (PST)
1996,Ford,explorer,4x2 xlt,,automatic,1fmdu32p0tza23405,California,3.0,155467.0,green,brown,dt inventory,775.0,500.0,Tue Dec 23 2014 13:00:00 GMT-0800 (PST)
1996,Dodge,grand,caravan,,automatic,1b4gp54l0tb489257,Maryland,2.0,1.0,purple,gray,manheim baltwash/junk a car scrap,1300.0,300.0,Tue Dec 23 2014 11:00:00 GMT-0800 (PST)
1996,oldsmobile,ciera,sl,,automatic,1g3aj55m6t6408806,Maryland,2.0,90154.0,blue,blue,purple heart services inc,450.0,275.0,Tue Dec 23 2014 10:00:00 GMT-0800 (PST)
1995,toyota,camry,le,,automatic,4t1sk12e3s4896769,Florida,1.0,198042.0,green,tan,autonation honda sanford,875.0,500.0,Tue Dec 23 2014 12:15:00 GMT-0800 (PST)
1994,acura,Legend,LS,Sedan,automatic,jh4ka7678rc010496,Florida,2.0,153841.0,white,beige,coggin acura,900.0,1800.0,Tue Dec 23 2014 12:00:00 GMT-0800 (PST)
1995,toyota,Camry,DX,Sedan,automatic,4t1sk11exsu505490,Florida,1.0,255789.0,black,beige,courtesy kia of brandon,675.0,500.0,Tue Dec 23 2014 16:00:00 GMT-0800 (PST)
1995,volvo,850,GLT,Sedan,automatic,yv1ls5518s2206870,Maryland,2.0,136420.0,black,gray,hertz remarketing,500.0,500.0,Tue Dec 23 2014 09:30:00 GMT-0800 (PST)
1993,mercury,Cougar,XR7,Coupe,automatic,1mepm624xph667142,California,2.0,117679.0,red,gray,walters auto sales/service inc,475.0,450.0,Tue Dec 23 2014 12:30:00 GMT-0800 (PST)
1993,infiniti,J30,Base,Sedan,other,jnkay21dxpm012216,Washington,2.0,139018.0,green,tan,capital auto auction,875.0,400.0,Tue Dec 30 2014 12:40:00 GMT-0800 (PST)
1993,honda,Accord,10th Anniversary,Sedan,automatic,1hgcb7692pa134326,Pennsylvania,2.0,116315.0,green,beige,nawi leasing inc,900.0,700.0,Fri Jan 02 2015 09:00:00 GMT-0800 (PST)
1991,buick,regal,gran sport,,other,2g4wd54l8m1416495,Ohio,1.0,47899.0,red,gray,purple heart services inc,1025.0,425.0,Tue Dec 23 2014 13:00:00 GMT-0800 (PST)
1993,volvo,850,GLTS,Sedan,other,yv1ls5501p2052808,Washington,2.0,162108.0,black,beige,volunteers of america western washington,275.0,350.0,Tue Dec 23 2014 14:00:00 GMT-0800 (PST)
1991,toyota,pickup,4x4,,automatic,jt4vn13d4m5057760,Georgia,1.0,128235.0,red,gray,crown nissan greenville,2225.0,1100.0,Tue Dec 23 2014 13:00:00 GMT-0800 (PST)
2014,Ford,Fusion Energi,SE Luxury,Sedan,automatic,3fa6p0pu2er114609,Georgia,46.0,9627.0,unknown,black,ford motor credit company,22400.0,22800.0,Mon Jan 12 2015 10:00:00 GMT-0800 (PST)
2014,infiniti,Q60 Coupe,IPL,Q60 Coupe,manual,jn1cv6ek6em110114,Florida,43.0,16162.0,gray,black,central florida auto gallery inc,34200.0,33200.0,Tue Dec 30 2014 09:00:00 GMT-0800 (PST)
2014,kia,Cadenza,Limited,Sedan,automatic,knaln4d79e5126376,Washington,45.0,38700.0,brown,black,avis corporation,18500.0,19200.0,Tue Dec 23 2014 14:00:00 GMT-0800 (PST)
2015,honda,Fit,EX,Hatchback,automatic,3hggk5h85fm729618,California,5.0,16.0,blue,black,american honda motor company,15900.0,16700.0,Thu Jan 15 2015 04:00:00 GMT-0800 (PST)
2015,jeep,Wrangler,Unlimited Rubicon Hard Rock,SUV,automatic,1c4bjwfg0fl502382,North Carolina,5.0,3081.0,black,black,fifth third bank,42100.0,34700.0,Tue Jan 13 2015 09:30:00 GMT-0800 (PST)
2014,subaru,Forester,2.5i PZEV,SUV,manual,jf2sjaac3eg405029,Colorado,44.0,17967.0,black,gray,simpson auto inc,17000.0,19000.0,Wed Dec 31 2014 11:30:00 GMT-0800 (PST)
2014,ram,Promaster Cargo Van,1500 High Roof,Promaster Cargo Van,automatic,3c6trvbg9ee108200,Illinois,49.0,11136.0,white,black,chrysler capital,22500.0,21400.0,Tue Dec 30 2014 10:00:00 GMT-0800 (PST)
2013,bmw,1 Series,128i SULEV,Convertible,automatic,wbaun1c53dvr00798,Nevada,42.0,18774.0,black,gray,financial services remarketing (lease),24900.0,24500.0,Wed Dec 31 2014 12:30:00 GMT-0800 (PST)
2014,Volkswagen,Passat,V6 SEL Premium,Sedan,automatic,1vwcm7a37ec024155,Pennsylvania,41.0,8391.0,gray,black,bmw of manhattan inc,23200.0,22400.0,Fri Jan 09 2015 09:00:00 GMT-0800 (PST)
2014,audi,S5,Prestige quattro,Coupe,automatic,wauvgafr3ea013692,Florida,47.0,13016.0,black,â,tdaf remarketing,48400.0,48600.0,Tue Dec 23 2014 09:00:00 GMT-0800 (PST)
2014,bmw,3 Series,328d,Sedan,automatic,wba3d3c57ek153865,California,44.0,30610.0,red,black,aaero sweet company,31200.0,29500.0,Wed Jan 07 2015 12:00:00 GMT-0800 (PST)
2013,chrysler,300,C John Varvatos,Sedan,automatic,2c3ccadt1dh732349,Florida,42.0,11480.0,black,black,tdaf remarketing,28100.0,29000.0,Tue Dec 23 2014 09:00:00 GMT-0800 (PST)
2013,fiat,500,C Abarth,Convertible,manual,3c3cffjh3dt510844,Florida,4.0,12702.0,black,red,chrysler group llc,12600.0,14400.0,Mon Jan 19 2015 04:30:00 GMT-0800 (PST)
2013,fiat,500,Abarth,Hatchback,manual,3c3cfffh8dt643642,Florida,4.0,1937.0,red,black,chrysler group llc,14100.0,14000.0,Mon Feb 16 2015 04:30:00 GMT-0800 (PST)
2014,bmw,6 Series Gran Coupe,640i xDrive,Sedan,other,wba6b8c50edz72527,Pennsylvania,42.0,19220.0,white,black,ferrari of ft lauderdale,66000.0,58000.0,Tue Dec 23 2014 09:00:00 GMT-0800 (PST)
2014,bmw,2 Series,M235i,Coupe,automatic,wba1j7c54evw84866,Nevada,42.0,3001.0,black,black,bmw north america,39800.0,33500.0,Thu Jan 22 2015 08:00:00 GMT-0800 (PST)
2013,Ford,Transit Connect,Wagon XLT Premium,Minivan,automatic,nm0ks9cn5dt145230,Arizona,5.0,8525.0,orange,gray,onesource/southwest remarketing,19100.0,19100.0,Tue Dec 30 2014 11:00:00 GMT-0800 (PST)
2013,land rover,Range Rover Sport,Luxury,SUV,automatic,salsk2d48da802039,Texas,46.0,13921.0,gray,beige,tdaf remarketing,54700.0,55000.0,Tue Dec 23 2014 10:10:00 GMT-0800 (PST)
2013,mini,Cooper Paceman,S,Hatchback,automatic,wmwss5c57dwn48908,Florida,48.0,26082.0,brown,black,cire leasing,18900.0,19300.0,Tue Feb 03 2015 01:00:00 GMT-0800 (PST)
2013,nissan,Juke,NISMO,Hatchback,automatic,jn8af5mr9dt212834,California,34.0,35988.0,gray,black,enterprise vehicle exchange/orange,13650.0,13600.0,Tue Dec 30 2014 12:30:00 GMT-0800 (PST)
2014,cadillac,XTS,Vsport Premium,Sedan,automatic,2g61v5s80e9232488,Illinois,4.0,24900.0,gray,gray,gm remarketing,32600.0,38500.0,Thu Feb 05 2015 03:00:00 GMT-0800 (PST)
2014,cadillac,CTS,Standard,Sedan,automatic,1g6ap5sx0e0175608,Texas,37.0,9419.0,black,black,lawler motor sports inc,31400.0,30800.0,Wed Jan 07 2015 10:20:00 GMT-0800 (PST)
2013,subaru,Impreza WRX,Premium,Sedan,manual,jf1gv7f65dg005895,Washington,46.0,31288.0,silver,black,denper group inc,21700.0,24300.0,Tue Dec 23 2014 14:00:00 GMT-0800 (PST)
2013,subaru,Tribeca,3.6R Limited,SUV,automatic,4s4wx9gd6d4401257,Pennsylvania,47.0,10765.0,silver,gray,reedman toll auto world,25000.0,24100.0,Tue Dec 30 2014 09:30:00 GMT-0800 (PST)
2013,toyota,Tundra,Platinum FFV,CrewMax Cab,automatic,5tfhw5f12dx316205,North Carolina,5.0,16551.0,gray,gray,medlin buick gmc mazda,37000.0,39500.0,Tue Dec 23 2014 09:15:00 GMT-0800 (PST)
2013,toyota,Prius v,Five,Wagon,automatic,jtdzn3eu0d3208891,Florida,29.0,35878.0,red,tan,onesource/sun toyota,17650.0,17000.0,Mon Dec 22 2014 09:30:00 GMT-0800 (PST)
2013,Volkswagen,Touareg,TDI Executive,SUV,automatic,wvgep9bp2dd005405,California,44.0,12794.0,silver,black,tycon enterprises,38400.0,39000.0,Tue Dec 23 2014 12:30:00 GMT-0800 (PST)
2013,Volkswagen,Beetle,2.0L TDI,Hatchback,manual,3vwrl7at9dm628669,Missouri,5.0,46687.0,gray,black,wildwood motors,14300.0,15000.0,Tue Dec 23 2014 11:00:00 GMT-0800 (PST)
2012,buick,Enclave,Premium Group,SUV,automatic,5gakvded5cj378294,Ohio,31.0,72539.0,black,black,stratford hyundai,20900.0,20000.0,Tue Jan 06 2015 01:30:00 GMT-0800 (PST)
2012,buick,LaCrosse,Convenience Group,Sedan,automatic,1g4gb5e3xcf185017,Georgia,49.0,69023.0,white,gray,ge fleet services for itself/servicer,11150.0,13000.0,Tue Dec 23 2014 13:00:00 GMT-0800 (PST)
2012,chrysler,300,S V8,Sedan,automatic,2c3ccajtxch263779,Texas,36.0,42628.0,black,black,hopper motorplex inc,22000.0,23000.0,Tue Dec 23 2014 10:10:00 GMT-0800 (PST)
2012,chrysler,300,C Luxury Series,Sedan,automatic,2c3ccapt0ch231611,California,38.0,43758.0,black,black,remarketing by ge/larry h miller-fleet lease,20700.0,22500.0,Tue Jan 13 2015 12:00:00 GMT-0800 (PST)
2012,chevrolet,sonic,lt,,other,1g1jc6eh4c4166105,unknown,42.0,36491.0,red,gray,financialinx,9800.0,10100.0,Tue Jan 06 2015 02:00:00 GMT-0800 (PST)
2012,Dodge,Avenger,SXT Plus,Sedan,automatic,1c3cdzeg2cn310089,Maryland,28.0,52631.0,red,purple,all car leasing inc,9050.0,11000.0,Tue Dec 23 2014 09:30:00 GMT-0800 (PST)
2012,Ford,e150,wagon v8 xl,,automatic,1fdne1bw2cda87360,Texas,24.0,103480.0,white,gray,vpsi  inc,8750.0,7200.0,Tue Dec 30 2014 14:00:00 GMT-0800 (PST)
2014,chevrolet,Cruze,Diesel,Sedan,automatic,1g1p75sz9e7196207,Wisconsin,36.0,40380.0,black,black,gm financial,13600.0,14600.0,Tue Dec 23 2014 10:00:00 GMT-0800 (PST)
2012,land rover,rr,s/c sc,,automatic,salmf1e48ca379175,Ohio,34.0,65928.0,white,tan,jpmorgan chase bank n.a.,51600.0,44000.0,Tue Dec 30 2014 09:30:00 GMT-0800 (PST)
2012,nissan,NV,2500 SV,Van,automatic,1n6bf0lx9cn115345,Tennessee,35.0,57799.0,white,gray,the hertz corporation,15100.0,17000.0,Tue Dec 23 2014 10:30:00 GMT-0800 (PST)
2012,nissan,Titan,S,Crew Cab,other,1n6ba0ec0cn313658,Texas,39.0,23592.0,gray,black,nissan motor acceptance corporation,21900.0,26000.0,Wed Dec 31 2014 10:30:00 GMT-0800 (PST)
2012,subaru,Impreza,2.0i Sport Premium PZEV,Hatchback,automatic,jf1gpal66ch218312,Wisconsin,2.0,53965.0,black,black,jpmorgan chase bank n.a.,14500.0,13500.0,Tue Dec 23 2014 10:30:00 GMT-0800 (PST)
2012,ram,3500,Laramie Longhorn Limited Edition,Crew Cab,automatic,3c63drklxcg322570,Tennessee,29.0,23557.0,white,black,t & s motors,45200.0,46100.0,Tue Dec 23 2014 10:30:00 GMT-0800 (PST)
2012,toyota,Tacoma,X-Runner V6,Access Cab,automatic,5tftu4gn0cx025535,Florida,38.0,32105.0,white,gray,firkins chrysler jeep dodge,19900.0,19200.0,Tue Dec 23 2014 12:00:00 GMT-0800 (PST)
2012,Volkswagen,Eos,Komfort SULEV,Convertible,automatic,wvwbw7ah2cv003140,Ohio,35.0,52235.0,silver,black,telhio credit union,14700.0,15800.0,Tue Dec 30 2014 09:30:00 GMT-0800 (PST)
2011,bmw,1,series m,,manual,wbsur9c52bvt47623,Wisconsin,44.0,19205.0,white,black,enterprise motorcars inc,52400.0,54400.0,Wed Jan 14 2015 02:00:00 GMT-0800 (PST)
2012,Volkswagen,Passat,SEL PZEV,Sedan,automatic,1vwcp7a39cc004512,Georgia,4.0,62673.0,black,beige,cox fleet,12250.0,12100.0,Tue Dec 23 2014 13:00:00 GMT-0800 (PST)
2014,chevrolet,Impala Limited,LS Fleet,Sedan,automatic,2g1wa5e35e1125880,Illinois,3.0,24701.0,black,black,gm remarketing,12600.0,12600.0,Tue Mar 10 2015 03:00:00 GMT-0700 (PDT)
2011,Dodge,Caliber,Express,Wagon,manual,1b3cb1ha7bd112088,North Carolina,49.0,78009.0,brown,black,medlin buick gmc mazda,5400.0,5800.0,Tue Dec 23 2014 09:15:00 GMT-0800 (PST)
2011,Ford,e350,wagon v8,,automatic,1fdss3bl9bdb15327,Ohio,43.0,82617.0,white,gray,vpsi  inc,11300.0,13400.0,Wed Dec 31 2014 10:00:00 GMT-0800 (PST)
2011,Ford,Expedition,XL,SUV,other,1fmju1g53bef52433,North Carolina,36.0,93001.0,red,â,crossroads ford inc,16000.0,16300.0,Mon Jan 05 2015 01:00:00 GMT-0800 (PST)
2011,infiniti,FX,FX50,SUV,automatic,jn8bs1mw6bm170094,Florida,38.0,37837.0,gray,black,central florida auto gallery inc,32400.0,33400.0,Tue Dec 30 2014 09:00:00 GMT-0800 (PST)
2011,hyundai,Genesis Coupe,2.0T R-Spec,Genesis Coupe,automatic,kmhht6kd1bu062558,Florida,3.0,68562.0,gray,black,hyundai motor finance,10300.0,10100.0,Tue Dec 30 2014 09:30:00 GMT-0800 (PST)
2011,infiniti,M37,x,Sedan,automatic,jn1by1ar7bm370560,Tennessee,41.0,53634.0,black,black,infiniti financial services,22200.0,23000.0,Wed Jan 28 2015 02:30:00 GMT-0800 (PST)
2011,mazda,Mazdaspeed 3,Sport,Hatchback,manual,jm1bl1k30b1384016,Texas,29.0,41613.0,black,black,don davis nissan inc,15200.0,12900.0,Tue Dec 23 2014 10:10:00 GMT-0800 (PST)
2011,mitsubishi,Lancer Sportback,ES,Hatchback,manual,ja32x2hu6bu041072,Texas,25.0,11282.0,gray,black,fiserv/regions bank,8100.0,5000.0,Tue Jan 06 2015 10:30:00 GMT-0800 (PST)
2008,infiniti,G35,Sport,Sedan,other,jnkbv61e48m211051,Texas,1.0,1.0,silver,gray,wells fargo dealer services,14200.0,600.0,Wed Apr 29 2015 05:30:00 GMT-0700 (PDT)
2007,audi,Q7,4.2 quattro,SUV,automatic,wa1av74l17d031595,Michigan,38.0,112883.0,gray,black,remarketing by ge/manheim detroit,11550.0,9500.0,Thu Jan 08 2015 09:30:00 GMT-0800 (PST)
2006,honda,ridgelin,4x4 cr rt,,automatic,2hjyk16216h538489,Missouri,21.0,106619.0,burgundy,gray,ed napleton honda,8425.0,8400.0,Tue Jan 06 2015 03:00:00 GMT-0800 (PST)
2006,suzuki,Aerio,SX Premium,Wagon,automatic,js2rd61hx65351065,North Carolina,19.0,204142.0,gray,black,dt inventory,300.0,600.0,Tue Dec 30 2014 09:30:00 GMT-0800 (PST)
2003,kia,Spectra,GSX,Hatchback,automatic,knafb161x35124551,Nevada,1.0,113583.0,green,â,automotive remarketing inc,1150.0,500.0,Thu Jan 22 2015 03:00:00 GMT-0800 (PST)
2001,mazda,Protege,ES,Sedan,automatic,jm1bj225210445822,Ohio,1.0,185632.0,silver,black,select remarketing group llc/loan max title,1350.0,400.0,Tue Dec 30 2014 13:00:00 GMT-0800 (PST)
2000,nissan,quest,gxe,,other,4n2xn11t1yd829465,Virginia,19.0,257381.0,blue,gray,browns fairfax nissan,350.0,350.0,Mon Dec 29 2014 09:05:00 GMT-0800 (PST)
1999,pontiac,Firebird,Formula,Hatchback,automatic,2g2fv22g2x2230699,California,2.0,323380.0,black,gray,onemain remarketing services,1125.0,500.0,Fri Dec 26 2014 15:00:00 GMT-0800 (PST)
1996,Ford,Ranger,Splash,Regular Cab,automatic,1ftcr10a9tpa16341,Nevada,2.0,252868.0,burgundy,â,automotive remarketing inc,650.0,1000.0,Thu Jan 22 2015 03:00:00 GMT-0800 (PST)
2014,honda,Accord,EX-L V-6 w/Navigation,Sedan,automatic,1hgcr3f87ea009153,Pennsylvania,46.0,1883.0,blue,gray,fayette honda,23300.0,22500.0,Tue Dec 30 2014 09:00:00 GMT-0800 (PST)
2014,acura,MDX,SH-AWD w/Technology and Entertainment Packages,SUV,automatic,5fryd4h64eb004695,New Jersey,24.0,16884.0,black,black,ahfc/honda lease/trust/hvt  inc. eot acuras,41200.0,35900.0,Wed Dec 31 2014 09:30:00 GMT-0800 (PST)
2013,land rover,Range Rover Evoque,Prestige Premium,SUV,automatic,salvv2bg2dh715844,Florida,44.0,20249.0,blue,gray,summer enterprises of miami inc,42500.0,42500.0,Tue Jan 06 2015 01:30:00 GMT-0800 (PST)
2013,subaru,Impreza,2.0i Limited PZEV,Hatchback,automatic,jf1gpah60d2814500,Georgia,4.0,90121.0,silver,black,ge fleet services for itself/servicer,11450.0,11100.0,Tue Dec 30 2014 13:10:00 GMT-0800 (PST)
2012,acura,MDX,Advance Package,SUV,automatic,2hnyd2h64ch513869,Pennsylvania,42.0,22122.0,unknown,brown,ahfc/honda lease/trust/hvt  inc. eot acuras,35200.0,32600.0,Fri Jan 02 2015 09:00:00 GMT-0800 (PST)
2011,chevrolet,Colorado,LT1,Extended Cab,automatic,1gcjtcfe1b8141292,Virginia,19.0,102333.0,black,black,fiserv/citizens auto finance,12950.0,7500.0,Wed Dec 31 2014 09:30:00 GMT-0800 (PST)
2009,nissan,Quest,3.5,Minivan,automatic,5n1bv28u69n103383,Hawaii,21.0,68321.0,gray,gray,nissan motor acceptance corporation,7175.0,6100.0,Wed Jan 07 2015 14:35:00 GMT-0800 (PST)
2009,pontiac,vibe,fwd 4c gt,,automatic,5y2sr67079z439969,Nevada,2.0,66983.0,black,â,tiger financial management llc,8750.0,9000.0,Wed Dec 31 2014 11:00:00 GMT-0800 (PST)
2008,chevrolet,Silverado 3500HD,LT2,Crew Cab,automatic,1gchk33638f180937,Colorado,2.0,142604.0,white,gray,ge fleet services for itself/servicer,16250.0,14900.0,Wed Feb 11 2015 03:30:00 GMT-0800 (PST)
2008,chevrolet,Malibu Hybrid,Base,Sedan,automatic,1g1zf575x8f258337,Arizona,32.0,134783.0,black,gray,onesource/southwest remarketing,4050.0,4800.0,Tue Dec 30 2014 11:00:00 GMT-0800 (PST)
2008,chrysler,Pacifica,LX,Wagon,automatic,2a8gf48x98r656004,New Jersey,19.0,157723.0,blue,gray,wells fargo dealer services,2650.0,1800.0,Wed Dec 31 2014 09:30:00 GMT-0800 (PST)
2008,volvo,C30,T5 Version 1.0,Hatchback,automatic,yv1mk672882046627,Tennessee,31.0,83492.0,blue,gray,sullivan auto group llc,8150.0,6700.0,Tue Feb 03 2015 02:30:00 GMT-0800 (PST)
2008,Volkswagen,Passat,Lux,Wagon,automatic,wvwtk73c78e224838,Texas,3.0,83616.0,white,gray,texas direct auto,7575.0,6400.0,Wed Jan 07 2015 10:20:00 GMT-0800 (PST)
2007,chevrolet,uplander,ext ls,,automatic,1gbdv13167d100785,New York,19.0,103628.0,gray,gray,sullivan arc,3200.0,2150.0,Wed Dec 31 2014 10:00:00 GMT-0800 (PST)
2007,gmc,Sierra 1500 Classic,SL2,Crew Cab,automatic,2gtek13v271156746,Michigan,45.0,53444.0,black,gray,larry hudson chevrolet buick gmc inc,18050.0,16800.0,Thu Jan 08 2015 09:30:00 GMT-0800 (PST)
2007,mazda,mazda3,gt gt,,manual,jm1bk34l771685286,Georgia,2.0,97663.0,silver,black,wells fargo dealer services,4925.0,6000.0,Tue Dec 30 2014 13:00:00 GMT-0800 (PST)
2007,mazda,mazda5,sport sport,,automatic,jm1cr293x70142295,Texas,26.0,119236.0,gray,black,dt credit corporation,4175.0,3500.0,Wed Dec 31 2014 10:00:00 GMT-0800 (PST)
2007,mazda,cx-7,sport fwd,,automatic,jm3er293570139787,Ohio,26.0,70218.0,white,gray,wells fargo dealer services,6425.0,5300.0,Tue Dec 30 2014 12:00:00 GMT-0800 (PST)
2006,audi,A4,2.0T Avant quattro,Wagon,automatic,waukf78e06a242691,Ohio,19.0,89039.0,black,black,dt inventory,8325.0,2600.0,Wed Dec 31 2014 09:00:00 GMT-0800 (PST)
2006,chrysler,300,4x2 v8 c srt8,,automatic,2c3la73w76h371684,Texas,41.0,124489.0,silver,â,nextgear capital,10200.0,8800.0,Tue Dec 30 2014 12:00:00 GMT-0800 (PST)
2006,Ford,350,srw 4x4 ex xl,,automatic,1fdwx31p46eb27098,North Carolina,19.0,183293.0,white,gray,national fleet leasing,6000.0,4900.0,Mon Dec 29 2014 09:30:00 GMT-0800 (PST)
2005,cadillac,srx,4x2 v6,,automatic,1gyee637050173912,North Carolina,38.0,143878.0,white,beige,remarketing by ge/nextgear capital,3650.0,3500.0,Mon Dec 29 2014 09:30:00 GMT-0800 (PST)
2005,Ford,Freestar,Cargo,Minivan,automatic,2ftza54695ba73082,Florida,29.0,119186.0,unknown,gray,ari,1550.0,1400.0,Tue Dec 30 2014 15:01:00 GMT-0800 (PST)
2005,gmc,Canyon,Z71 SLE Base,Crew Cab,automatic,1gtdt136858214919,Georgia,19.0,114549.0,black,black,wells fargo dealer services,8425.0,4500.0,Tue Dec 30 2014 13:00:00 GMT-0800 (PST)
2005,hyundai,Tucson,LX,SUV,automatic,km8jn72d65u185388,Washington,35.0,100313.0,black,beige,toyota of kirkland,4525.0,7000.0,Wed Jan 21 2015 05:20:00 GMT-0800 (PST)
2005,land rover,lr3,se,,automatic,salaa25405a300527,Nevada,29.0,98702.0,silver,black,autofinders inc,7850.0,8800.0,Fri Jan 09 2015 12:00:00 GMT-0800 (PST)
2004,honda,pilot,awd lx,,automatic,2hkyf18144h562027,Nevada,27.0,153918.0,silver,gray,towbin dodge,3950.0,5000.0,Wed Dec 31 2014 12:00:00 GMT-0800 (PST)
2004,mitsubishi,Galant,LS V6,Sedan,automatic,4a3ab46s84e112369,North Carolina,2.0,151137.0,gray,gray,westlake financial services,1900.0,1500.0,Mon Feb 23 2015 01:00:00 GMT-0800 (PST)
2004,nissan,Frontier,SVE-V6,Crew Cab,automatic,1n6md29y44c410635,New Jersey,27.0,86206.0,gray,gray,hamilton honda,8875.0,7800.0,Wed Jan 07 2015 09:30:00 GMT-0800 (PST)
2004,suzuki,Forenza,LX,Sedan,automatic,kl5jj52z84k007501,Florida,21.0,98062.0,beige,gray,al hendrickson toyota,1075.0,1100.0,Tue Dec 30 2014 17:00:00 GMT-0800 (PST)
2003,chevrolet,1500,sub 4x4 v8 lt,,automatic,1gnfk16t23j157174,Nevada,2.0,232146.0,blue,â,titlemax of blue diamond,1375.0,1600.0,Thu Jan 08 2015 03:00:00 GMT-0800 (PST)
2003,chevrolet,astro,cargo 4x2 yf7 upfit,,automatic,1gbdm19x33b126314,Florida,38.0,137217.0,beige,tan,autonation ford fort lauderdale,2100.0,3000.0,Tue Jan 06 2015 18:00:00 GMT-0800 (PST)
2002,Dodge,Neon,Base,Sedan,automatic,1b3es26c32d573713,Florida,23.0,126223.0,white,black,autonation toyota scion weston,825.0,800.0,Tue Dec 30 2014 12:15:00 GMT-0800 (PST)
2002,Ford,Ranger,Edge Plus,Regular Cab,manual,1ftyr11u02pa74741,North Carolina,23.0,173130.0,red,â,westlake financial services,1650.0,2300.0,Mon Dec 29 2014 09:00:00 GMT-0800 (PST)
2002,mitsubishi,Diamante,VR-X,Sedan,automatic,6mmap87p12t020282,Nevada,2.0,168851.0,orange,â,titlemax/las vegas nv27,1475.0,600.0,Thu Jan 08 2015 03:00:00 GMT-0800 (PST)
2002,mercedes-benz,E-Class,E430 4MATIC,Sedan,automatic,wdbjf83j82x072174,Maryland,2.0,197292.0,black,tan,purple heart services inc,1525.0,1300.0,Tue Dec 30 2014 12:00:00 GMT-0800 (PST)
2001,audi,A6,2.8,Sedan,automatic,waubh64b01n071765,Florida,19.0,135610.0,gold,beige,sensible auto lending  llc,1375.0,1000.0,Tue Feb 17 2015 10:00:00 GMT-0800 (PST)
2000,Ford,excurs,4x2 v8 limited,,other,1fmnu42f5yed60636,Texas,19.0,267036.0,green,tan,laredo dodge chrysler jeep,4200.0,2700.0,Wed Jan 07 2015 10:00:00 GMT-0800 (PST)
2000,chrysler,town,& coun fwd limited,,automatic,1c4gp64l2yb613156,California,19.0,163848.0,gray,gray,nationwide motor vehicles,800.0,1000.0,Fri Jan 09 2015 15:00:00 GMT-0800 (PST)
2000,chevrolet,Blazer,Trailblazer,SUV,automatic,1gncs13w0y2157807,California,29.0,189693.0,gold,brown,executive enterprises auto wholesale inc,700.0,800.0,Wed Jan 21 2015 03:30:00 GMT-0800 (PST)
2000,chrysler,twn/cntry,lx lx,,automatic,1c4gp44g4yb661183,Missouri,19.0,186621.0,green,gray,nextgear capital,775.0,400.0,Wed Dec 31 2014 10:30:00 GMT-0800 (PST)
2000,mazda,mpv,lx,,other,jm3lw28g8y0133391,Virginia,22.0,180425.0,silver,gray,r k chevrolet inc,675.0,600.0,Mon Dec 29 2014 09:05:00 GMT-0800 (PST)
2000,oldsmobile,Alero,GL,Sedan,automatic,1g3nl52t8yc324079,Pennsylvania,1.0,127822.0,blue,beige,purple heart,825.0,550.0,Tue Dec 30 2014 13:01:00 GMT-0800 (PST)
1999,Ford,F-150,Work,Extended Cab,automatic,1ftzx1727xka41949,Florida,21.0,142382.0,green,black,autonation chevrolet doral,1275.0,1100.0,Tue Dec 30 2014 12:15:00 GMT-0800 (PST)
1999,mazda,B-Series Pickup,B3000 SE,Extended Cab,automatic,4f4yr16vxxtm29390,Maryland,2.0,173554.0,red,gray,purple heart services inc,1625.0,300.0,Tue Dec 30 2014 12:00:00 GMT-0800 (PST)
1999,mazda,626,ES V6,Sedan,automatic,1yvgf22d6x5844849,California,2.0,143835.0,white,tan,charitable auto resource,625.0,500.0,Tue Dec 30 2014 12:00:00 GMT-0800 (PST)
1999,mitsubishi,Montero,Base,SUV,automatic,ja4mr51r0xj001181,Missouri,2.0,213410.0,unknown,gray,autopay,600.0,800.0,Wed Dec 31 2014 10:30:00 GMT-0800 (PST)
1998,Ford,expedition,xlt,,automatic,1fmru17l0wlb52381,Nevada,2.0,167014.0,black,â,titlemax of buffalo dr. - nv 10,925.0,600.0,Wed Dec 31 2014 11:00:00 GMT-0800 (PST)
1997,ford truck,expedition,xlt,,automatic,1fmeu17l7vlb97881,Georgia,2.0,173307.0,silver,gray,titlemax/forest park ga1,700.0,700.0,Thu Jan 08 2015 12:30:00 GMT-0800 (PST)
1997,gmc,1500,sierra 4x2 slt,,automatic,2gtec19r3v1538496,Nevada,2.0,263445.0,green,â,tiger financial management llc,625.0,1250.0,Wed Dec 31 2014 11:00:00 GMT-0800 (PST)
1994,Dodge,Spirit,Base,Sedan,automatic,3b3aa46k6rt237451,Pennsylvania,2.0,135048.0,green,beige,purple heart,500.0,300.0,Tue Dec 30 2014 13:01:00 GMT-0800 (PST)
1992,toyota,Celica,ST,Coupe,other,jt2at86f5n0090722,Florida,1.0,259811.0,black,black,autonation ford bradenton,250.0,400.0,Tue Dec 30 2014 12:15:00 GMT-0800 (PST)
1994,pontiac,Bonneville,SSE,Sedan,automatic,1g2hx52l0r4222969,Pennsylvania,2.0,142184.0,beige,tan,purple heart,500.0,300.0,Tue Dec 30 2014 13:01:00 GMT-0800 (PST)
1989,toyota,camry,dx,,automatic,4t1sv21e4ku107818,Maryland,2.0,142761.0,white,blue,purple heart services inc,675.0,275.0,Tue Dec 30 2014 12:00:00 GMT-0800 (PST)
2014,honda,Accord Hybrid,EX-L,Sedan,automatic,1hgcr6f57ea006163,Georgia,44.0,14948.0,silver,black,r m hollenshead auto sales inc,29800.0,25000.0,Tue Dec 30 2014 13:00:00 GMT-0800 (PST)
2014,mini,Cooper Paceman,Base,Hatchback,manual,wmwss1c54ewn46673,Ohio,46.0,12194.0,white,â,bmw mini north america,18850.0,17000.0,Tue Dec 30 2014 14:00:00 GMT-0800 (PST)
2014,mini,Cooper Roadster,S,Convertible,automatic,wmwsy3c54et595237,Ohio,45.0,10953.0,white,â,bmw mini north america,21200.0,23000.0,Tue Dec 30 2014 14:00:00 GMT-0800 (PST)
2014,mini,Cooper Countryman,John Cooper Works ALL4,Wagon,automatic,wmwxd1c5xews34602,Ohio,47.0,7252.0,green,â,bmw mini north america,31300.0,33750.0,Tue Dec 30 2014 14:00:00 GMT-0800 (PST)
2014,nissan,NV Cargo,3500 S,Van,automatic,1n6af0ly0en101650,New Jersey,35.0,20084.0,white,gray,enterprise veh exchange/rental,22700.0,20900.0,Wed Dec 31 2014 09:30:00 GMT-0800 (PST)
2014,nissan,Pathfinder,SV Hybrid,SUV,automatic,5n1cr2mm3ec637493,California,45.0,14278.0,white,black,allen cadillac gmc,31000.0,33500.0,Wed Dec 31 2014 12:15:00 GMT-0800 (PST)
2013,buick,Encore,Base,SUV,automatic,kl4cjasb1db210920,Wisconsin,5.0,14210.0,gray,gray,honda motorwerks,16550.0,17200.0,Wed Dec 31 2014 10:00:00 GMT-0800 (PST)
2014,bmw,3 Series,328d xDrive,Sedan,automatic,wba3d5c55ekx99014,Ohio,41.0,11380.0,blue,tan,bmw north america greer,35100.0,35500.0,Tue Dec 30 2014 14:00:00 GMT-0800 (PST)
2014,bmw,3 Series Gran Turismo,328i xDrive,Hatchback,automatic,wba3x5c57ed559491,Ohio,5.0,3369.0,brown,black,bmw north america greer,36600.0,33000.0,Tue Dec 30 2014 14:00:00 GMT-0800 (PST)
2014,bmw,4 Series,435i,Coupe,automatic,wba3r1c57ek192879,Ohio,5.0,6501.0,blue,black,bmw north america greer,37600.0,41500.0,Tue Dec 30 2014 14:00:00 GMT-0800 (PST)
2014,bmw,4 Series,428i xDrive SULEV,Coupe,automatic,wba3n9c58ek244725,Ohio,44.0,3810.0,white,black,bmw north america,38100.0,36750.0,Tue Jan 27 2015 06:00:00 GMT-0800 (PST)
2014,bmw,4 Series,435i xDrive,Coupe,automatic,wba3r5c51ek188754,Ohio,45.0,11124.0,gray,black,bmw north america greer,42300.0,41000.0,Tue Dec 30 2014 14:00:00 GMT-0800 (PST)
2014,bmw,5 Series,535d xDrive,Sedan,automatic,wbafv3c58ed686029,Ohio,43.0,4182.0,gray,black,bmw north america raa,54700.0,53500.0,Tue Dec 30 2014 14:00:00 GMT-0800 (PST)
2014,bmw,4 Series,428i xDrive,Coupe,automatic,wba3n5c52ek196423,Ohio,49.0,4076.0,white,black,bmw north america greer,40800.0,40750.0,Tue Dec 30 2014 14:00:00 GMT-0800 (PST)
2013,Volkswagen,Beetle,Turbo PZEV Fender Edition,Hatchback,automatic,3vwva7at3dm607384,Nevada,4.0,62362.0,red,red,findlay toyota and scion,14250.0,14000.0,Wed Dec 31 2014 12:15:00 GMT-0800 (PST)
2013,Volkswagen,Passat,SEL Premium PZEV,Sedan,automatic,1vwcp7a37dc057940,Florida,46.0,19811.0,silver,black,wells fargo dealer services,17300.0,18800.0,Tue Dec 30 2014 09:30:00 GMT-0800 (PST)
2012,Ford,e,wagon v8 xlt,,other,1fdne1bw8cda35036,California,41.0,107025.0,white,gray,vpsi  inc,9325.0,11300.0,Wed Dec 31 2014 12:30:00 GMT-0800 (PST)
2012,honda,Civic,Natural Gas,Sedan,automatic,19xfb5f50ce000225,California,45.0,34652.0,white,silver,high bid trading co inc,15800.0,16000.0,Wed Dec 31 2014 12:15:00 GMT-0800 (PST)
2012,mini,Cooper Roadster,John Cooper Works,Convertible,manual,wmwsy5c59ct312503,Ohio,46.0,1244.0,white,black,bmw mini north america,22500.0,24750.0,Tue Dec 30 2014 14:00:00 GMT-0800 (PST)
2012,Volkswagen,Beetle,Base,Hatchback,manual,3vwax7at6cm663248,Wisconsin,29.0,13518.0,black,black,capital one auto finance,12650.0,9000.0,Wed Dec 31 2014 10:00:00 GMT-0800 (PST)
2011,Dodge,Caliber,Uptown,Wagon,automatic,1b3cb9ha2bd228541,Washington,35.0,64969.0,blue,black,crossborder vehicle sales ltd,9275.0,10300.0,Tue Dec 30 2014 13:00:00 GMT-0800 (PST)
2011,Ford,f250,4x4 rg xl,,automatic,1fdbf2b65beb32211,Louisiana,34.0,150745.0,white,gray,lease plan usa,9250.0,11500.0,Wed Dec 31 2014 10:00:00 GMT-0800 (PST)
2011,jeep,Patriot,Latitude X,SUV,automatic,1j4nf4gb0bd108921,Illinois,37.0,55840.0,white,black,lease plan usa,11700.0,12000.0,Tue Dec 30 2014 10:00:00 GMT-0800 (PST)
2010,chevrolet,malibu,4c ltz,,automatic,1g1ze5e07a4128026,Wisconsin,27.0,49586.0,silver,black,capital one auto finance,10150.0,8700.0,Wed Dec 31 2014 10:00:00 GMT-0800 (PST)
2010,suzuki,Kizashi,GTS,Sedan,automatic,js2re9a56a6100339,Texas,22.0,96748.0,black,black,santander consumer,5775.0,4600.0,Wed Jan 07 2015 10:30:00 GMT-0800 (PST)
2010,nissan,370Z,NISMO,Coupe,manual,jn1az4eh8am502977,Florida,33.0,63900.0,black,black,wells fargo dealer services,18950.0,21900.0,Tue Dec 30 2014 09:30:00 GMT-0800 (PST)
2012,Volkswagen,Beetle,2.0T Turbo,Hatchback,manual,3vw467at2cm623832,Ohio,41.0,32160.0,black,gray,vw credit,13550.0,12600.0,Tue Jan 06 2015 01:30:00 GMT-0800 (PST)
2012,Volkswagen,GLI,Autobahn,Sedan,automatic,3vw487aj9cm009126,Ohio,28.0,26098.0,gray,black,vw credit,14950.0,14500.0,Tue Jan 06 2015 01:30:00 GMT-0800 (PST)
2011,audi,a4,premium 2.0t qtro,,other,wauffcfl3bn048459,unknown,42.0,74433.0,black,black,vw credit canada  inc,20500.0,23800.0,Tue Jan 06 2015 02:00:00 GMT-0800 (PST)
2012,Volkswagen,Passat,SEL,Sedan,automatic,1vwch7a35cc021403,Ohio,28.0,22083.0,gray,black,vw credit,15800.0,14700.0,Tue Jan 06 2015 09:30:00 GMT-0800 (PST)
2011,Volkswagen,jetta,comfrtline,,other,3vwdk7aj6bm008435,unknown,19.0,63397.0,brown,beige,vw credit canada  inc,10500.0,7600.0,Tue Jan 06 2015 02:00:00 GMT-0800 (PST)
2010,mercedes-benz,CL-Class,CL550 4MATIC,Coupe,automatic,wddej8gb7aa025214,Nevada,38.0,27748.0,unknown,black,mercedes-benz finc wholesale advantage,40300.0,44250.0,Wed Dec 31 2014 12:30:00 GMT-0800 (PST)
2010,Volkswagen,Golf,TDI,Hatchback,automatic,wvwbm7aj0aw234604,Nevada,35.0,40923.0,black,black,findlay north volkswagen,13400.0,13500.0,Fri Jan 09 2015 12:00:00 GMT-0800 (PST)
2009,maserati,GranTurismo,S,Coupe,automatic,zamkl45a990048081,California,44.0,24181.0,black,black,orange coast chrysler jeep dodge,52900.0,56000.0,Tue Dec 30 2014 12:30:00 GMT-0800 (PST)
2008,maserati,Quattroporte,Sport GT S Automatic,Sedan,automatic,zamfe39a580033494,Florida,27.0,32349.0,burgundy,beige,on track auto mall inc,31700.0,30900.0,Tue Dec 30 2014 09:00:00 GMT-0800 (PST)
2008,subaru,Legacy,3.0 R Limited,Sedan,automatic,4s3bl856184221851,Washington,32.0,66813.0,silver,black,toyota of kirkland,11700.0,14500.0,Tue Dec 30 2014 13:20:00 GMT-0800 (PST)
2008,toyota,Camry Solara,Sport V6,Coupe,other,4t1ca30p78u136408,Pennsylvania,36.0,56010.0,white,beige,adcock brothers inc,10650.0,11100.0,Fri Jan 02 2015 09:00:00 GMT-0800 (PST)
2007,cadillac,srx,awd suv,,automatic,1gyee63a870163286,Pennsylvania,39.0,88288.0,silver,gray,exceptional motorcars ltd,8700.0,10800.0,Tue Dec 30 2014 09:00:00 GMT-0800 (PST)
2007,honda,Civic,GX,Sedan,automatic,1hgfa46537l000179,Utah,37.0,128973.0,white,gray,remarketing by ge/america first credit union,7100.0,6000.0,Wed Jan 07 2015 03:30:00 GMT-0800 (PST)
2007,mazda,cx-7,sport,,automatic,jm3er29l270149922,Texas,21.0,109228.0,silver,black,enterprise veh exchange/rental,5000.0,3700.0,Wed Dec 31 2014 00:00:00 GMT-0800 (PST)
2007,mazda,mazda3,s spt s sport,,automatic,jm1bk143871744270,Florida,23.0,1.0,red,black,autonation nissan kendall,5725.0,3300.0,Tue Jan 13 2015 10:00:00 GMT-0800 (PST)
2007,subaru,Impreza,Outback Sport Special Edition,Wagon,automatic,jf1gg63697h815991,California,41.0,159100.0,blue,gray,orange coast chrysler jeep dodge,3875.0,4500.0,Wed Jan 07 2015 04:30:00 GMT-0800 (PST)
2007,Volkswagen,Eos,3.2L,Convertible,automatic,wvwfb71f27v028833,Washington,32.0,64875.0,black,black,lexus of tacoma at fife,7525.0,8900.0,Wed Jan 21 2015 05:20:00 GMT-0800 (PST)
2006,chrysler,crossfire,limited,,automatic,1c3an69l76x063798,Georgia,21.0,54068.0,black,black,tdaf remarketing,6575.0,4300.0,Tue Dec 30 2014 13:00:00 GMT-0800 (PST)
2006,Dodge,Viper,SRT-10,Coupe,manual,1b3jz69z76v101290,California,25.0,24652.0,orange,black,rehman auto sales,45400.0,29750.0,Thu Jan 15 2015 04:30:00 GMT-0800 (PST)
2006,honda,pilot,4x4 ex,,automatic,2hkyf18416h503787,New Jersey,38.0,120358.0,white,gray,hamilton honda,7125.0,6650.0,Wed Dec 31 2014 09:30:00 GMT-0800 (PST)
2006,suzuki,Aerio,Base,Sedan,automatic,js2ra61s465300536,Texas,2.0,141226.0,black,black,titlemax/windcrest tx1,900.0,1200.0,Wed Jan 07 2015 10:00:00 GMT-0800 (PST)
2006,subaru,Outback,3.0 R VDC Limited,Wagon,automatic,4s4bp85c864308181,New York,18.0,197155.0,gray,tan,advanced remarketing services  inc.,3825.0,800.0,Wed Jan 21 2015 02:10:00 GMT-0800 (PST)
2005,chevrolet,Aveo,Special Value,Sedan,automatic,kl1td52685b353024,Puerto Rico,21.0,98729.0,white,gray,select remarketing group llc/anderson financial,1875.0,1100.0,Thu Jan 15 2015 03:30:00 GMT-0800 (PST)
2005,gmc,Canyon,Z85 SL,Extended Cab,automatic,1gtds196458189396,California,24.0,126442.0,blue,gray,tycon enterprises,6425.0,6000.0,Tue Jan 06 2015 12:30:00 GMT-0800 (PST)
2014,fiat,500L,Trekking,Wagon,automatic,zfbcfadh5ez004651,Nevada,45.0,15118.0,yellow,black,findlay toyota and scion,12500.0,13500.0,Wed Dec 31 2014 12:15:00 GMT-0800 (PST)
2005,mercedes-benz,C-Class,C240 Luxury 4MATIC,Sedan,other,wdbrf81j65f653365,Pennsylvania,37.0,63776.0,black,gray,adcock brothers inc,6225.0,9100.0,Fri Jan 02 2015 09:00:00 GMT-0800 (PST)
2005,nissan,350z,anniversar,,automatic,jn1az34e35m652566,Florida,27.0,109231.0,black,black,tdaf remarketing,7600.0,9500.0,Tue Dec 30 2014 09:00:00 GMT-0800 (PST)
2005,suzuki,XL-7,LX,SUV,automatic,js3ty92v754107261,Puerto Rico,24.0,122556.0,white,tan,select remarketing group llc/anderson financial,2200.0,3000.0,Thu Jan 08 2015 12:00:00 GMT-0800 (PST)
2004,Dodge,intrepid,police,,automatic,2b3ad46v44h590015,Washington,19.0,83330.0,gold,beige,lexus of bellevue,825.0,1900.0,Tue Dec 30 2014 13:20:00 GMT-0800 (PST)
2004,Ford,explorer,4x4 v6 nbx,,automatic,1fmzu73e04ub86774,North Carolina,31.0,163640.0,beige,beige,university ford inc,1375.0,2700.0,Tue Dec 30 2014 09:30:00 GMT-0800 (PST)
2004,gmc,Sierra 2500,SLE,Crew Cab,automatic,1gtgk23ux4f223572,Nebraska,24.0,90857.0,burgundy,gray,wells fargo dealer services,11650.0,11000.0,Wed Dec 31 2014 10:30:00 GMT-0800 (PST)
2004,kia,Rio,Cinco,Wagon,automatic,knadc165146212827,Puerto Rico,19.0,1.0,red,beige,select remarketing group llc/anderson financial,2025.0,300.0,Thu Jan 15 2015 03:30:00 GMT-0800 (PST)
2004,mazda,MX-5 Miata,LS,Convertible,manual,jm1nb353540401960,Texas,27.0,99653.0,silver,gray,bmw of arlington,4100.0,4200.0,Thu Jan 08 2015 11:00:00 GMT-0800 (PST)
2003,Ford,Ranger,XLT Appearance,SuperCab,other,1ftyr44e93pa10995,Puerto Rico,25.0,144556.0,black,black,select remarketing group llc/anderson financial,3025.0,4200.0,Thu Jan 15 2015 03:30:00 GMT-0800 (PST)
2003,saab,9-5,Aero,Sedan,automatic,ys3eh49g833008350,Georgia,19.0,82409.0,beige,beige,r m hollenshead auto sales inc,1700.0,1100.0,Tue Dec 30 2014 13:00:00 GMT-0800 (PST)
2002,Volkswagen,Cabrio,GLX,Convertible,automatic,3vwdc21v82m805739,California,1.0,152888.0,silver,gray,charitable auto resource,850.0,600.0,Tue Dec 30 2014 12:00:00 GMT-0800 (PST)
2001,chevrolet,Blazer,TrailBlazer,SUV,automatic,1gndt13w812164320,Puerto Rico,23.0,148709.0,black,tan,select remarketing group llc/anderson financial,800.0,300.0,Thu Jan 08 2015 10:00:00 GMT-0800 (PST)
2000,chevrolet,venture,fwd ext,,automatic,1gndx03e5yd299789,Puerto Rico,19.0,204231.0,gray,gray,select remarketing group llc/anderson financial,400.0,300.0,Thu Jan 08 2015 12:00:00 GMT-0800 (PST)
1999,chevrolet,astro,2wd ext,,automatic,1gndm19wxxb201882,California,19.0,200774.0,green,gray,inland chevrolet,1050.0,500.0,Tue Dec 30 2014 15:00:00 GMT-0800 (PST)
1999,bmw,3 Series,323is,Coupe,other,wbabf7337xeh44181,Florida,2.0,176907.0,silver,gray,metro ford inc,1425.0,1500.0,Fri Jan 02 2015 09:30:00 GMT-0800 (PST)
1995,buick,Riviera,Base,Coupe,other,1g4gd22k0s4736893,Washington,2.0,57312.0,blue,blue,donate for charity,1800.0,650.0,Tue Dec 30 2014 14:10:00 GMT-0800 (PST)
1996,jaguar,XJ-Series,XJ6,Sedan,automatic,sajhx1747tc763750,Florida,3.0,125849.0,burgundy,brown,coggin deland hyundai,1100.0,1900.0,Tue Jan 06 2015 10:00:00 GMT-0800 (PST)
1996,honda,accord,dx,,automatic,1hgcd5693ta213562,California,2.0,272645.0,silver,tan,crown toyota,800.0,800.0,Tue Dec 30 2014 15:00:00 GMT-0800 (PST)
1995,nissan,quest,base,,automatic,4n2dn11w6sd848436,California,1.0,120957.0,blue,blue,acura of riverside,775.0,1200.0,Tue Dec 30 2014 12:30:00 GMT-0800 (PST)
1993,nissan,Altima,SE,Sedan,other,1n4bu31f3pc226727,California,3.0,236665.0,green,beige,stadium nissan,475.0,500.0,Wed Dec 31 2014 12:30:00 GMT-0800 (PST)
2014,jaguar,XJ,XJL Portfolio,Sedan,automatic,sajwj2gd1e8v62687,Wisconsin,1.0,9501.0,black,black,dollar thrifty damage liquidation,77000.0,40000.0,Wed Feb 04 2015 01:30:00 GMT-0800 (PST)
2014,jeep,compass,4x4 4c north,,other,1c4njdab3ed510899,unknown,39.0,25195.0,black,black,chrysler canada inc,17750.0,15200.0,Tue Jan 06 2015 02:00:00 GMT-0800 (PST)
2014,jeep,compass,north,,other,1c4njdab2ed840890,unknown,47.0,16812.0,blue,black,chrysler canada inc,18550.0,18200.0,Tue Jan 06 2015 02:00:00 GMT-0800 (PST)
2014,toyota,Avalon Hybrid,Limited,Sedan,automatic,4t1bd1eb9eu028825,Missouri,27.0,7678.0,gray,gray,hendrick lexus kansas city,31300.0,26000.0,Wed Dec 31 2014 10:30:00 GMT-0800 (PST)
2014,toyota,Highlander,LE,SUV,automatic,5tdbkrfhxes062059,New York,2.0,11594.0,gray,gray,hertz/tra,28900.0,15900.0,Wed Jan 07 2015 09:00:00 GMT-0800 (PST)
2014,Volkswagen,GTI,Wolfsburg Edition,Hatchback,automatic,wvwhd7aj0ew000558,Ohio,45.0,8407.0,unknown,black,vw credit,19050.0,19700.0,Tue Jan 06 2015 09:30:00 GMT-0800 (PST)
2013,audi,Q5,3.0T Premium Plus quattro,SUV,other,wa1dgbfp4da078661,Pennsylvania,47.0,19156.0,black,tan,ge fleet services for itself/servicer,37600.0,36750.0,Fri Jan 16 2015 01:00:00 GMT-0800 (PST)
2014,Volkswagen,routan,se,,automatic,2c4rvabg0er134545,Ohio,5.0,6842.0,unknown,gray,vw credit,21900.0,21700.0,Tue Jan 06 2015 01:30:00 GMT-0800 (PST)
2014,Volkswagen,routan,sel prm,,automatic,2c4rvadg5er134795,Ohio,43.0,25053.0,unknown,gray,vw credit,22300.0,25000.0,Tue Jan 06 2015 01:30:00 GMT-0800 (PST)
2014,Volkswagen,Passat,SEL Premium,Sedan,automatic,1vwcs7a30ec021894,Ohio,49.0,20649.0,gray,gray,vw credit,20400.0,20900.0,Tue Jan 06 2015 01:30:00 GMT-0800 (PST)
2013,honda,Ridgeline,RTL w/Leather,Crew Cab,automatic,5fpyk1f50db010175,Indiana,41.0,20205.0,black,black,unlimited automotive wholesalers,28900.0,28500.0,Thu Jan 08 2015 10:10:00 GMT-0800 (PST)
2013,mazda,6,i Touring,Sedan,automatic,1yvhz8dh9d5m05977,Michigan,42.0,26944.0,black,black,jpmorgan chase bank n.a.,13150.0,13400.0,Thu Jan 08 2015 09:30:00 GMT-0800 (PST)
2013,subaru,Legacy,2.5i Sport,Sedan,automatic,4s3bmcg68d3025967,Michigan,46.0,21813.0,blue,black,jpmorgan chase bank n.a.,15950.0,18000.0,Thu Jan 08 2015 00:00:00 GMT-0800 (PST)
2013,toyota,Matrix,L,Hatchback,automatic,2t1ku4ee3dc034325,Arizona,19.0,22042.0,gray,gray,toyota financial services,13950.0,12500.0,Tue Dec 30 2014 11:00:00 GMT-0800 (PST)
2013,Volkswagen,Beetle Convertible,2.5L PZEV,Beetle Convertible,automatic,3vw5p7at3dm833682,Ohio,49.0,6204.0,unknown,tan,vw credit,17900.0,17900.0,Tue Jan 06 2015 01:30:00 GMT-0800 (PST)
2013,Volkswagen,Beetle Convertible,Turbo PZEV,Beetle Convertible,automatic,3vw7a7at2dm815197,Ohio,48.0,16819.0,unknown,black,vw credit,19250.0,18900.0,Tue Jan 06 2015 01:30:00 GMT-0800 (PST)
2013,Volkswagen,Beetle,Turbo Fender Edition,Hatchback,automatic,3vwv67at9dm602126,Ohio,23.0,18919.0,gray,black,vw credit,15400.0,12500.0,Tue Jan 06 2015 01:30:00 GMT-0800 (PST)
2013,Volkswagen,CC,Lux PZEV,Sedan,automatic,wvwrp7an7de561536,California,42.0,18092.0,white,black,premium auto wholesale,19500.0,21900.0,Tue Dec 30 2014 15:00:00 GMT-0800 (PST)
2013,Volkswagen,Jetta Hybrid,SEL,Sedan,automatic,3vw637aj6dm222835,Pennsylvania,3.0,35365.0,silver,gray,exceptional motorcars ltd,14500.0,17300.0,Tue Dec 30 2014 09:00:00 GMT-0800 (PST)
2013,Volkswagen,Jetta GLI,Autobahn PZEV,Sedan,other,3vw4a7aj6dm421039,Pennsylvania,42.0,37380.0,black,black,superior automotive sales i,16600.0,18600.0,Fri Jan 02 2015 09:00:00 GMT-0800 (PST)
2012,audi,A8,L W12 6.3 quattro,Sedan,automatic,waur4afd4cn008621,California,36.0,44778.0,red,beige,vci/maple hill auto center,56200.0,54000.0,Thu Feb 26 2015 04:30:00 GMT-0800 (PST)
2012,buick,LaCrosse,Base,Sedan,automatic,1g4ga5er5cf242957,Missouri,35.0,86206.0,unknown,tan,lease plan usa,9875.0,9800.0,Wed Dec 31 2014 10:30:00 GMT-0800 (PST)
2012,chevrolet,Corvette,ZR1,Coupe,manual,1g1yn2dt9c5800168,Texas,48.0,18073.0,black,black,music city autoplex llc,68000.0,68250.0,Wed Feb 11 2015 02:20:00 GMT-0800 (PST)
2011,subaru,Impreza,WRX Premium,Sedan,manual,jf1gv7f67bg503500,North Carolina,19.0,62844.0,blue,black,myrddin fleet services,18000.0,16700.0,Tue Jan 06 2015 01:15:00 GMT-0800 (PST)
2011,Volkswagen,Jetta SportWagen,S,Wagon,automatic,3vwpx7aj2bm646986,North Carolina,24.0,81652.0,silver,gray,wheels exchange llc,7850.0,7000.0,Tue Jan 20 2015 01:15:00 GMT-0800 (PST)
2009,chevrolet,Silverado 1500,XFE,Crew Cab,automatic,3gcec13369g157081,Nevada,34.0,96179.0,gray,beige,true credit auto wholesale,15200.0,14800.0,Wed Dec 31 2014 11:45:00 GMT-0800 (PST)
2009,mazda,RX-8,Touring,Coupe,manual,jm1fe172790403236,Nevada,35.0,38729.0,gray,black,kapitolia auto llc,12800.0,12300.0,Wed Dec 31 2014 12:15:00 GMT-0800 (PST)
2008,aston martin,V8 Vantage,N400 Roadster,Convertible,automatic,scfbf04b18gd07963,Nevada,42.0,23479.0,gray,black,las vegas motorcars llc,54600.0,51000.0,Fri Jan 09 2015 12:00:00 GMT-0800 (PST)
2008,volvo,S80,V8,Sedan,automatic,yv1ah852981078461,Ohio,33.0,88647.0,black,â,remarketing by ge/columbus metro fcu,9850.0,8900.0,Tue Jan 20 2015 01:30:00 GMT-0800 (PST)
2007,toyota,tundra,4x2 v8 x-sp,,automatic,5tfrv54157x022392,Florida,33.0,58711.0,red,beige,wells fargo dealer services,16000.0,17200.0,Tue Jan 06 2015 01:30:00 GMT-0800 (PST)
2005,hyundai,Sonata,GL V6,Sedan,automatic,kmhwf25h85a108298,North Carolina,22.0,121585.0,silver,black,nextgear capital,2250.0,1500.0,Tue Jan 06 2015 01:15:00 GMT-0800 (PST)
2004,audi,TT,250hp quattro,Convertible,automatic,truuf28n941025545,Ohio,22.0,66508.0,blue,gray,remarketing by ge/flagship credit acceptance,10000.0,3400.0,Tue Jan 06 2015 13:00:00 GMT-0800 (PST)
2004,Lincoln,Town Car,Ultimate,Sedan,automatic,1lnhm83w14y681780,California,27.0,223139.0,black,gray,aaero sweet company,1525.0,1600.0,Wed Dec 31 2014 11:30:00 GMT-0800 (PST)
2004,Volkswagen,Golf,GLS TDI,Hatchback,manual,9bwgr61j544036303,Tennessee,21.0,167711.0,silver,gray,toyota knoxville,2500.0,2600.0,Wed Dec 31 2014 10:30:00 GMT-0800 (PST)
2002,Ford,Escort,ZX2 Deluxe,Coupe,automatic,3fafp11332r227034,North Carolina,19.0,157697.0,blue,gray,crossroads ford inc,625.0,400.0,Mon Jan 05 2015 00:31:00 GMT-0800 (PST)
2002,lexus,IS 300,SportCross,Wagon,automatic,jthed192320046086,California,19.0,210083.0,white,black,aaero sweet company,2800.0,2900.0,Wed Dec 31 2014 11:30:00 GMT-0800 (PST)
2002,hyundai,Accent,L,Hatchback,automatic,kmhcf35g32u158147,Virginia,19.0,94765.0,white,beige,brown's leesburg hyundai,750.0,1000.0,Thu Jan 15 2015 01:05:00 GMT-0800 (PST)
2000,mazda,mpv,es,,automatic,jm3lw28gxy0105799,California,25.0,379439.0,black,gray,lexus of stevens creek,250.0,700.0,Wed Dec 31 2014 12:30:00 GMT-0800 (PST)
1999,Ford,f250,4x4 ext lariat,,automatic,1ftnx21s6xed31322,Missouri,28.0,137683.0,unknown,beige,ford-lincoln dealer program,4000.0,7200.0,Mon Jan 06 2014 10:30:00 GMT-0800 (PST)
1999,infiniti,QX4,Base (1999.5),SUV,other,jnrar07y9xw066964,North Carolina,19.0,246338.0,black,gray,dt inventory,1050.0,1000.0,Tue Jan 06 2015 01:30:00 GMT-0800 (PST)
1999,gmc,1500,sierra 4x2 sle,,automatic,2gtec19t7x1523529,Texas,3.0,308063.0,white,brown,titlemax/san antonio tx24,2625.0,1500.0,Wed Dec 31 2014 00:00:00 GMT-0800 (PST)
1993,toyota,Pickup,Deluxe,Extended Cab,automatic,jt4rn93p5p5080320,Tennessee,2.0,233911.0,silver,gray,toyota knoxville,1550.0,2000.0,Wed Dec 31 2014 10:30:00 GMT-0800 (PST)
2014,land rover,range,r spt v6 hse,,automatic,salwr2vf1ea309088,Texas,43.0,18620.0,black,tan,tdaf remarketing,71000.0,71600.0,Wed Dec 31 2014 10:00:00 GMT-0800 (PST)
2014,subaru,XV Crosstrek,Hybrid Touring,SUV,automatic,jf2gpbkc6eh206608,Illinois,48.0,8624.0,green,black,subaru of america,23900.0,23500.0,Tue Feb 03 2015 03:00:00 GMT-0800 (PST)
2013,acura,ILX,Hybrid w/Technology Package,Sedan,automatic,19vde3f72de300122,California,39.0,13259.0,gray,beige,hopkins acura,23200.0,18500.0,Wed Dec 31 2014 12:30:00 GMT-0800 (PST)
2013,chevrolet,Express,LS 2500,Van,automatic,1gawgrfg4d1120777,Pennsylvania,38.0,23487.0,blue,gray,bobb automotive inc,19700.0,23500.0,Fri Jan 02 2015 09:30:00 GMT-0800 (PST)
2013,toyota,Avalon Hybrid,XLE Premium,Sedan,automatic,4t1bd1eb1du017655,Wisconsin,39.0,15709.0,white,tan,remarketing by ge/manheim milwaukee,26100.0,26000.0,Wed Jan 07 2015 10:00:00 GMT-0800 (PST)
2012,buick,Verano,Convenience Group 2,Sedan,other,1g4pr5sk7c4227582,Pennsylvania,47.0,56128.0,silver,gray,gm financial,11200.0,11800.0,Fri Jan 09 2015 09:00:00 GMT-0800 (PST)
2012,fiat,500,C Lounge,Convertible,automatic,3c3cffer1ct118785,Florida,4.0,9311.0,gray,black,chrysler group llc,12100.0,6000.0,Mon Jan 05 2015 04:30:00 GMT-0800 (PST)
2012,suzuki,Equator,Sport,Crew Cab,automatic,5z61d0er5cc481898,California,27.0,18424.0,silver,gray,cmm finance,15150.0,14900.0,Tue Jan 06 2015 04:30:00 GMT-0800 (PST)
2009,mazda,Mazdaspeed 3,Grand Touring,Hatchback,manual,jm1bk34l491234013,Florida,29.0,89744.0,gray,black,autonation toyota pinellas park,8900.0,9400.0,Tue Jan 06 2015 01:15:00 GMT-0800 (PST)
2008,hyundai,Entourage,GLS,Minivan,automatic,kndmc233386055447,Wisconsin,25.0,111168.0,blue,tan,ge fleet services for itself/servicer,3825.0,3700.0,Wed Jan 07 2015 10:00:00 GMT-0800 (PST)
2008,Ford,Taurus X,Eddie Bauer,Wagon,automatic,1fmdk07w08ga45427,Maryland,36.0,91351.0,white,â,wells fargo dealer services,7400.0,7600.0,Tue Jan 06 2015 01:30:00 GMT-0800 (PST)
2008,land rover,LR3,V8 HSE,SUV,automatic,salag25498a472655,North Carolina,46.0,87868.0,white,tan,hendrick toyota scion wilmington,15500.0,16300.0,Fri Jan 02 2015 09:30:00 GMT-0800 (PST)
2007,chevrolet,Malibu Maxx,LTZ,Hatchback,automatic,1g1zu67n07f236664,Maryland,28.0,65758.0,gray,black,darcars chrysler jeep,7725.0,4200.0,Tue Jan 13 2015 09:30:00 GMT-0800 (PST)
2007,gmc truck,sr,1500 4x4 cr slt,,automatic,2gtek133571637248,North Carolina,4.0,53142.0,white,black,triangle auto sales inc,20500.0,21425.0,Fri Jan 02 2015 09:30:00 GMT-0800 (PST)
2007,hyundai,Azera,GLS,Sedan,automatic,kmhfc46d57a202920,North Carolina,36.0,144213.0,silver,gray,best of clinton inc,3500.0,4000.0,Fri Jan 02 2015 09:30:00 GMT-0800 (PST)
2006,Ford,e350,cutaway,,automatic,1fdwe35l46da17316,Missouri,2.0,192296.0,white,gray,budget truck sales,5225.0,4600.0,Tue Jan 06 2015 03:00:00 GMT-0800 (PST)
2005,Ford,explorer,4x2 v6 xls sport,,other,1fmzu62k45ua73980,Maryland,22.0,149846.0,brown,tan,darcars dodge of new carrollton,1250.0,1300.0,Tue Jan 13 2015 09:30:00 GMT-0800 (PST)
2005,kia,sportage,4x4 v6 ex,,automatic,kndje723157098864,New Jersey,28.0,105246.0,gray,beige,jpmorgan chase bank n.a.,4150.0,2900.0,Wed Jan 07 2015 01:30:00 GMT-0800 (PST)
2005,saab,9-2X,Linear,Wagon,automatic,jf4gg61655h054170,Maryland,23.0,107570.0,silver,black,darcars chrysler jeep of rockville,4225.0,3200.0,Tue Jan 06 2015 01:30:00 GMT-0800 (PST)
2004,subaru,Impreza,Outback,Wagon,automatic,jf1gg68524h813964,New York,19.0,117540.0,gray,gray,wayne subaru inc,3700.0,2400.0,Wed Jan 21 2015 01:00:00 GMT-0800 (PST)
2004,Volkswagen,GTI,VR6,Hatchback,manual,9bwdh61j444021846,Maryland,26.0,64065.0,silver,black,darcars toyota,3600.0,4800.0,Tue Jan 06 2015 09:30:00 GMT-0800 (PST)
2003,Ford,Taurus,SEL Premium,Sedan,automatic,1fahp56s53a158097,Ohio,2.0,120629.0,beige,beige,wells fargo dealer services,1725.0,400.0,Tue Feb 10 2015 05:00:00 GMT-0800 (PST)
2000,Ford,explorer,awd v8 ed bauer,,automatic,1fmzu84p4yza48959,North Carolina,28.0,203586.0,blue,beige,dt inventory,625.0,300.0,Mon Jan 12 2015 09:30:00 GMT-0800 (PST)
2000,oldsmobile,silhouette,gl,,automatic,1ghdx03e8yd184980,Florida,19.0,119539.0,blue,beige,holman honda of fort lauderdale,1050.0,800.0,Fri Jan 02 2015 09:35:00 GMT-0800 (PST)
1996,Dodge,ram,1500 4x2 slt,,automatic,3b7hc13z5tm158197,Texas,2.0,152676.0,white,gray,select remarketing group llc/midwest title loans,1150.0,1250.0,Thu Jan 08 2015 12:00:00 GMT-0800 (PST)
2014,subaru,XV Crosstrek,Hybrid,SUV,automatic,jf2gpbcc1eh205137,New Jersey,44.0,9104.0,blue,tan,subaru of america,22400.0,21700.0,Wed Jan 07 2015 01:15:00 GMT-0800 (PST)
2014,subaru,Legacy,2.5i Sport PZEV,Sedan,automatic,4s3bmbh64e3021442,New Jersey,44.0,7668.0,blue,black,jpmorgan chase bank n.a.,22300.0,21100.0,Wed Jan 28 2015 02:00:00 GMT-0800 (PST)
2013,bmw,3 Series,ActiveHybrid 3,Sedan,automatic,wba3f9c54df483967,Florida,44.0,49840.0,black,black,lauderdale bmw of fort lauderdale,26200.0,26000.0,Fri Jan 02 2015 09:35:00 GMT-0800 (PST)
2011,chevrolet,Corvette,GS,Coupe,automatic,1g1yu2dwxb5102227,Florida,46.0,11166.0,silver,black,cire leasing,35900.0,37000.0,Tue Feb 17 2015 01:15:00 GMT-0800 (PST)
2006,mercedes-benz,S-Class,S350,Sedan,automatic,wdbnf67j16a477267,California,25.0,96542.0,black,black,premium auto wholesale,9475.0,7400.0,Thu Jan 08 2015 12:00:00 GMT-0800 (PST)
2002,chrysler,concorde,lxi,,automatic,2c3hd36mx2h262128,California,19.0,181341.0,blue,beige,charitable auto resource,575.0,600.0,Tue Jan 06 2015 04:00:00 GMT-0800 (PST)
1996,mercedes-benz,SL-Class,SL320,Convertible,automatic,wdbfa63f6tf136109,California,3.0,98844.0,blue,black,phillips auto brokerage,4275.0,4300.0,Wed Jan 14 2015 04:30:00 GMT-0800 (PST)
2014,Volkswagen,beetle,4c 1.8t,,automatic,3vwf17at9em652903,California,2.0,10783.0,black,black,enterprise vehicle exchange / tra / rental / tulsa,12400.0,9900.0,Tue Jan 06 2015 12:00:00 GMT-0800 (PST)
2011,Dodge,Durango,Heat,SUV,automatic,1d4re3gg3bc733449,Ohio,36.0,40236.0,gray,black,fiserv/usb dealer services northstar exchange,18450.0,17500.0,Thu Jan 08 2015 10:00:00 GMT-0800 (PST)
2009,chevrolet,Express,LS 1500,Van,automatic,1gnfh154x91100447,Nevada,1.0,168037.0,white,gray,united leasing inc,5825.0,2300.0,Thu Jan 08 2015 11:00:00 GMT-0800 (PST)
2008,subaru,Forester,Sports 2.5 X,Wagon,automatic,jf1sg66618h700003,Pennsylvania,25.0,72339.0,red,black,faulkner nissan,9825.0,9000.0,Mon Jan 05 2015 04:00:00 GMT-0800 (PST)
2008,Volkswagen,New Beetle,Black Tie Edition,Hatchback,automatic,3vwfw31c98m517466,Texas,21.0,29106.0,white,beige,vw credit,7225.0,7200.0,Thu Jan 08 2015 03:00:00 GMT-0800 (PST)
2007,cadillac,sts,v8 base,,automatic,1g6dc67a570155876,Indiana,19.0,141203.0,gray,black,navy federal credit union,5425.0,1300.0,Thu Jan 08 2015 10:07:00 GMT-0800 (PST)
2006,chevrolet,Malibu Maxx,SS,Hatchback,automatic,1g1zw63136f152477,Michigan,13.0,136559.0,silver,black,santander consumer,2150.0,2500.0,Thu Jan 08 2015 09:30:00 GMT-0800 (PST)
2003,Ford,e250,cargo v8 recreation,,automatic,1fdne24l73hb64211,Georgia,35.0,78152.0,burgundy,gray,ge fleet services for itself/servicer,4075.0,3700.0,Tue Jan 06 2015 05:10:00 GMT-0800 (PST)
2003,Dodge,Sprinter Cargo,2500 High Ceiling 118 WB,Van,automatic,wd2yd142635538667,Wisconsin,49.0,237974.0,white,gray,foxx motor sports inc,5300.0,4000.0,Wed Feb 04 2015 04:00:00 GMT-0800 (PST)
2003,nissan,350z,perform,,manual,jn1az34d33t111527,Arizona,2.0,88022.0,red,black,a l financial corporation,7200.0,7000.0,Tue Jan 06 2015 03:00:00 GMT-0800 (PST)
2002,Dodge,Stratus,ES,Sedan,automatic,1b3al56r22n154893,New Jersey,19.0,89256.0,blue,black,autolenders liquidation center,1450.0,400.0,Wed Jan 21 2015 04:00:00 GMT-0800 (PST)
2002,Dodge,caravan,v6 sport,,automatic,2b4gp44r22r529417,Ohio,29.0,142297.0,silver,blue,assets recovered llc,850.0,1500.0,Tue Jan 06 2015 12:00:00 GMT-0800 (PST)
2001,kia,Sephia,LS,Sedan,manual,knafb121915013458,Florida,19.0,100819.0,silver,gray,autonation nissan brandon,850.0,600.0,Tue Jan 06 2015 18:00:00 GMT-0800 (PST)
2000,Dodge,dakota,4x2 qd slt,,other,1b7gl2an2ys607755,Florida,19.0,167458.0,black,black,autonation toyota winter park,2575.0,1800.0,Tue Jan 06 2015 18:00:00 GMT-0800 (PST)
2000,chevrolet,C/K 3500 Series,LS,Crew Cab,automatic,1gchc33j1yf485371,California,26.0,197774.0,white,gray,premium auto wholesale,1375.0,1900.0,Thu Jan 08 2015 12:00:00 GMT-0800 (PST)
2000,isuzu,Rodeo,LSE,SUV,automatic,4s2dm58w1y4356641,Maryland,19.0,120069.0,red,beige,credit acceptance corp/vrs/southfield,1550.0,1200.0,Tue Jan 06 2015 01:30:00 GMT-0800 (PST)
2000,nissan,Frontier,XE Desert Runner,Extended Cab,automatic,1n6ed26t9yc380969,Florida,28.0,146558.0,red,gray,autonation nissan clearwater,2325.0,3100.0,Tue Jan 06 2015 18:00:00 GMT-0800 (PST)
2000,Lincoln,LS,V6,Sedan,automatic,1lnhm86s2yy859789,North Carolina,19.0,162267.0,silver,tan,ace motor acceptance corporation,950.0,400.0,Tue Jan 13 2015 09:15:00 GMT-0800 (PST)
1999,Dodge,caravan,4c base,,automatic,2b4fp25b9xr363731,Florida,19.0,313082.0,red,gray,autonation nissan kendall,175.0,400.0,Tue Jan 06 2015 18:00:00 GMT-0800 (PST)
1998,Dodge,grand,caravan es,,other,1b4gp54l8wb626384,Washington,3.0,227380.0,white,gray,capital auto auction,550.0,400.0,Wed Jan 07 2015 14:00:00 GMT-0800 (PST)
1998,land rover,Range Rover,4.0 SE,SUV,automatic,salpv1249wa392977,Nevada,2.0,1.0,black,â,titlemax/las vegas nv36,1875.0,550.0,Wed Jan 07 2015 16:00:00 GMT-0800 (PST)
1997,Lincoln,Mark VIII,Base,Coupe,automatic,1lnlm91v3vy722907,Florida,19.0,165003.0,beige,beige,autonation chevrolet pembroke pines,425.0,500.0,Tue Jan 06 2015 18:00:00 GMT-0800 (PST)
1997,nissan,Altima,XE (1997.5),Sedan,automatic,1n4bu31d8vc204427,Nevada,2.0,130814.0,white,â,tiger financial management llc,525.0,350.0,Thu Jan 08 2015 11:00:00 GMT-0800 (PST)
1996,buick,century,custom,,automatic,1g4ag55m0t6418970,Florida,2.0,159959.0,blue,blue,autonation ford miami,350.0,400.0,Tue Jan 06 2015 18:00:00 GMT-0800 (PST)
1994,toyota,Pickup,Base,Regular Cab,manual,4tarn81a5rz234864,Florida,1.0,161348.0,black,gray,beaver toyota of st augustine,1750.0,700.0,Tue Jan 06 2015 18:00:00 GMT-0800 (PST)
2014,audi,Q5,TDI Premium Plus quattro,SUV,automatic,wa1cmafp0ea062859,Pennsylvania,48.0,22397.0,white,brown,jakes auto exchange,44700.0,41500.0,Fri Jan 09 2015 09:30:00 GMT-0800 (PST)
2014,cadillac,CTS,Vsport Premium,Sedan,automatic,1g6av5s88e0145058,Florida,43.0,8092.0,gray,black,lauderdale bmw of fort lauderdale,44800.0,44000.0,Fri Jan 09 2015 09:35:00 GMT-0800 (PST)
2013,nissan,NV200,SV,Minivan,automatic,3n6cm0kn6dk691623,Washington,32.0,36745.0,white,gray,enterprise fleet management exchange  inc.,14350.0,15600.0,Wed Jan 07 2015 12:30:00 GMT-0800 (PST)
2009,audi,A4,2.0T Premium Avant quattro,Wagon,automatic,waugf78k79a187155,California,47.0,114848.0,gray,black,high bid trading co inc,8875.0,12750.0,Wed Jan 07 2015 12:15:00 GMT-0800 (PST)
2009,smart,fortwo,BRABUS cabriolet,Convertible,automatic,wmeek31x29k226282,Hawaii,24.0,30727.0,white,gray,cox fleet,4450.0,3400.0,Wed Jan 28 2015 06:30:00 GMT-0800 (PST)
2007,Dodge,charger,4x2 v6,,automatic,2b3la43g17h863245,California,25.0,217378.0,gray,gray,ideal transportation,1525.0,3500.0,Wed Jan 07 2015 12:30:00 GMT-0800 (PST)
2006,mercedes-benz,C-Class,C350 Luxury 4MATIC,Sedan,automatic,wdbrf87h66f775598,Florida,41.0,113167.0,white,beige,dab auto world & leasing,6475.0,6700.0,Tue Jan 06 2015 16:00:00 GMT-0800 (PST)
2003,chrysler,town,& coun fwd,,automatic,2c4gp24323r289449,Massachusetts,19.0,151545.0,blue,gray,clay nissan of newton inc,1300.0,400.0,Tue Jan 06 2015 02:00:00 GMT-0800 (PST)
2002,Dodge,Neon,R/T,Sedan,manual,1b3es76fx2d564434,North Carolina,31.0,158819.0,silver,gray,performance auto center inc,1075.0,2000.0,Mon Jan 05 2015 01:30:00 GMT-0800 (PST)
2013,buick,Encore,Premium,SUV,automatic,kl4cjhsb2db181985,Massachusetts,43.0,26152.0,white,brown,audi cape cod,23000.0,22200.0,Tue Jan 06 2015 01:30:00 GMT-0800 (PST)
2012,acura,TSX Sport Wagon,Base,TSX Sport Wagon,other,jh4cw2h56cc002117,Pennsylvania,37.0,35556.0,black,black,ahfc/honda lease/trust/hvt  inc. eot acuras,18150.0,19000.0,Fri Jan 09 2015 09:00:00 GMT-0800 (PST)
2012,Dodge,journey,fwd v6 sxt,,other,3c4pdccgxct188322,unknown,5.0,34306.0,gray,black,ari,13200.0,10700.0,Tue Jan 06 2015 00:00:00 GMT-0800 (PST)
2012,suzuki,Kizashi,Sport GTS,Sedan,automatic,js2rf9a69c6100523,Pennsylvania,3.0,43704.0,red,black,exceptional motorcars ltd,12100.0,11400.0,Wed Jan 07 2015 09:30:00 GMT-0800 (PST)
2012,Volkswagen,Eos,Executive SULEV,Convertible,automatic,wvwfw7ah7cv003457,Missouri,43.0,43042.0,brown,tan,auto city stl,17500.0,18500.0,Tue Jan 06 2015 11:00:00 GMT-0800 (PST)
2011,Ford,e350,cargo commercial,,automatic,1fdss3el6bda32837,Utah,1.0,67959.0,white,gray,lease plan usa,14550.0,4800.0,Wed Jan 07 2015 12:30:00 GMT-0800 (PST)
2011,Ford,f250,4x4 cr xlt,,automatic,1fd7w2b65bec75973,California,36.0,132805.0,gray,gray,wholesale motor sales inc,16500.0,17600.0,Thu Jan 08 2015 12:00:00 GMT-0800 (PST)
2011,maserati,GranTurismo Convertible,Base,GranTurismo Convertible,automatic,zam45kmaxb0058679,Florida,4.0,14721.0,white,beige,the collection,74000.0,73500.0,Thu Jan 08 2015 09:15:00 GMT-0800 (PST)
2011,mercedes-benz,G-Class,G55 AMG,SUV,automatic,wdcyc7bf5bx192265,Florida,46.0,24293.0,black,black,city style imports inc,83000.0,83000.0,Tue Jan 20 2015 01:30:00 GMT-0800 (PST)
2011,toyota,camry,4c le,,automatic,4t1bf3ek4b4764332,Illinois,27.0,77718.0,blue,beige,td auto finance,9775.0,9500.0,Tue Jan 13 2015 10:00:00 GMT-0800 (PST)
2011,Volkswagen,Touareg,TDI Lux,SUV,automatic,wvgfk9bp3bd004084,California,36.0,90707.0,white,black,scott robinson chrysler jeep dodge ram,25600.0,25750.0,Tue Jan 20 2015 04:30:00 GMT-0800 (PST)
2011,Volkswagen,Jetta SportWagen,SE,Wagon,automatic,3vwpx7aj4bm601466,Arizona,34.0,51953.0,gray,black,right toyota,9350.0,12700.0,Thu Jan 08 2015 11:00:00 GMT-0800 (PST)
2010,chevrolet,malibu,4c lt w/2lt,,automatic,1g1zd5e07af191182,Texas,19.0,118977.0,silver,black,wheels lt,6225.0,6700.0,Thu Jan 08 2015 11:00:00 GMT-0800 (PST)
2010,Dodge,Dakota,BigHorn,Extended Cab,automatic,1d7ce3bk9as151137,Florida,35.0,81311.0,white,gray,santander consumer,10200.0,10400.0,Thu Jan 08 2015 09:30:00 GMT-0800 (PST)
2010,Dodge,Charger,Rallye,Sedan,automatic,2b3ca9cv2ah317055,Florida,32.0,84747.0,black,black,suntrust bank,10700.0,9600.0,Wed Jan 28 2015 01:00:00 GMT-0800 (PST)
2010,gmc,Canyon,SLT,Crew Cab,automatic,1gtjtfde4a8117507,Ohio,42.0,62307.0,gray,black,stratton auto sales inc,17900.0,18000.0,Tue Jan 06 2015 09:30:00 GMT-0800 (PST)
2010,hyundai,Tucson,GLS PZEV,SUV,automatic,km8jt3ac9au079440,New York,48.0,55369.0,silver,gray,j zap llc,9900.0,9200.0,Thu Jan 08 2015 01:45:00 GMT-0800 (PST)
2010,toyota,Prius,V,Hatchback,automatic,jtdkn3du3a0097270,Arizona,38.0,79686.0,red,gray,right toyota,12100.0,13800.0,Thu Jan 08 2015 11:00:00 GMT-0800 (PST)
2009,Dodge,avenger,v6 sxt,,automatic,1b3lc46d49n546923,Minnesota,3.0,84196.0,black,black,fbi,6900.0,6200.0,Thu Jan 08 2015 10:45:00 GMT-0800 (PST)
2009,subaru,Tribeca,Limited 7-Passenger,SUV,automatic,4s4wx98d294400922,Tennessee,35.0,65062.0,blue,gray,t & s motors,14850.0,14700.0,Wed Jan 21 2015 02:30:00 GMT-0800 (PST)
2008,chevrolet,equinox,fwd lt,,automatic,2cndl937486338957,California,35.0,74922.0,gray,gray,reliance motors llc,7600.0,11000.0,Thu Jan 08 2015 04:00:00 GMT-0800 (PST)
2008,Ford,Taurus X,Limited,Wagon,automatic,1fmdk03w28ga43586,Florida,27.0,92399.0,silver,tan,ford motor credit company llc,6150.0,6200.0,Fri Jan 16 2015 01:00:00 GMT-0800 (PST)
2008,gmc,Sierra 2500HD,SLE2,Crew Cab,automatic,1gthk23k08f177923,California,19.0,71142.0,gray,black,merchants automotive group,21300.0,16500.0,Wed Feb 04 2015 04:30:00 GMT-0800 (PST)
2008,gmc,Sierra 1500,SLE2,Extended Cab,automatic,2gtek19j181265396,Michigan,42.0,41994.0,black,black,runde chevrolet inc,18350.0,18200.0,Thu Jan 08 2015 09:30:00 GMT-0800 (PST)
2007,audi,A6,3.2 Avant quattro,Wagon,automatic,waukh94f57n054165,California,27.0,102007.0,gray,gray,desert plaza auto sales inc,10050.0,9900.0,Tue Jan 20 2015 04:30:00 GMT-0800 (PST)
2007,Dodge,charger,4x2,,automatic,2b3la43gx7h867214,Utah,27.0,133084.0,red,black,veros credit,4525.0,5600.0,Wed Jan 07 2015 11:30:00 GMT-0800 (PST)
2007,subaru,Impreza,WRX TR,Sedan,manual,jf1gd75667g501250,Wisconsin,1.0,92782.0,blue,black,par north america,10900.0,9000.0,Wed Jan 21 2015 02:30:00 GMT-0800 (PST)
2007,Volkswagen,New Beetle,Triple White PZEV,Convertible,automatic,3vwfg31y87m410688,California,42.0,45949.0,white,white,aaero sweet company,8275.0,9300.0,Thu Jan 08 2015 11:30:00 GMT-0800 (PST)
2006,buick,allure,cxl,,other,2g4wj582761221503,unknown,2.0,111290.0,silver,beige,leggat chevrolet buick gmc ltd,4875.0,4200.0,Thu Jan 08 2015 18:30:00 GMT-0800 (PST)
2006,Dodge,Magnum,SRT-8,Wagon,automatic,2d8gv77306h191711,California,23.0,125187.0,black,â,consumer portfolio services,9175.0,8200.0,Wed Jan 07 2015 12:30:00 GMT-0800 (PST)
2006,gmc truck,sr,1500 4x2 cr sle,,automatic,2gtec13z361285349,Florida,42.0,188184.0,blue,gray,greenway chrysler jeep dodge inc,6400.0,6400.0,Tue Jan 06 2015 18:00:00 GMT-0800 (PST)
2006,Lincoln,town,car signature,,automatic,1lnhm81v86y615093,Georgia,4.0,52288.0,unknown,tan,kern automotive group inc,6475.0,9200.0,Tue Jan 13 2015 09:30:00 GMT-0800 (PST)
2006,mercedes-benz,CLS-Class,CLS55 AMG,Sedan,automatic,wdddj76x66a052849,Florida,44.0,169037.0,silver,black,palm beach motor cars,12100.0,11200.0,Thu Jan 08 2015 01:15:00 GMT-0800 (PST)
2005,chevrolet,Venture,Plus,Minivan,automatic,1gndv03e75d127670,Illinois,19.0,129578.0,blue,gray,honor finance,1250.0,1100.0,Thu Jan 29 2015 02:00:00 GMT-0800 (PST)
2005,mitsubishi,Lancer Evolution,VIII,Sedan,manual,ja3ah86d05u030197,New Jersey,29.0,115160.0,black,black,kennys auto group inc,11850.0,14300.0,Wed Jan 07 2015 09:30:00 GMT-0800 (PST)
2005,subaru,Baja,Turbo,Crew Cab,automatic,4s4bt63c255104388,California,34.0,89808.0,blue,black,san diego sports cars,9900.0,12250.0,Wed Jan 07 2015 12:15:00 GMT-0800 (PST)
2004,chrysler,Town and Country,Family Value,Minivan,automatic,1c4gp45rx4b577010,Texas,35.0,126934.0,blue,gray,mid atlantic finance /clearwater,1650.0,1800.0,Thu Jan 08 2015 11:00:00 GMT-0800 (PST)
2004,suzuki,Vitara,LX,SUV,other,2s3te62v646101374,Wisconsin,1.0,151818.0,black,gray,axcess financial,1425.0,625.0,Wed Jan 21 2015 02:30:00 GMT-0800 (PST)
2003,chevrolet,1500,sub 4x4 v8,,automatic,3gnfk16t93g240019,California,23.0,163429.0,black,beige,high bid trading co inc,2575.0,3600.0,Wed Jan 07 2015 12:30:00 GMT-0800 (PST)
2003,Dodge,Sprinter Cargo,3500 SH Ceiling 158 WB,Van,automatic,wd2yd542635486139,Texas,36.0,5810.0,white,gray,ge fleet services for itself/servicer,2575.0,12500.0,Thu Jan 08 2015 11:00:00 GMT-0800 (PST)
2003,Ford,Escape,XLS Value,SUV,manual,1fmcu02b33kd98244,New Jersey,24.0,52951.0,black,black,all american ford inc,2950.0,3600.0,Wed Jan 07 2015 09:30:00 GMT-0800 (PST)
2003,Ford,escape,4x4 v6 xlt sport,,automatic,1fmyu93113ka32296,Virginia,1.0,187313.0,silver,gray,select remarketing group llc/anderson financial,1825.0,1000.0,Wed Jan 07 2015 09:05:00 GMT-0800 (PST)
2003,toyota,avalon,xl,,automatic,4t1bf28b03d267995,California,19.0,196101.0,black,beige,california fleet inc,2450.0,1400.0,Thu Jan 08 2015 12:00:00 GMT-0800 (PST)
2002,gmc truck,siera,25 4x4 cr sle,,automatic,1gthk23182f166098,Washington,23.0,186488.0,white,black,milam mazda,7075.0,11600.0,Wed Jan 07 2015 12:30:00 GMT-0800 (PST)
2002,oldsmobile,Intrigue,GLS,Sedan,automatic,1g3wx52hx2f173479,Missouri,19.0,177307.0,black,gray,dt inventory,850.0,525.0,Mon Jan 12 2015 11:00:00 GMT-0800 (PST)
2001,chrysler,Voyager,LX,Minivan,automatic,1c4gj45g71b101406,Massachusetts,19.0,141543.0,green,gray,route 44 hyundai,1025.0,400.0,Tue Mar 03 2015 02:00:00 GMT-0800 (PST)
2000,chevrolet,s10,4x2 reg,,automatic,1gccs1448y8108843,Virginia,28.0,79048.0,gold,brown,safford chrysler jeep dodge of fredericksburg,2425.0,2750.0,Thu Jan 08 2015 09:05:00 GMT-0800 (PST)
2000,infiniti,G20,Touring,Sedan,automatic,jnkcp11a2yt312304,Texas,35.0,163475.0,gold,tan,rii,1275.0,1600.0,Thu Jan 08 2015 11:00:00 GMT-0800 (PST)
1999,chevrolet,1500,4x2 reg silver ls,,automatic,1gcec14t8xe139247,California,19.0,230276.0,red,gray,aaero sweet company,2450.0,1000.0,Wed Jan 07 2015 11:30:00 GMT-0800 (PST)
1999,jeep,gr,cherokee 4x4,,automatic,1j4gw68n4xc699829,Washington,21.0,220809.0,gray,gray,northwest motorsport,1025.0,1250.0,Wed Jan 07 2015 13:30:00 GMT-0800 (PST)
1999,gmc,1500,sierra 4x2 sl,,automatic,1gtec14v8xe534207,California,19.0,70491.0,white,gray,burns & mcdonnell fleet,5250.0,3000.0,Wed Jan 14 2015 04:30:00 GMT-0800 (PST)
1999,nissan,pathfind,4x4 le,,other,jn8ar07y3xw354466,California,34.0,204075.0,blue,gray,surf city nissan,1375.0,1500.0,Wed Jan 07 2015 12:30:00 GMT-0800 (PST)
1999,nissan,quest,gle,,other,4n2xn11t4xd832195,North Carolina,19.0,216507.0,silver,gray,hendrickcars.com hickory,625.0,300.0,Wed Jan 14 2015 06:30:00 GMT-0800 (PST)
1998,chevrolet,Monte Carlo,Z34,Coupe,automatic,2g1wx12k9w9217290,Virginia,19.0,146840.0,red,black,toyota of waldorf,750.0,400.0,Thu Jan 15 2015 01:35:00 GMT-0800 (PST)
1998,oldsmobile,Cutlass,GL,Sedan,automatic,1g3nb52mxw6341831,New Jersey,29.0,85118.0,green,beige,princeton chevrolet inc,725.0,1000.0,Wed Jan 14 2015 01:30:00 GMT-0800 (PST)
1998,plymouth,Neon,Expresso,Sedan,automatic,1p3es47y3wd542939,North Carolina,19.0,137243.0,red,brown,hendrick fiat of concord,475.0,350.0,Wed Jan 07 2015 14:30:00 GMT-0800 (PST)
1997,Ford,f350,4x2 crew xlt,,automatic,1ftjw35f5vec40012,Florida,19.0,299400.0,silver,gray,bartow ford co,2250.0,5700.0,Tue Jan 06 2015 18:00:00 GMT-0800 (PST)
1995,oldsmobile,Eighty-Eight Royale,Base,Sedan,automatic,1g3hn52k6s4809255,Florida,2.0,162698.0,gold,beige,coggin deland ford,500.0,800.0,Tue Jan 06 2015 18:00:00 GMT-0800 (PST)
1994,jeep,cherokee,4x4 6c se,,automatic,1j4fj28s4rl151079,California,1.0,242182.0,red,gray,onemain rem/alliance motor cars,550.0,700.0,Wed Jan 07 2015 12:05:00 GMT-0800 (PST)
1994,mazda,B-Series Pickup,B4000 SE,Extended Cab,automatic,4f4dr17xxrtm72368,Texas,2.0,130708.0,black,gray,charitable adult rides services/car donating is,1500.0,800.0,Tue Jan 06 2015 11:00:00 GMT-0800 (PST)
2014,honda,Odyssey,EX-L w/Rear Entertainment,Minivan,automatic,5fnrl5h65eb045898,California,38.0,17796.0,gray,gray,high bid trading co inc,28500.0,27500.0,Wed Jan 07 2015 12:15:00 GMT-0800 (PST)
2014,kia,Optima,SXL,Sedan,automatic,5xxgr4a66eg284271,Ohio,42.0,5800.0,black,black,hyundai motor finance,24600.0,24900.0,Tue Jan 27 2015 01:30:00 GMT-0800 (PST)
2014,mercedes-benz,E-Class,E250 Luxury BlueTEC 4MATIC,Sedan,other,wddhf9hb2ea906072,Pennsylvania,36.0,3977.0,silver,black,mercedes-benz usa,45600.0,43400.0,Fri Jan 09 2015 08:29:00 GMT-0800 (PST)
2014,nissan,NV Cargo,1500 S,Van,automatic,1n6bf0kyxen100463,Tennessee,36.0,13274.0,unknown,gray,enterprise veh exchange/rental,21800.0,20200.0,Wed Jan 21 2015 02:30:00 GMT-0800 (PST)
2014,Volkswagen,beetle,4c 1.8t,,automatic,3vwf17atxem658290,Florida,47.0,6357.0,gray,gray,florida auto financial group,12700.0,11800.0,Tue Jan 06 2015 09:30:00 GMT-0800 (PST)
2013,audi,S4,Prestige quattro,Sedan,automatic,waukgafl3da059746,Illinois,42.0,44160.0,black,black,mercedes benz of chicago,36900.0,35600.0,Thu Jan 22 2015 02:00:00 GMT-0800 (PST)
2013,buick,Regal,Premium 2 Turbo,Sedan,automatic,2g4gt5gvxd9193480,Georgia,45.0,12092.0,black,tan,carworks inc,18550.0,18000.0,Thu Jan 08 2015 02:00:00 GMT-0800 (PST)
2013,cadillac,XTS,Platinum,Sedan,automatic,2g61v5s30d9123936,Texas,35.0,28053.0,red,gray,music city autoplex llc,31600.0,33250.0,Wed Jan 14 2015 02:20:00 GMT-0800 (PST)
2014,audi,A8,L TDI quattro,Sedan,other,waurmafdxen000588,Pennsylvania,34.0,29609.0,gray,black,vw credit  inc/pilot,58000.0,60200.0,Thu Jan 08 2015 09:30:00 GMT-0800 (PST)
2014,bmw,3 Series Gran Turismo,335i xDrive,Hatchback,automatic,wba3x9c52ed152900,Florida,43.0,9710.0,white,brown,kevin whitaker chevrolet cadillac,38600.0,39600.0,Tue Jun 02 2015 02:15:00 GMT-0700 (PDT)
2013,Volkswagen,Beetle,R-Line PZEV,Hatchback,automatic,3vwvt7at3dm686551,Virginia,5.0,8500.0,black,black,don beyer volvo winchester,15700.0,15900.0,Thu Jan 22 2015 01:35:00 GMT-0800 (PST)
2013,Volkswagen,Eos,Sport SULEV,Convertible,automatic,wvwbw8ah1dv001922,Texas,37.0,12633.0,red,black,hopper motorplex inc,22300.0,23100.0,Wed Jan 14 2015 02:15:00 GMT-0800 (PST)
2012,bmw,alp,b7 lwb,,automatic,wbakb8c57cc964510,Florida,38.0,50960.0,white,beige,coggin bmw treasure coast,41100.0,39100.0,Thu Jan 08 2015 09:45:00 GMT-0800 (PST)
2012,Volkswagen,Beetle,2.0T White Turbo Launch Edition,Hatchback,automatic,3vwv87at8cm625907,North Carolina,47.0,24372.0,silver,black,bb&t,13600.0,15700.0,Mon Jan 12 2015 09:30:00 GMT-0800 (PST)
2012,Volkswagen,Tiguan,LE,SUV,automatic,wvgav7ax3cw540434,California,36.0,21570.0,gray,black,volkswagen credit inc/sc,14800.0,17000.0,Thu Jan 15 2015 04:30:00 GMT-0800 (PST)
2012,Volkswagen,Touareg,VR6 Lux,SUV,automatic,wvgff9bp6cd003582,California,31.0,33551.0,unknown,beige,vw credit,25600.0,28000.0,Thu Jan 15 2015 04:30:00 GMT-0800 (PST)
2011,bmw,ActiveHybrid 7,750Li,Sedan,automatic,wbakx8c50bc198345,California,41.0,48954.0,black,black,financial services remarketing (lease),30400.0,31250.0,Thu Jan 15 2015 04:30:00 GMT-0800 (PST)
2011,chevrolet,aveo,lt w/2lt,,other,3g1tc6dg2bl148177,unknown,42.0,33236.0,black,black,financialinx,6250.0,5000.0,Tue Jan 13 2015 10:00:00 GMT-0800 (PST)
2011,suzuki,SX4,Sport S,Sedan,manual,js2yc5a49b6300022,Florida,41.0,29701.0,white,black,bright star credit union,7750.0,7500.0,Fri Jan 16 2015 02:20:00 GMT-0800 (PST)
2011,Volkswagen,CC,Lux,Sedan,automatic,wvwhp7an6be719289,California,19.0,47968.0,black,black,vw credit,13850.0,13000.0,Thu Jan 15 2015 04:30:00 GMT-0800 (PST)
2009,maserati,Quattroporte,S,Sedan,other,zamjk39ax90046651,Pennsylvania,29.0,24271.0,silver,brown,ferrari of ft lauderdale,40900.0,39500.0,Fri Jan 09 2015 09:15:00 GMT-0800 (PST)
2008,lexus,GS 460,Base,Sedan,automatic,jthbl96s085000557,Arizona,35.0,116013.0,black,black,earnhardt,15350.0,14400.0,Thu Jan 08 2015 03:00:00 GMT-0800 (PST)
2008,mazda,Tribute Hybrid,Touring,SUV,automatic,4f2cz49h48km28236,Texas,4.0,70689.0,silver,gray,rlb investments,9350.0,10000.0,Wed Jan 07 2015 10:20:00 GMT-0800 (PST)
2008,saturn,Aura Hybrid,Green Line,Sedan,automatic,1g8zr57588f153482,Nebraska,41.0,71414.0,black,gray,willis cadillac inc,6600.0,5500.0,Thu Jan 08 2015 11:00:00 GMT-0800 (PST)
2008,subaru,Legacy,2.5 I,Sedan,automatic,4s3bl616587223336,Nevada,3.0,89238.0,blue,beige,fairway chevrolet,6200.0,8300.0,Thu Jan 08 2015 11:45:00 GMT-0800 (PST)
2008,volvo,V70,3.2,Wagon,automatic,yv1bw982881049240,Georgia,23.0,59486.0,white,beige,germain bmw of naples,12050.0,7800.0,Thu Jan 15 2015 02:00:00 GMT-0800 (PST)
2007,chevrolet,tahoe,4x2 v8 lt,,automatic,3gnda33p47s610437,Texas,19.0,128270.0,silver,gray,master pro motors,3500.0,13500.0,Wed Jan 07 2015 10:30:00 GMT-0800 (PST)
2007,mercury,Montego,Base,Sedan,automatic,1mefm40147g602608,Georgia,21.0,106852.0,silver,gray,santander consumer,4675.0,3900.0,Tue Jan 13 2015 09:30:00 GMT-0800 (PST)
2006,isuzu,Ascender,S 5 Passenger,SUV,automatic,4nuds13sx62703203,North Carolina,19.0,152193.0,burgundy,tan,ams financial group/auto king inc/sensible car r,3850.0,2000.0,Tue Jan 20 2015 01:30:00 GMT-0800 (PST)
2005,chrysler,300,4x2 v8 300c srt8,,other,2c3aa73w75h675782,Pennsylvania,38.0,81029.0,silver,black,jack pfister autos,8225.0,10300.0,Fri Jan 09 2015 09:30:00 GMT-0800 (PST)
2005,landrover,lr3,v8,,automatic,salaa25485a000623,California,38.0,79069.0,black,beige,mercedes benz of foothill ranch,8225.0,9800.0,Wed Jan 07 2015 12:30:00 GMT-0800 (PST)
2004,Volkswagen,Jetta,GL TDI,Wagon,automatic,wvwrr61j64w113199,Texas,28.0,181635.0,silver,gray,remarketing by ge/midsouth capital lp,1200.0,3200.0,Thu Jan 08 2015 11:00:00 GMT-0800 (PST)
2003,Volkswagen,eurovan,gls,,automatic,wv2kb47063h002228,Washington,19.0,86653.0,red,beige,northwest motorsport,5725.0,10200.0,Wed Jan 07 2015 00:00:00 GMT-0800 (PST)
2000,chevrolet,g2500,cargo,,automatic,1gcgg25r4y1111461,Florida,19.0,205281.0,gray,gray,onemain rem/elite team auto brokers llc,1150.0,1900.0,Tue Jan 13 2015 09:15:00 GMT-0800 (PST)
2000,gmc truck,safari,ext sle,,automatic,1gkdm19w5yb536076,Washington,35.0,169690.0,white,beige,northwest motorsport,800.0,2000.0,Wed Jan 07 2015 13:30:00 GMT-0800 (PST)
1998,honda,Passport,LX,SUV,automatic,4s6cm58w5w4417318,California,27.0,184943.0,silver,gray,aaero sweet company,925.0,850.0,Wed Jan 07 2015 11:30:00 GMT-0800 (PST)
1997,nissan,Sentra,Base,Sedan,automatic,1n4ab41d1vc737730,Nevada,19.0,99727.0,silver,gray,autofinders inc,625.0,1450.0,Thu Jan 08 2015 12:00:00 GMT-0800 (PST)
1996,buick,Regal,Olympic Gold,Sedan,automatic,2g4wb52k0t1427800,California,2.0,168257.0,red,beige,gosch ford,725.0,300.0,Thu Jan 08 2015 12:00:00 GMT-0800 (PST)
1995,Ford,e350,base,,other,1fbjs31h8shc19530,Illinois,1.0,291305.0,black,beige,westlake financial services,450.0,500.0,Tue Jan 13 2015 10:00:00 GMT-0800 (PST)
1993,chevrolet,s10,4x2 reg base,,manual,1gccs14r7p8113509,North Carolina,1.0,122303.0,blue,â,crossroads ford inc,1000.0,1400.0,Mon Jan 12 2015 09:00:00 GMT-0800 (PST)
1990,nissan,300ZX,2+2,Hatchback,other,jn1rz26a8lx010976,Nevada,2.0,152736.0,red,â,centennial hyundai,1550.0,1500.0,Thu Jan 15 2015 03:45:00 GMT-0800 (PST)
2014,jeep,compass,4x4 4c sport,,other,1c4njdab2ed794915,unknown,48.0,16059.0,red,beige,chrysler canada inc,18450.0,12500.0,Tue Jan 13 2015 10:00:00 GMT-0800 (PST)
2014,jeep,compass,sport,,other,1c4njcaa1ed805517,unknown,38.0,10072.0,white,gray,chrysler canada inc,11950.0,12500.0,Tue Jan 13 2015 12:00:00 GMT-0800 (PST)
2014,jeep,patriot,north,,other,1c4njpaa5ed626811,unknown,44.0,21651.0,white,black,chrysler canada inc,12850.0,13500.0,Tue Jan 13 2015 12:00:00 GMT-0800 (PST)
2014,jeep,patriot,4x4 4c north,,other,1c4njrab9ed773234,unknown,46.0,9548.0,black,black,chrysler canada inc,19500.0,17200.0,Tue Jan 13 2015 10:00:00 GMT-0800 (PST)
2015,Volkswagen,Golf GTI,S,Hatchback,manual,3vw5t7au5fm003874,Nevada,49.0,8414.0,blue,gray,audi henderson,21100.0,21700.0,Fri Jan 09 2015 11:45:00 GMT-0800 (PST)
2014,ram,2500,Longhorn,Crew Cab,automatic,3c6ur5gl0eg183205,Minnesota,41.0,23926.0,gray,black,chrysler capital,45900.0,45700.0,Thu Jan 08 2015 10:45:00 GMT-0800 (PST)
2014,Volkswagen,Touareg,V6 R-Line,SUV,automatic,wvgdf9bp7ed010258,California,42.0,15867.0,black,black,vw credit prequalified,28600.0,39500.0,Thu Jan 15 2015 12:30:00 GMT-0800 (PST)
2015,bmw,Z4,sDrive35is,Convertible,automatic,wbalm1c52fe634496,New Jersey,45.0,5034.0,black,black,bmw na manheim new jersey,51400.0,56000.0,Tue Jan 13 2015 14:00:00 GMT-0800 (PST)
2013,toyota,Sequoia,SR5 FFV,SUV,automatic,5tdbw5g16ds076795,Arizona,33.0,37593.0,purple,beige,earnhardt,32300.0,30750.0,Thu Jan 08 2015 11:00:00 GMT-0800 (PST)
2013,Volkswagen,routan,se w/rse,,automatic,2c4rvabg8dr725723,Illinois,46.0,18407.0,unknown,gray,vw credit prequalified,20200.0,21000.0,Tue Jan 13 2015 10:00:00 GMT-0800 (PST)
2013,Volkswagen,routan,se w/nav,,automatic,2c4rvabg5dr724755,Illinois,5.0,10313.0,unknown,black,vw credit,20800.0,20600.0,Tue Jan 13 2015 10:00:00 GMT-0800 (PST)
2010,chrysler,300,Touring Plus,Sedan,automatic,2c3ca1cv5ah266378,Virginia,37.0,27306.0,red,tan,fiserv/citizens auto finance,11450.0,12400.0,Wed Jan 14 2015 01:30:00 GMT-0800 (PST)
2009,saturn,Aura Hybrid,Base,Sedan,automatic,1g8zr57529f215363,California,26.0,177376.0,silver,gray,lobel financial corp,3400.0,2200.0,Wed Jan 28 2015 04:30:00 GMT-0800 (PST)
2008,chevrolet,impala,detective,,automatic,2g1ws583981320765,New Jersey,23.0,91364.0,blue,black,automotive remarketing inc,3475.0,3100.0,Wed Jan 14 2015 01:30:00 GMT-0800 (PST)
2007,gmc,Canyon,SL,Regular Cab,manual,1gtcs149378120702,New Jersey,42.0,94865.0,red,gray,westlake financial services,5150.0,4600.0,Wed Jan 14 2015 01:30:00 GMT-0800 (PST)
2007,isuzu,i-Series,i-290 LS,Extended Cab,automatic,1ggcs199x78701234,North Carolina,19.0,105753.0,blue,gray,automotive services finance inc,4325.0,3700.0,Mon Jan 12 2015 09:30:00 GMT-0800 (PST)
2007,Volkswagen,golf,city 2,,other,9bwel61j274010691,unknown,19.0,154005.0,red,black,car west leasing & fleet,2775.0,3800.0,Thu Jan 08 2015 11:30:00 GMT-0800 (PST)
2006,honda,ridgelin,4x4 cr rts,,automatic,2hjyk16496h540430,Nebraska,26.0,98999.0,green,tan,performance toyota-scion of lavista,8725.0,10400.0,Thu Jan 08 2015 11:00:00 GMT-0800 (PST)
2005,subaru,Outback,2.5 XT,Wagon,automatic,4s4bp68c854343799,North Carolina,36.0,100525.0,green,black,neuwirth motors inc,6075.0,5600.0,Fri Jan 09 2015 09:30:00 GMT-0800 (PST)
2003,gmc,Sierra 1500HD,SLE,Crew Cab,automatic,1gtgk13u33f146729,Oregon,29.0,132427.0,gray,gray,weston buick gmc inc,10150.0,12000.0,Tue Jan 13 2015 12:30:00 GMT-0800 (PST)
2002,audi,A4,3.0 Avant quattro,Wagon,automatic,wauvt68e02a228820,Massachusetts,24.0,116741.0,blue,tan,flood ford of east greenwich,3250.0,2000.0,Tue Jan 27 2015 02:00:00 GMT-0800 (PST)
2001,Volkswagen,New Beetle,GLS TDI,Hatchback,automatic,3vwcp21c51m478973,Texas,19.0,141054.0,blue,tan,nextgear capital,1950.0,1750.0,Tue Jan 20 2015 02:30:00 GMT-0800 (PST)
2000,Ford,explorer,4x2 v8 ed bauer,,other,1fmdu64pxyza30433,Florida,19.0,241142.0,gray,tan,ed morse cadillac,250.0,500.0,Thu Jan 08 2015 15:30:00 GMT-0800 (PST)
2000,gmc,yukon,4x4 v8 sle,,automatic,1gkek13t1yj110674,Texas,19.0,295033.0,gray,beige,automotive remarketing inc,1025.0,1400.0,Tue Jan 13 2015 10:30:00 GMT-0800 (PST)
1999,mercury,mountaineer,4x2,,automatic,4m2zu52p6xuj39615,Texas,19.0,135822.0,blue,gray,vandivort motor cars,675.0,350.0,Tue Jan 13 2015 03:00:00 GMT-0800 (PST)
1998,ford truck,explorer,xlt,,other,1fmzu35p4wua77518,Virginia,1.0,235685.0,green,gray,automotive remarketing inc,350.0,400.0,Wed Jan 14 2015 01:05:00 GMT-0800 (PST)
1998,toyota,Tacoma,SR5,Extended Cab,manual,4tawm72n2wz004633,North Carolina,21.0,231989.0,red,beige,fleet lease remarketing,3775.0,4000.0,Mon Jan 12 2015 09:30:00 GMT-0800 (PST)
1997,chevrolet,g2500,chevy van base,,automatic,1gcgg25r0v1010963,Florida,1.0,215423.0,white,blue,charitable adult rides services/car donating is,1225.0,550.0,Tue Jan 13 2015 09:15:00 GMT-0800 (PST)
2014,honda,Accord,Touring V-6,Sedan,automatic,1hgcr3f92ea007576,California,34.0,13700.0,white,beige,american honda motor company,25500.0,26000.0,Thu Jan 15 2015 04:00:00 GMT-0800 (PST)
2014,acura,MDX,SH-AWD w/Advance and Entertainment Packages,SUV,automatic,5fryd4h89eb006802,California,46.0,31697.0,silver,black,american honda motor company,41800.0,43250.0,Thu Feb 26 2015 04:00:00 GMT-0800 (PST)
2014,acura,RLX,Advance Package,Sedan,automatic,jh4kc1f98ec001526,California,28.0,9211.0,black,black,ahfc/honda lease trust/hvt  inc.,34800.0,32000.0,Thu Jan 15 2015 04:00:00 GMT-0800 (PST)
2014,Volkswagen,routan,s,,automatic,2c4rvaagxer144680,Illinois,5.0,14998.0,white,gray,vw credit prequalified,17750.0,17600.0,Tue Jan 13 2015 10:00:00 GMT-0800 (PST)
2014,Volkswagen,routan,3.6l se se,,automatic,2c4rvabg5er135206,New Jersey,43.0,12824.0,unknown,gray,volkswagen of america,21200.0,21800.0,Wed Jan 14 2015 01:30:00 GMT-0800 (PST)
2013,mazda,6,i Touring Plus,Sedan,automatic,1yvhz8eh2d5m08329,Wisconsin,19.0,20459.0,gray,gray,jpmorgan chase bank n.a.,13800.0,10400.0,Wed Jan 14 2015 02:00:00 GMT-0800 (PST)
2011,Lincoln,MKZ Hybrid,Base,Sedan,automatic,3lndl2l35br773006,California,32.0,68699.0,blue,black,ford motor credit company llc pd,9425.0,11600.0,Thu Jan 15 2015 04:00:00 GMT-0800 (PST)
2011,Volkswagen,Touareg,VR6 Sport,SUV,automatic,wvgff9bp9bd005065,Florida,44.0,47021.0,gray,black,doral buick gmc,22400.0,21500.0,Tue Jan 13 2015 09:15:00 GMT-0800 (PST)
2010,gmc,Yukon Hybrid,Denali,SUV,other,1gkukgej3ar244006,New Jersey,29.0,98079.0,gray,black,lester glenn buick,22300.0,22900.0,Wed Jan 21 2015 01:30:00 GMT-0800 (PST)
2010,Volkswagen,New Beetle,2.5L Final Edition PZEV,Convertible,automatic,3vwrg3alxam003867,California,35.0,73147.0,blue,beige,jessup cad buick pont gmc saab/hummer chev,9350.0,10000.0,Thu Jan 08 2015 12:00:00 GMT-0800 (PST)
2009,Volkswagen,New Beetle,2.5L Blush Edition PZEV,Convertible,other,3vwsg31y19m410047,Pennsylvania,35.0,23825.0,silver,red,manheim imports,12150.0,13100.0,Fri Jan 09 2015 09:00:00 GMT-0800 (PST)
2014,chrysler,Town and Country,S,Minivan,automatic,2c4rc1hg7er307233,Tennessee,5.0,26860.0,unknown,black,budget rent a car/atlanta,22700.0,21600.0,Wed Jan 14 2015 00:00:00 GMT-0800 (PST)
2004,Ford,f150,xlt 4x4 xlt sc,,automatic,1ftrx14w04fa33395,Ohio,28.0,124835.0,white,gray,halleen kia,6775.0,6100.0,Tue Jan 13 2015 09:30:00 GMT-0800 (PST)
2002,mercedes-benz,C-Class,C32 AMG,Sedan,automatic,wdbrf65j62f240114,Maryland,19.0,133640.0,silver,â,lexus of silver spring,4950.0,2400.0,Tue Feb 10 2015 01:30:00 GMT-0800 (PST)
2015,porsche,Macan,S,SUV,automatic,wp1ab2a55flb50597,Pennsylvania,47.0,13334.0,black,black,porsche of the main line,61000.0,55000.0,Thu Jan 08 2015 09:30:00 GMT-0800 (PST)
2014,land rover,Range Rover,Autobiography,SUV,automatic,salgv2efxea127308,California,5.0,10040.0,silver,gray,land rover north america llc,121000.0,127000.0,Thu Jan 15 2015 04:30:00 GMT-0800 (PST)
2014,land rover,Range Rover,Supercharged LWB,SUV,automatic,salgs3tf5ea155907,California,5.0,6814.0,white,tan,land rover north america llc,106000.0,115000.0,Thu Jan 15 2015 04:30:00 GMT-0800 (PST)
2014,ram,Promaster Cargo Van,2500 High Roof,Promaster Cargo Van,automatic,3c6trvdg6ee108801,Tennessee,45.0,18660.0,white,black,budget rent a car/atlanta,22700.0,23000.0,Wed Jan 21 2015 02:00:00 GMT-0800 (PST)
2014,toyota,Highlander,XLE,SUV,other,5tdjkrfh2es011764,Pennsylvania,44.0,8490.0,white,beige,royal coast auto inc,35100.0,38250.0,Fri Jan 09 2015 09:00:00 GMT-0800 (PST)
2014,Volkswagen,Beetle Convertible,R-Line PZEV,Beetle Convertible,automatic,3vw7t7at4em806089,California,44.0,8335.0,unknown,black,volkswagen credit inc/sc,21100.0,20000.0,Thu Jan 15 2015 04:30:00 GMT-0800 (PST)
2013,buick,Verano,Premium Group,Sedan,automatic,1g4pt5sv7d4179689,Michigan,5.0,23761.0,gray,black,tdaf remarketing/miloschs palace chrysler jeep,12100.0,16000.0,Thu Jan 15 2015 01:30:00 GMT-0800 (PST)
2012,mitsubishi,Eclipse Spyder,GS-Sport,Convertible,automatic,4a37l2ef3ce002490,Missouri,35.0,42717.0,gray,black,regional acceptance corporation / winterville,9600.0,12100.0,Wed Jan 14 2015 02:30:00 GMT-0800 (PST)
2012,suzuki,SX4,SportBack,Hatchback,automatic,js2ya5a51c6300841,Missouri,35.0,33841.0,red,black,regional acceptance corporation / winterville,8125.0,8000.0,Wed Jan 14 2015 02:30:00 GMT-0800 (PST)
2011,cadillac,STS,V6 Luxury,Sedan,automatic,1g6dw6edxb0150797,Tennessee,41.0,43296.0,black,gray,primeritus remarketing/capital bank,16500.0,17500.0,Wed Jan 14 2015 02:30:00 GMT-0800 (PST)
2011,nissan,Pathfinder,LE V8,SUV,automatic,5n1br1nb5bc629653,Missouri,36.0,58934.0,black,gray,nissan-infiniti lt,21000.0,23600.0,Wed Jan 21 2015 02:30:00 GMT-0800 (PST)
2010,chevrolet,Cobalt,XFE,Coupe,manual,1g1ah1f57a7144930,Missouri,45.0,46711.0,white,gray,santander consumer,4150.0,5700.0,Wed Jan 14 2015 02:30:00 GMT-0800 (PST)
2010,infiniti,FX50,Base,SUV,automatic,jn8bs1mw7am830562,Tennessee,46.0,49583.0,black,black,nissan dealer blend/infiniti of cool springs,27900.0,28800.0,Wed Jan 14 2015 02:30:00 GMT-0800 (PST)
2009,Volkswagen,New Beetle,2.5L PZEV,Hatchback,manual,3vwpg31c89m502881,Utah,35.0,44762.0,red,black,capital one auto finance,8400.0,7500.0,Wed Jan 14 2015 03:30:00 GMT-0800 (PST)
2008,chevrolet,Impala,50th Anniversary,Sedan,automatic,2g1wv58k881342772,Illinois,2.0,129236.0,black,gray,friendly finance corp,5500.0,3700.0,Thu Jan 15 2015 02:00:00 GMT-0800 (PST)
2008,chevrolet,comm,cutaway,,automatic,1gbhg39c181223218,Washington,34.0,119366.0,white,gray,lease plan usa,7875.0,9600.0,Wed Jan 14 2015 05:30:00 GMT-0800 (PST)
2008,Dodge,Sprinter Cargo,2500 170 WB,Van,automatic,wd0pe845285266968,Georgia,39.0,180420.0,white,black,merchants automotive group,12800.0,14900.0,Tue Jan 13 2015 09:30:00 GMT-0800 (PST)
2007,pontiac,g5,se,,other,1g2al55f977128166,unknown,41.0,75525.0,red,gray,robinson buick gmc ltd,2875.0,4500.0,Tue Jan 13 2015 10:00:00 GMT-0800 (PST)
2006,cadillac,STS-V,Base,Sedan,automatic,1g6dx67d560215801,Florida,26.0,112109.0,black,black,fields cadillac jacksonville,10900.0,11000.0,Tue Jan 20 2015 01:00:00 GMT-0800 (PST)
2006,subaru,forester,awd xs ll bean,,automatic,jf1sg67666h759057,Maryland,19.0,119980.0,green,tan,wells fargo dealer services,5525.0,5300.0,Tue Jan 13 2015 09:30:00 GMT-0800 (PST)
2005,chrysler,Sebring,TSi,Sedan,automatic,1c3el36r25n627463,North Carolina,19.0,174872.0,black,gray,dt inventory,175.0,500.0,Tue Jan 20 2015 01:30:00 GMT-0800 (PST)
2005,honda,Accord,LX Special Edition V-6,Coupe,automatic,1hgcm82415a018199,Texas,19.0,117255.0,black,black,dt credit corporation,4650.0,4200.0,Wed Jan 14 2015 02:00:00 GMT-0800 (PST)
2004,cadillac,srx,sport,,automatic,1gyde63a540115400,Georgia,36.0,96289.0,gray,tan,remarketing by ge/nextgear capital,3800.0,3800.0,Tue Jan 13 2015 13:10:00 GMT-0800 (PST)
2004,Ford,Ranger,XLT Value,SuperCab,automatic,1ftzr15e14ta18115,Massachusetts,26.0,129959.0,white,black,boch new to you superstore,5400.0,4900.0,Tue Jan 20 2015 02:00:00 GMT-0800 (PST)
2003,Dodge,b1500,ram,,other,2d6wb11y73k519641,Florida,21.0,132970.0,white,beige,autonation chevrolet greenacres,1875.0,2500.0,Tue Jan 13 2015 10:00:00 GMT-0800 (PST)
2003,suzuki,XL-7,Touring,SUV,automatic,js3tx92v134100581,Florida,19.0,151829.0,blue,gray,credit acceptance corp/vrs/southfield,1825.0,1500.0,Thu Feb 05 2015 09:00:00 GMT-0800 (PST)
2002,chevrolet,Astro,LS,Minivan,automatic,1gndm19x42b103559,Maryland,19.0,88360.0,white,tan,wells fargo dealer services,2175.0,2000.0,Tue Jan 27 2015 01:30:00 GMT-0800 (PST)
2002,Ford,Escape,XLS Sport,SUV,other,1fmyu01b92kb98328,Tennessee,2.0,250617.0,unknown,,titlemax of lebanon,950.0,650.0,Tue Jan 13 2015 10:00:00 GMT-0800 (PST)
2002,Volkswagen,New Beetle,Sport,Hatchback,manual,3vwed21c72m446416,Missouri,1.0,116374.0,silver,black,santander consumer,1925.0,600.0,Mon Jan 12 2015 11:00:00 GMT-0800 (PST)
2001,Ford,Windstar Cargo,Base,Minivan,other,2ftza54481bb68886,Florida,2.0,229538.0,white,gray,coggin deland ford,450.0,350.0,Tue Jan 27 2015 10:00:00 GMT-0800 (PST)
2001,mazda,Tribute,DX-V6,SUV,automatic,4f2yu07141km45613,Florida,21.0,219785.0,silver,gray,autonation nissan kendall,1150.0,1100.0,Tue Jan 13 2015 10:00:00 GMT-0800 (PST)
2000,Ford,e150,cargo v6 recreation,,automatic,1fdre1428yha56450,Florida,19.0,294167.0,white,gray,autonation ford miami,800.0,900.0,Tue Jan 13 2015 10:00:00 GMT-0800 (PST)
2000,Ford,ranger,4x2 reg,,manual,1ftyr10vxypb93707,Utah,19.0,164152.0,red,gray,american united family credit union,1775.0,1200.0,Wed Jan 14 2015 03:30:00 GMT-0800 (PST)
2000,jeep,wrangler,4x4 4c,,other,1j4fa29p6yp738935,Ohio,1.0,83672.0,white,tan,select remarketing group llc/loan max title,5975.0,2800.0,Tue Jan 13 2015 13:00:00 GMT-0800 (PST)
2000,mitsubishi,Montero Sport,Limited,SUV,automatic,ja4mt41r0yp043246,Wisconsin,1.0,159253.0,white,tan,credit acceptance corp/vrs/southfield,1250.0,475.0,Wed Jan 14 2015 02:30:00 GMT-0800 (PST)
2000,Volkswagen,jetta,gls tdi,,manual,3vwsf29m9ym121947,Washington,2.0,156603.0,blue,beige,wells fargo dealer services,2825.0,2500.0,Wed Jan 14 2015 05:30:00 GMT-0800 (PST)
1999,chevrolet,Lumina,LS,Sedan,automatic,2g1wl52m7x9264422,Pennsylvania,19.0,77274.0,white,gray,hertz remarketing,1025.0,600.0,Wed Jan 28 2015 01:30:00 GMT-0800 (PST)
1999,toyota,4Runner,Base,SUV,other,jt3gm84r9x0047097,Florida,19.0,184593.0,silver,gray,autonation toyota scion weston,2500.0,1900.0,Tue Jan 13 2015 10:00:00 GMT-0800 (PST)
1999,saab,9-3,SE HO,Convertible,manual,ys3df75p4x7058105,Maryland,2.0,282178.0,blue,black,purple heart services inc,375.0,350.0,Tue Jan 13 2015 12:00:00 GMT-0800 (PST)
1999,nissan,pathfind,4x4 se,,automatic,jn8ar07y1xw375638,New Jersey,19.0,203159.0,gold,tan,l k auto sales inc,750.0,950.0,Wed Jan 14 2015 01:30:00 GMT-0800 (PST)
1998,pontiac,grand,am se,,automatic,1g2ne52m0wc747873,Washington,29.0,88219.0,green,beige,remarketing by ge/archibalds inc,900.0,1700.0,Wed Jan 14 2015 04:00:00 GMT-0800 (PST)
2014,audi,A6,TDI Prestige quattro,Sedan,other,wauhmafc4en092543,New Jersey,44.0,19880.0,unknown,beige,wheels exchange llc,44200.0,44000.0,Wed Jan 14 2015 01:30:00 GMT-0800 (PST)
2014,audi,S7,quattro,Sedan,automatic,wauw2afc2en055746,Texas,48.0,13844.0,unknown,black,vw credit xu ready,68000.0,75400.0,Thu Jan 15 2015 03:00:00 GMT-0800 (PST)
2014,acura,TL,Special Edition,Sedan,automatic,19uua8f32ea002219,Georgia,43.0,15303.0,unknown,black,ahfc/honda lease/trust/hvt  inc. eot acuras,25600.0,26100.0,Thu Jan 15 2015 02:00:00 GMT-0800 (PST)
2013,bmw,1 Series,135is,Coupe,automatic,wbauc9c53dvm13685,California,41.0,11907.0,white,red,east bay bmw,36100.0,31250.0,Wed Jan 14 2015 04:30:00 GMT-0800 (PST)
2013,cadillac,XTS,Base,Sedan,automatic,2g61n5s37d9117938,Illinois,3.0,22357.0,black,black,ally,24100.0,25250.0,Thu Feb 12 2015 02:00:00 GMT-0800 (PST)
2013,Ford,Mustang,Boss 302,Coupe,manual,1zvbp8cu7d5251296,Texas,35.0,23308.0,unknown,black,ford-lincoln dealer program,34300.0,33000.0,Thu Jan 15 2015 02:30:00 GMT-0800 (PST)
2013,mercedes-benz,GL-Class,GL350 BlueTEC 4MATIC,SUV,automatic,4jgdf2ee0da148032,California,44.0,11740.0,silver,black,mercedes-benz financial services,57800.0,62750.0,Thu Jan 15 2015 04:30:00 GMT-0800 (PST)
2013,subaru,Forester,2.5X Limited PZEV,SUV,automatic,jf2shafc4dh432625,California,41.0,18701.0,unknown,gray,desert auto trade,20800.0,22500.0,Tue Jan 13 2015 12:30:00 GMT-0800 (PST)
2013,Volkswagen,Beetle,R-Line,Hatchback,automatic,3vwvs7at4dm693110,Tennessee,39.0,24731.0,red,black,budget rent a car/atlanta,14650.0,17400.0,Wed Jan 21 2015 02:30:00 GMT-0800 (PST)
2015,audi,A3,1.8 TFSI Premium Plus,Sedan,automatic,wauccgff3f1000955,Illinois,5.0,913.0,white,black,vw credit,25700.0,27000.0,Tue Jan 13 2015 10:00:00 GMT-0800 (PST)
2013,subaru,Impreza WRX,STI Limited,Sedan,manual,jf1gv8j6xdl002477,California,5.0,8245.0,gray,black,toms truck center inc,31000.0,32000.0,Tue Jan 13 2015 12:00:00 GMT-0800 (PST)
2012,cadillac,CTS-V Wagon,Base,CTS-V Wagon,manual,1g6dv8ep4c0134105,California,28.0,20499.0,blue,black,bmw of murrieta,42300.0,50500.0,Tue Jan 13 2015 12:30:00 GMT-0800 (PST)
2012,fisker,Karma,Eco-Sport,Sedan,automatic,yh4k14aaxca001360,California,42.0,1806.0,black,yellow,desert european motorcars,53700.0,54500.0,Thu Jan 15 2015 04:00:00 GMT-0800 (PST)
2012,mini,Cooper Coupe,John Cooper Works,Hatchback,manual,wmwsx5c50ct551635,Florida,44.0,25963.0,black,black,tdaf remarketing,20000.0,20000.0,Tue Jan 20 2015 01:00:00 GMT-0800 (PST)
2011,cadillac,Escalade Hybrid,Platinum Edition,SUV,automatic,1gys4fej5br323843,California,42.0,29362.0,gold,brown,bmw of riverside,39600.0,38000.0,Tue Jan 13 2015 12:30:00 GMT-0800 (PST)
2010,audi,R8,5.2 quattro,Coupe,manual,wuadnafg9an001149,California,43.0,21128.0,black,black,commonwealth audi volkswagen,98000.0,99000.0,Thu Jan 15 2015 04:00:00 GMT-0800 (PST)
2010,mitsubishi,Lancer Evolution,SE,Sedan,automatic,ja32w6fv0au033893,North Carolina,27.0,59863.0,blue,black,richmond bmw crown mini of richmond,18700.0,19900.0,Tue Jan 13 2015 09:30:00 GMT-0800 (PST)
2008,subaru,Tribeca,7-Passenger,SUV,automatic,4s4wx96d984406671,Puerto Rico,4.0,98578.0,gray,gray,oriental bank,7775.0,8300.0,Thu Jan 15 2015 03:30:00 GMT-0800 (PST)
2007,bmw,Z4 M,Base,Convertible,manual,5umbt93557ly53381,California,29.0,91293.0,unknown,black,caseys cars inc,18250.0,16000.0,Thu Jan 15 2015 04:30:00 GMT-0800 (PST)
2007,chevrolet,Silverado 2500HD,LT1,Regular Cab,automatic,1gchc24k97e595705,California,44.0,173833.0,white,gray,veros credit,4700.0,4800.0,Wed Jan 28 2015 04:30:00 GMT-0800 (PST)
2007,maserati,Quattroporte,Executive GT DuoSelect,Sedan,automatic,zamce39a070026874,California,5.0,30852.0,black,black,remarketing by ge/southern california financial,28700.0,28500.0,Tue Jan 13 2015 12:00:00 GMT-0800 (PST)
2007,mitsubishi,Galant,DE,Sedan,automatic,4a3ab26fx7e026122,Florida,19.0,135643.0,black,black,barnett finance company,2775.0,1600.0,Wed Feb 04 2015 07:10:00 GMT-0800 (PST)
2007,mitsubishi,Galant,Ralliart V6,Sedan,automatic,4a3ab76t37e060812,California,1.0,143680.0,black,black,vw credit,2775.0,2700.0,Tue Jan 13 2015 12:00:00 GMT-0800 (PST)
2007,toyota,matrix,xr,,automatic,2t1kr32e67c643252,Wisconsin,21.0,120637.0,gray,gray,napletons river oaks honda,5450.0,4700.0,Wed Jan 14 2015 02:00:00 GMT-0800 (PST)
2006,audi,A4,3.2,Sedan,automatic,wauah78e66a166321,California,28.0,147955.0,gray,black,coast acceptance corp,3775.0,2500.0,Thu Jan 15 2015 04:00:00 GMT-0800 (PST)
2006,land rover,range,rover,,automatic,salsf25426a911019,California,25.0,89788.0,gray,black,lexus of pleasanton,13850.0,17000.0,Wed Jan 14 2015 04:30:00 GMT-0800 (PST)
2006,suzuki,Aerio,Premium,Sedan,automatic,js2ra62s865300389,Puerto Rico,22.0,161769.0,silver,black,pr auto loans llc,1125.0,2100.0,Thu Jan 15 2015 03:30:00 GMT-0800 (PST)
2006,suzuki,Forenza,Premium,Sedan,automatic,kl5jj56z76k266655,Texas,3.0,27258.0,white,gray,cm investments,1725.0,4000.0,Wed Jan 14 2015 02:00:00 GMT-0800 (PST)
2005,jaguar,X-Type,3.0L Sportwagon,Wagon,automatic,sajwa54a65we66211,North Carolina,28.0,87973.0,blue,beige,honda cars of rock hill,3425.0,4200.0,Wed Jan 14 2015 06:30:00 GMT-0800 (PST)
2005,smart,42c,pulse,,other,wmeaj00f45j220931,unknown,3.0,68288.0,blue,blue,mercedes-benz,2800.0,2000.0,Tue Jan 13 2015 10:00:00 GMT-0800 (PST)
2004,Volkswagen,New Beetle,GL TDI,Hatchback,automatic,3vwbr31c84m415124,North Carolina,35.0,209433.0,orange,beige,hendrick kia of concord,675.0,1900.0,Wed Jan 14 2015 06:30:00 GMT-0800 (PST)
2003,chevrolet,Silverado 2500,Base,Extended Cab,automatic,1gcgk29u13z278514,Michigan,41.0,104710.0,gray,black,automobiles paille inc,8675.0,9000.0,Thu Jan 15 2015 01:30:00 GMT-0800 (PST)
2003,porsche,911,carrera,,manual,wp0ca29933s653793,California,23.0,17661.0,blue,gray,prestige chrysler jeep dodge,27500.0,25500.0,Tue Jan 13 2015 12:30:00 GMT-0800 (PST)
2001,mercury,Villager,Sport,Minivan,automatic,4m2zv12t01dj02814,Georgia,2.0,126356.0,black,gray,charitable adult rides services/car donating is,925.0,1000.0,Thu Jan 15 2015 04:30:00 GMT-0800 (PST)
2001,mazda,MPV,DX,Minivan,other,jm3lw28g310208861,Michigan,2.0,173752.0,gold,beige,hertz remarketing,775.0,700.0,Thu Jan 15 2015 01:30:00 GMT-0800 (PST)
2000,Ford,ranger,4x2 ext xl,,other,1ftyr14v3ypa59423,Indiana,1.0,215170.0,white,gray,ge fleet services for itself/servicer,1950.0,700.0,Wed Jan 14 2015 04:59:00 GMT-0800 (PST)
1999,gmc,subrbn,2500 4x4,,automatic,3gkgk26j4xg547500,Nevada,3.0,214992.0,white,â,titlemax/las vegas nv23,1500.0,600.0,Thu Jan 15 2015 03:00:00 GMT-0800 (PST)
1997,Ford,e250,econoline cargo,,automatic,1fthe24l1vha54260,Indiana,28.0,10301.0,white,gray,ari,1525.0,3600.0,Thu Jan 15 2015 02:00:00 GMT-0800 (PST)
1997,acura,CL,2.2 Premium,Coupe,manual,19uya1150vl018229,California,2.0,375363.0,red,black,onemain rem/alliance motor cars,475.0,400.0,Wed Jan 14 2015 03:00:00 GMT-0800 (PST)
1997,plymouth,voyager,fwd,,automatic,2p4fp2536vr210387,Maryland,2.0,189573.0,red,gray,purple heart services inc,425.0,300.0,Tue Jan 13 2015 12:00:00 GMT-0800 (PST)
1996,Dodge,grand,caravan le,,automatic,1b4gp54l8tb280526,California,2.0,165703.0,red,beige,charitable auto resource,700.0,500.0,Tue Jan 13 2015 05:00:00 GMT-0800 (PST)
1995,chevrolet,Camaro,Z28,Hatchback,manual,2g1fp22p1s2124543,Maryland,3.0,22334.0,black,â,purple heart services inc,1800.0,3100.0,Tue Jan 13 2015 09:30:00 GMT-0800 (PST)
1995,volvo,850,Base,Sedan,automatic,yv1ls5517s2227693,Maryland,2.0,160595.0,green,tan,purple heart services inc,525.0,300.0,Tue Jan 13 2015 12:00:00 GMT-0800 (PST)
1994,oldsmobile,Cutlass Supreme,S,Sedan,automatic,1g3wh55m0rd358622,North Carolina,1.0,173003.0,turquoise,blue,dt inventory,350.0,300.0,Tue Jan 13 2015 09:30:00 GMT-0800 (PST)
1994,mazda,b2300,base,,manual,4f4cr12a5rtn12872,Florida,2.0,218664.0,green,tan,mercedes benz of north orlando,600.0,700.0,Tue Jan 13 2015 18:00:00 GMT-0800 (PST)
2015,hyundai,Sonata,Sport PZEV,Sedan,automatic,5npe34af0fh080242,California,5.0,4.0,blue,gray,hyundai motor america/co car,24200.0,14300.0,Tue Jan 13 2015 12:00:00 GMT-0800 (PST)
2014,jeep,patriot,4x4 4c sport,,other,1c4njrab9ed607750,unknown,5.0,33382.0,black,gray,team chrysler jeep dodge,15100.0,14500.0,Tue Jan 13 2015 10:00:00 GMT-0800 (PST)
2014,lexus,RX 350,F Sport,SUV,automatic,2t2bk1ba3ec249691,Wisconsin,49.0,1502.0,white,black,toyota motor sales/lexus,46000.0,45300.0,Wed Jan 14 2015 02:00:00 GMT-0800 (PST)
2014,mercedes-benz,E-Class,E63 AMG 4MATIC S-Model,Sedan,automatic,wddhf7gb2ea950286,California,5.0,1356.0,gray,gray,mercedes-benz usa,77000.0,76000.0,Thu Jan 15 2015 04:00:00 GMT-0800 (PST)
2014,nissan,NV Cargo,3500 SV,Van,automatic,1n6af0ky3en103572,New Jersey,46.0,14082.0,white,gray,enterprise veh exchange/rental,22300.0,22200.0,Wed Jan 21 2015 01:30:00 GMT-0800 (PST)
2014,ram,Promaster Cargo Van,1500 Low Roof,Promaster Cargo Van,automatic,3c6trvag9ee105184,Ohio,45.0,24963.0,white,black,enterprise veh exchange/rental,20800.0,19900.0,Tue Jan 13 2015 09:30:00 GMT-0800 (PST)
2014,toyota,Tundra,SR,Double Cab,automatic,5tfru5f12ex033217,Florida,5.0,1749.0,silver,gray,santander consumer,24500.0,23400.0,Thu Jan 15 2015 01:35:00 GMT-0800 (PST)
2013,audi,A8,L 4.0T quattro,Sedan,automatic,waur2afdxdn020327,California,42.0,9802.0,black,black,lexus of thousand oaks,47300.0,55000.0,Tue Jan 13 2015 12:30:00 GMT-0800 (PST)
2013,audi,allroad,Prestige quattro,Wagon,automatic,wa1vfafl7da184634,Wisconsin,43.0,30270.0,gray,black,napletons goldcoast imports inc,31900.0,31800.0,Wed Jan 14 2015 02:00:00 GMT-0800 (PST)
2014,buick,regal,fwd 4c base,,automatic,2g4gv5ekxe9298928,Missouri,49.0,12818.0,silver,gray,hendrick buick gmc cadillac,17550.0,16600.0,Wed Jan 14 2015 02:30:00 GMT-0800 (PST)
2012,nissan,NV,1500 SV,Van,other,1n6bf0kl0cn109884,Puerto Rico,4.0,25325.0,white,gray,henry motors y/o oriental,17300.0,15000.0,Thu Jan 15 2015 03:30:00 GMT-0800 (PST)
2009,Volkswagen,New Beetle,2.5L Blush Edition,Convertible,automatic,3vwsf31y69m409947,Florida,41.0,70452.0,silver,red,greenway chrysler jeep dodge inc,9300.0,6800.0,Wed Jan 28 2015 01:25:00 GMT-0800 (PST)
2007,Ford,expeditn,el 4x4 xlt,,automatic,1fmfk16537la27453,California,38.0,93753.0,white,black,chaser inc,11100.0,11700.0,Wed Jan 14 2015 04:30:00 GMT-0800 (PST)
2006,landrover,range,rover hse,,automatic,salme15446a237428,California,35.0,104138.0,red,beige,california republic bank,12900.0,10750.0,Wed Jan 14 2015 04:30:00 GMT-0800 (PST)
2001,gmc,Jimmy,Diamond Edition,SUV,automatic,1gkdt13w212146702,Nevada,2.0,199490.0,red,â,autonation buick gmc west sahara,1000.0,350.0,Wed Jan 14 2015 16:00:00 GMT-0800 (PST)
2001,Volkswagen,Golf,GLS 1.8T,Hatchback,automatic,9bwgd21jx14018964,Florida,19.0,131724.0,black,black,autonation toyota winter park,1900.0,1200.0,Tue Jan 13 2015 10:00:00 GMT-0800 (PST)
2000,gmc,Sonoma,SLS Sport,Extended Cab,automatic,1gtcs1956y8299650,California,28.0,73750.0,beige,beige,rancho ford,3700.0,4400.0,Thu Jan 15 2015 04:00:00 GMT-0800 (PST)
1999,mercury,mountnr,awd v8,,automatic,4m2zu55p2xuj12133,North Carolina,22.0,173370.0,white,gray,hendrick kia of concord,525.0,700.0,Wed Jan 14 2015 06:30:00 GMT-0800 (PST)
1998,acura,TL,2.5,Sedan,automatic,jh4ua2657wc001083,New Jersey,24.0,182269.0,white,gray,dch bloomfield llc,1150.0,1000.0,Wed Jan 14 2015 01:30:00 GMT-0800 (PST)
1998,mazda,B-Series Pickup,B2500 SE,Regular Cab,automatic,4f4yr12cxwtm18439,Florida,19.0,155758.0,green,gray,courtesy chrysler jeep dodge,1925.0,600.0,Thu Jan 15 2015 08:20:00 GMT-0800 (PST)
2013,chevrolet,Corvette,Grand Sport,Coupe,automatic,1g1yu2dw5d5101019,Texas,48.0,1659.0,blue,black,tdaf remarketing,43500.0,41500.0,Wed Jan 21 2015 02:15:00 GMT-0800 (PST)
2013,hyundai,Veloster,RE:MIX,Hatchback,manual,kmhtc6ad4du161194,Florida,43.0,17443.0,gray,black,subaru of pembroke pines,12500.0,12400.0,Fri Jan 16 2015 01:30:00 GMT-0800 (PST)
2012,mercedes,sprinter,3500,,automatic,wd3pf4cc9c5649968,Wisconsin,28.0,191650.0,white,gray,enterprise fleet management exchange  inc.,18400.0,18300.0,Wed Jan 14 2015 02:00:00 GMT-0800 (PST)
2008,bmw,Z4,3.0si,Convertible,automatic,4usbu53518lx03869,California,38.0,48683.0,red,beige,bmw north scottsdale,15900.0,16750.0,Thu Jan 15 2015 04:30:00 GMT-0800 (PST)
2004,maserati,Coupe,Cambiocorsa,Coupe,automatic,zambc38a640011889,California,2.0,95071.0,silver,black,ferrari & maserati of san diego,10550.0,11500.0,Thu Jan 15 2015 04:30:00 GMT-0800 (PST)
2004,porsche,Boxster,S Anniversary Edition,Convertible,manual,wp0cb29814u660784,Ohio,44.0,49188.0,black,black,international motor car company,16150.0,16900.0,Thu Jan 22 2015 02:05:00 GMT-0800 (PST)
2014,kia,Sorento,SXL,SUV,automatic,5xykw4a79eg433747,Texas,45.0,19456.0,black,gray,southside bank,25800.0,26100.0,Thu Jan 15 2015 03:00:00 GMT-0800 (PST)
2012,maserati,GranTurismo,MC,Coupe,automatic,zam45mla5c0065098,California,45.0,26531.0,white,black,fratelli investment group,78000.0,84000.0,Thu Jan 15 2015 04:00:00 GMT-0800 (PST)
2007,toyota,tundra,4x2 cr limited,,automatic,5tfev581x7x028357,California,42.0,78706.0,silver,gray,stanford car co,19350.0,26000.0,Wed Jan 14 2015 04:30:00 GMT-0800 (PST)
2006,chevrolet,uplandr,fwd ext ls,,automatic,1gbdv13lx6d125219,Texas,19.0,198183.0,white,gray,tdaf remarketing,1175.0,900.0,Wed Jan 14 2015 02:15:00 GMT-0800 (PST)
2005,isuzu,Ascender,LS 7 Passenger,SUV,automatic,4nues16s056701757,Georgia,28.0,130880.0,white,gray,germain toyota of naples/germain scion of naples,2950.0,2600.0,Thu Jan 15 2015 02:00:00 GMT-0800 (PST)
2000,Dodge,Ram Van,1500,Ram Van,automatic,2b7hb11x6yk157587,California,19.0,106595.0,unknown,gray,j & e auto sales,1300.0,1200.0,Thu Jan 15 2015 04:00:00 GMT-0800 (PST)
1992,Ford,Tempo,GL,Sedan,automatic,1fapp36x5nk162899,Florida,3.0,59329.0,white,blue,hertz remarketing,425.0,350.0,Thu Feb 05 2015 01:35:00 GMT-0800 (PST)
2014,audi,TT,2.0T quattro,Coupe,automatic,trubfafk4e1009295,Tennessee,44.0,12407.0,white,black,downtown nashville nissan,32800.0,33500.0,Wed Jan 14 2015 02:30:00 GMT-0800 (PST)
2010,suzuki,SX4,SportBack GTS,Hatchback,automatic,js2ya5a9xa6300272,Florida,28.0,67285.0,red,black,r & b car sales inc,5075.0,5600.0,Thu Jan 15 2015 01:50:00 GMT-0800 (PST)
2009,chrysler,Aspen,Limited HEV,SUV,automatic,1a8jw18t19f704363,Minnesota,41.0,55025.0,black,gray,select lane,16250.0,15400.0,Thu Jan 22 2015 02:30:00 GMT-0800 (PST)
2007,Dodge,Caravan,C/V,Minivan,other,1d4gp21r07b229931,unknown,33.0,113718.0,white,gray,bell canada,1950.0,3700.0,Tue Jan 20 2015 02:15:00 GMT-0800 (PST)
2006,volvo,S60,T5 Special Edition,Sedan,automatic,yv1rs547062553096,California,34.0,148367.0,gray,black,garys auto sales inc,2550.0,3900.0,Thu Jan 15 2015 04:00:00 GMT-0800 (PST)
2015,honda,Fit,EX-L,Hatchback,automatic,3hggk5h88fm702560,Illinois,45.0,15.0,black,black,american honda motor company,15900.0,16700.0,Thu Jan 22 2015 02:00:00 GMT-0800 (PST)
1997,mercury,Tracer,LS,Sedan,automatic,1melm13pxvw632104,Georgia,2.0,183608.0,beige,tan,instaloan/jonesboro ga1,400.0,400.0,Thu Jan 15 2015 04:30:00 GMT-0800 (PST)
1995,subaru,Legacy,LSi,Wagon,automatic,4s3bk6553s7319297,Georgia,2.0,161437.0,blue,gray,charitable adult rides services/car donating is,875.0,900.0,Thu Jan 15 2015 04:30:00 GMT-0800 (PST)
2015,jaguar,F-TYPE,R,Coupe,automatic,sajwa6da8fmk16257,California,5.0,548.0,white,red,specialized sales and leasing,92000.0,95250.0,Thu Jan 15 2015 04:30:00 GMT-0800 (PST)
2014,mercedes-benz,M-Class,ML350 BlueTEC 4MATIC,SUV,other,4jgda2eb6ea294103,Pennsylvania,41.0,48628.0,silver,black,r hollenshead auto sales inc,40800.0,37500.0,Fri Jan 16 2015 01:00:00 GMT-0800 (PST)
2014,ram,CV Tradesman,Base,Minivan,automatic,2c4jrgag9er221804,Florida,3.0,79.0,white,black,chrysler group llc,18700.0,17200.0,Mon Jan 19 2015 04:30:00 GMT-0800 (PST)
2014,Volkswagen,Beetle Convertible,R-Line,Beetle Convertible,automatic,3vw7s7at5em818643,Florida,49.0,5229.0,black,red,vw credit,21200.0,20400.0,Wed Jan 21 2015 01:30:00 GMT-0800 (PST)
2010,mitsubishi,Lancer Sportback,Ralliart,Hatchback,other,ja32y6hv1au005575,Pennsylvania,25.0,71901.0,black,black,r hollenshead auto sales inc,12800.0,12400.0,Fri Jan 16 2015 01:00:00 GMT-0800 (PST)
2010,maserati,GranTurismo,S Automatic,Coupe,automatic,zam45kla8a0050077,California,39.0,17308.0,black,black,rusnak pasadena jaguar sterling pasadena,63000.0,66000.0,Thu Jan 15 2015 04:00:00 GMT-0800 (PST)
2009,Ford,Expedition EL,Eddie Bauer,SUV,automatic,1fmfk18519ea64893,California,2.0,87612.0,white,beige,91 automotive west,17700.0,16000.0,Thu Jan 15 2015 04:00:00 GMT-0800 (PST)
2007,chevrolet,Silverado 2500HD Classic,Work Truck,Extended Cab,other,1gchc29ux7e139867,Georgia,19.0,252328.0,white,black,tdaf remarketing,3300.0,2700.0,Tue Feb 03 2015 05:10:00 GMT-0800 (PST)
2007,chrysler,Pacifica,Limited,Wagon,automatic,2a8gf78x57r262368,Massachusetts,28.0,113165.0,silver,gray,capital one auto finance,5725.0,4300.0,Tue Jan 20 2015 01:30:00 GMT-0800 (PST)
2007,gmc,Sierra 1500 Classic,SL1,Regular Cab,automatic,3gtec14x87g194194,Texas,19.0,90453.0,beige,black,regional acceptance corporation / greensboro,6525.0,3100.0,Tue Jan 20 2015 02:30:00 GMT-0800 (PST)
2006,aston martin,DB9,Volante,Convertible,automatic,scfad02a96gb04621,California,36.0,42535.0,gray,black,jaguar san diego,40200.0,43000.0,Thu Jan 15 2015 04:00:00 GMT-0800 (PST)
1995,chevrolet,C/K 2500 Series,Silverado,Extended Cab,automatic,2gcfk29k8s1298048,California,1.0,200115.0,white,gray,premium auto wholesale,1325.0,1800.0,Thu Feb 19 2015 04:00:00 GMT-0800 (PST)
2014,bmw,i8,Base,Coupe,automatic,wby2z2c59evx64214,California,5.0,60.0,white,brown,ferrari of orange county,176000.0,165000.0,Thu Jan 15 2015 04:00:00 GMT-0800 (PST)
2011,aston martin,Rapide,Base,Sedan,automatic,scfhddaj3baf01939,California,39.0,19769.0,white,black,high bid trading co inc,89000.0,103000.0,Thu Jan 15 2015 04:00:00 GMT-0800 (PST)
2012,volvo,C30,T5 R-Design,Hatchback,other,yv1672mk7c2274439,Pennsylvania,25.0,42136.0,blue,gray,us bank,16400.0,14000.0,Thu Jan 22 2015 01:00:00 GMT-0800 (PST)
2011,bmw,Z4,sDrive30i,Convertible,automatic,wbalm5c57be377854,Ohio,44.0,21570.0,black,red,financial services remarketing (lease),27100.0,30000.0,Tue Jan 27 2015 01:30:00 GMT-0800 (PST)
2006,mitsubishi,Outlander,Limited,SUV,automatic,ja4lz81f66u026182,Florida,21.0,185889.0,blue,black,hendrick honda bradenton,1775.0,2500.0,Thu Jan 15 2015 08:50:00 GMT-0800 (PST)
2006,saab,9-3,Aero SportCombi,Wagon,other,ys3fh51u461108814,Pennsylvania,2.0,123192.0,black,beige,pohanka lexus,3600.0,3300.0,Fri Jan 16 2015 01:00:00 GMT-0800 (PST)
2004,Dodge,Intrepid,SXT,Sedan,automatic,2b3hd56g04h622075,Missouri,2.0,125353.0,red,â,purple heart services inc,1900.0,175.0,Mon Feb 16 2015 03:00:00 GMT-0800 (PST)
2002,chevrolet,Avalanche,2500,Crew Cab,automatic,3gngk23gx2g210723,Maryland,2.0,257387.0,black,tan,select remarketing group llc/anderson financial,1000.0,1850.0,Tue Jan 20 2015 05:00:00 GMT-0800 (PST)
2001,daewoo,Nubira,SE,Sedan,automatic,klajc52z81k706537,Texas,2.0,69106.0,red,tan,titlemax/windcrest tx1,500.0,300.0,Wed Jan 21 2015 04:30:00 GMT-0800 (PST)
2011,infiniti,G Sedan,G25 Journey,G Sedan,automatic,jn1dv6ap2bm603869,Florida,41.0,32018.0,blue,gray,nissan infiniti lt,16000.0,16400.0,Tue Jan 20 2015 01:30:00 GMT-0800 (PST)
2011,subaru,Forester,2.5XT Touring,SUV,other,jf2shggc5bh722936,Colorado,42.0,31676.0,gray,gray,justus motors company inc,20000.0,19300.0,Wed Feb 04 2015 03:45:00 GMT-0800 (PST)
2009,mitsubishi,Galant,Sport Edition,Sedan,automatic,4a3ab56f89e008626,Tennessee,33.0,97819.0,red,gray,dt credit corporation,4950.0,6600.0,Tue Jan 20 2015 02:30:00 GMT-0800 (PST)
2007,saab,9-3,2.0T SportCombi,Wagon,other,ys3fd59yx71141613,Pennsylvania,35.0,83979.0,gray,black,r hollenshead auto sales inc,6100.0,6400.0,Fri Jan 16 2015 01:00:00 GMT-0800 (PST)
2004,subaru,Impreza,2.5,Wagon,manual,jf1gg65534g820190,Massachusetts,19.0,186478.0,silver,gray,clay subaru,525.0,1100.0,Tue Jan 20 2015 02:00:00 GMT-0800 (PST)
2004,suzuki,Aerio,LX,Sedan,automatic,js2ra61s945202650,Texas,26.0,134661.0,gold,black,instant credit auto sales llc,1175.0,500.0,Tue Feb 10 2015 03:00:00 GMT-0800 (PST)
2002,gmc,Safari,SLE,Minivan,automatic,1gkdm19x42b510049,California,19.0,138181.0,red,beige,first credit finance,2150.0,1550.0,Wed Jan 21 2015 04:30:00 GMT-0800 (PST)
1999,land rover,Discovery,Series II,SUV,automatic,salty124xxa212509,South Carolina,21.0,158899.0,black,gray,hendrick lexus charleston,1050.0,1400.0,Tue Jan 20 2015 02:00:00 GMT-0800 (PST)
2008,subaru,Forester,2.5 X,Wagon,automatic,jf1sg63618h715900,Pennsylvania,28.0,93924.0,white,tan,jpmorgan chase bank n.a.,7675.0,7200.0,Fri Jan 23 2015 01:00:00 GMT-0800 (PST)
2009,nissan,Versa,1.6 Base,Sedan,automatic,3n1cc11e89l438322,Puerto Rico,28.0,98216.0,black,black,oriental bank,3750.0,4100.0,Thu Jan 22 2015 03:30:00 GMT-0800 (PST)
2002,chevrolet,Prizm,LSi,Sedan,automatic,1y1sk54832z414156,Georgia,28.0,125458.0,black,beige,nalley nissan decatur,1200.0,2000.0,Tue Jan 20 2015 05:00:00 GMT-0800 (PST)
2002,pontiac,Montana,Value,Minivan,automatic,1gmdu23e42d171818,North Carolina,32.0,134928.0,white,gray,boyd chev buick gmc of emporia va  inc,925.0,2200.0,Mon Jan 19 2015 01:00:00 GMT-0800 (PST)
2012,gmc,Canyon,SLE-2,Crew Cab,automatic,1gtd5mfe2c8108025,Florida,35.0,71806.0,black,black,regional acceptance corporation / greenville,14100.0,14400.0,Thu Jan 22 2015 01:35:00 GMT-0800 (PST)
2007,Volkswagen,Touareg,V10 TDI,SUV,automatic,wvgpt77l77d005922,Illinois,39.0,124472.0,black,black,tdaf remarketing,13000.0,13400.0,Tue Jan 20 2015 02:00:00 GMT-0800 (PST)
2006,hyundai,Tiburon,GT Limited,Hatchback,manual,kmhhn65f86u219970,Illinois,19.0,149852.0,black,black,par north america,2725.0,1700.0,Thu Jan 22 2015 02:00:00 GMT-0800 (PST)
2001,Ford,Windstar,SE Sport,Minivan,automatic,2fmza57451bb56721,Indiana,3.0,160533.0,blue,gray,purple heart services inc,1100.0,950.0,Wed Feb 18 2015 04:59:00 GMT-0800 (PST)
1999,acura,CL,2.3,Coupe,other,19uya3158xl003928,Wisconsin,2.0,175942.0,black,black,boucher ventures inc,750.0,350.0,Wed Jan 21 2015 02:30:00 GMT-0800 (PST)
1999,mercury,Cougar,I4,Hatchback,automatic,1zwft603xx5602179,Massachusetts,19.0,112979.0,red,black,imperial ford corporation,600.0,400.0,Tue Jan 20 2015 02:00:00 GMT-0800 (PST)
1998,subaru,Impreza,L,Sedan,automatic,jf1gc4359wh502140,Indiana,3.0,96255.0,black,beige,purple heart services inc,1550.0,1200.0,Wed Feb 18 2015 04:59:00 GMT-0800 (PST)
2015,chevrolet,Suburban,LS,SUV,automatic,1gnschecxfr100099,Michigan,5.0,5540.0,gold,beige,gm remarketing,38100.0,39000.0,Thu Feb 26 2015 02:00:00 GMT-0800 (PST)
2014,porsche,Cayenne,Diesel,SUV,automatic,wp1af2a25ela32039,Florida,45.0,20802.0,blue,tan,johnson lexus of raleigh,55100.0,56100.0,Tue Jan 20 2015 01:30:00 GMT-0800 (PST)
2013,chevrolet,Corvette,427,Convertible,manual,1g1yy3de5d5700293,California,38.0,19006.0,red,black,clear view systems,51700.0,48750.0,Tue Jan 20 2015 04:30:00 GMT-0800 (PST)
2007,gmc,Canyon,Work Truck,Regular Cab,automatic,1gtcs149478213387,California,19.0,277883.0,white,gray,donlen corporation,800.0,2300.0,Thu Jan 22 2015 04:00:00 GMT-0800 (PST)
2003,kia,Spectra,LS,Sedan,automatic,knafb121735215198,Ohio,19.0,115608.0,silver,gray,dt credit corporation,1150.0,900.0,Thu Jan 22 2015 01:00:00 GMT-0800 (PST)
2001,mazda,Tribute,DX,SUV,automatic,4f2yu07bx1km24094,Arizona,19.0,236465.0,gray,beige,camelback finance co,575.0,800.0,Thu Jan 22 2015 03:00:00 GMT-0800 (PST)
1996,acura,TL,3.2 Premium,Sedan,automatic,jh4ua3653tc005407,Florida,2.0,132485.0,beige,tan,autonation honda clearwater,1000.0,700.0,Tue Jan 20 2015 10:00:00 GMT-0800 (PST)
1995,chevrolet,Corsica,Base,Sedan,automatic,1g1ld5544sy206154,Florida,1.0,170349.0,blue,blue,autonation nissan delray,275.0,350.0,Tue Jan 20 2015 10:00:00 GMT-0800 (PST)
1991,honda,Civic,Base,Hatchback,manual,2hged6349mh586681,Florida,1.0,130708.0,red,black,autonation toyota pinellas park,625.0,400.0,Tue Jan 20 2015 10:00:00 GMT-0800 (PST)
1994,nissan,Sentra,Limited (1994.5),Sedan,other,1n4eb31pxrc794942,Washington,2.0,145966.0,red,gray,volunteers of america western washington,525.0,350.0,Wed Jan 21 2015 05:30:00 GMT-0800 (PST)
2013,nissan,NV Passenger,3500 SV,Van,automatic,5bzbf0aa2dn200787,Ohio,45.0,59653.0,white,gray,the hertz corporation,20800.0,20400.0,Tue Jan 20 2015 01:30:00 GMT-0800 (PST)
2013,audi,A3,2.0T Premium Plus,Wagon,automatic,waukeafmxda018187,Nevada,46.0,22536.0,black,black,new century bmw,21600.0,23750.0,Thu Jan 22 2015 06:30:00 GMT-0800 (PST)
2007,volvo,XC90,V8 Sport,SUV,automatic,yv4ct852671366804,California,3.0,90252.0,gray,black,remarketing by ge/billion dodge,11800.0,11000.0,Tue Jan 20 2015 04:00:00 GMT-0800 (PST)
2014,mercedes-benz,CLS-Class,CLS63 AMG 4MATIC S-Model,Sedan,automatic,wddlj7gb1ea115904,Florida,49.0,7649.0,black,black,landrover jacksonville,82000.0,82500.0,Tue Jan 20 2015 01:00:00 GMT-0800 (PST)
2012,Volkswagen,Beetle,2.0T Turbo PZEV,Hatchback,manual,3vw4a7at9cm627178,Florida,42.0,31139.0,white,black,tdaf remarketing,13400.0,14400.0,Tue Feb 03 2015 01:00:00 GMT-0800 (PST)
2010,Volkswagen,CC,Luxury PZEV,Sedan,automatic,wvwhn7an0ae564775,Florida,44.0,84439.0,black,black,cire leasing,9750.0,11700.0,Tue Feb 03 2015 01:00:00 GMT-0800 (PST)
2002,maserati,Spyder,GT,Convertible,automatic,zambb18a720006219,Florida,36.0,34458.0,blue,beige,car market inc,14500.0,17800.0,Tue Jan 27 2015 01:30:00 GMT-0800 (PST)
2008,lexus,LS 600h L,Base,Sedan,automatic,jthdu46f285000376,California,28.0,103020.0,gray,gray,chaser inc,22700.0,20250.0,Wed Jan 28 2015 04:30:00 GMT-0800 (PST)
2007,aston martin,V8 Vantage,Base,Coupe,manual,scfbb03b57gc03259,Texas,42.0,31283.0,silver,red,hopper motorplex inc,46100.0,46900.0,Wed Jan 21 2015 02:15:00 GMT-0800 (PST)
2005,mazda,MX-5 Miata,Cloth,Convertible,manual,jm1nb353x50411322,North Carolina,34.0,81378.0,red,gray,performance chev subaru porsche,5925.0,5300.0,Tue Jan 20 2015 02:00:00 GMT-0800 (PST)
2003,land rover,Freelander,SE3,SUV,automatic,salny12253a243524,California,4.0,72840.0,silver,black,land rover san jose,2250.0,4100.0,Tue Jan 20 2015 04:30:00 GMT-0800 (PST)
2015,gmc,Yukon XL,SLT,SUV,automatic,1gks2hkcxfr218299,New Jersey,47.0,23065.0,black,black,enterprise veh exchange/rental,51900.0,48750.0,Wed Jan 28 2015 02:00:00 GMT-0800 (PST)
2014,infiniti,Q60 Convertible,IPL,Q60 Convertible,automatic,jn1cv6fe4em900830,Tennessee,5.0,17255.0,black,red,nissan north america inc.,34500.0,40000.0,Thu Jan 29 2015 02:00:00 GMT-0800 (PST)
2014,infiniti,Q60 Convertible,Sport,Q60 Convertible,automatic,jn1cv6fe8em900538,Tennessee,49.0,21695.0,black,black,nissan north america inc.,34500.0,35200.0,Thu Jan 29 2015 02:00:00 GMT-0800 (PST)
2014,toyota,Tundra,SR FFV,Double Cab,automatic,5tfuw5f15ex346007,Missouri,42.0,14477.0,red,gray,toyota financial services,29800.0,29800.0,Wed Jan 21 2015 02:30:00 GMT-0800 (PST)
2012,Dodge,Caliber,SXT Plus,Wagon,automatic,1c3cdwea4cd531628,Indiana,36.0,47345.0,white,black,santander consumer,10450.0,9500.0,Thu Jan 22 2015 02:10:00 GMT-0800 (PST)
2010,suzuki,Kizashi,SLS,Sedan,automatic,js2re9a73a6100638,Tennessee,19.0,90033.0,white,beige,wells fargo dealer services,6950.0,4100.0,Wed Jan 21 2015 02:30:00 GMT-0800 (PST)
2006,chevrolet,Silverado 3500,LT1,Crew Cab,automatic,1gchk33286f119318,Georgia,25.0,217436.0,white,tan,carworks inc,10350.0,7900.0,Tue Jan 27 2015 05:00:00 GMT-0800 (PST)
2005,isuzu,Ascender,LS 5 Passenger,SUV,automatic,4nudt13s652701881,New Jersey,35.0,123076.0,black,gray,dch honda of nanuet,2450.0,1800.0,Wed Jan 21 2015 01:30:00 GMT-0800 (PST)
1998,nissan,200SX,Base,Coupe,automatic,1n4ab42d7wc520327,Tennessee,1.0,218554.0,red,gray,hendersonville auto brokers,650.0,400.0,Tue Jan 20 2015 02:00:00 GMT-0800 (PST)
1992,chevrolet,Caprice,Classic,Sedan,automatic,1g1bn53exnw115412,Florida,2.0,151883.0,blue,blue,d&a fine cars,1200.0,500.0,Fri Jan 23 2015 01:25:00 GMT-0800 (PST)
1993,mercedes-benz,400-Class,400SEL,Sedan,automatic,wdbga43e9pa115614,North Carolina,3.0,225623.0,black,beige,hendrick motors of charlotte,1075.0,2350.0,Wed Jan 21 2015 06:30:00 GMT-0800 (PST)
2013,Volkswagen,Jetta GLI,Autobahn,Sedan,manual,3vw567aj0dm221991,Georgia,36.0,25040.0,gray,black,economy honda cars,18350.0,16200.0,Thu Feb 05 2015 02:00:00 GMT-0800 (PST)
2006,Volkswagen,New Beetle,TDI,Hatchback,automatic,3vwrr31c76m404861,Georgia,46.0,57530.0,green,beige,southern motors honda,5300.0,6600.0,Thu Jan 22 2015 02:00:00 GMT-0800 (PST)
2003,Volkswagen,GTI,20th Anniversary Edition,Hatchback,manual,9bwke61j334068915,Florida,1.0,95389.0,blue,gray,kuhn honda,4275.0,2300.0,Thu Jan 22 2015 08:00:00 GMT-0800 (PST)
2001,nissan,Frontier,SC-V6,Crew Cab,automatic,1n6md27y21c372613,Missouri,36.0,94586.0,gold,black,hendrick nissan kansas city,6900.0,7100.0,Wed Jan 21 2015 02:30:00 GMT-0800 (PST)
2000,suzuki,Grand Vitara,JLS,SUV,automatic,js3te62vxy4107752,North Carolina,36.0,118356.0,black,gray,crossroads ford inc,1350.0,2600.0,Mon Jan 26 2015 01:00:00 GMT-0800 (PST)
1999,Volkswagen,Golf,GLS (1999.5),Hatchback,automatic,wvwgc31j6xw591246,California,22.0,146300.0,silver,black,honda cars of corona,1225.0,1000.0,Wed Jan 21 2015 04:30:00 GMT-0800 (PST)
1995,jaguar,XJ-Series,XJ6 Vanden Plas,Sedan,automatic,sajkx1748sc721222,California,4.0,196363.0,burgundy,beige,land rover newport beach,350.0,1600.0,Wed Jan 21 2015 04:30:00 GMT-0800 (PST)
2013,toyota,Avalon,XLE Touring,Sedan,automatic,4t1bk1eb3du001446,Puerto Rico,37.0,4731.0,black,tan,colon motor auto sales inc,23000.0,24000.0,Thu Jan 22 2015 03:00:00 GMT-0800 (PST)
2006,hyundai,Elantra,GT SULEV,Hatchback,manual,kmhdn56d46u186892,Florida,31.0,131523.0,blue,black,courtesy hyundai,2025.0,2100.0,Thu Jan 22 2015 08:20:00 GMT-0800 (PST)
2001,hyundai,XG300,L,Sedan,automatic,kmhfu45d81a148051,New Jersey,29.0,165210.0,green,gray,lester glenn buick,975.0,1000.0,Wed Feb 04 2015 01:30:00 GMT-0800 (PST)
1999,Volkswagen,Cabrio,GLS (1999.5),Convertible,automatic,3vwdb61e2xm811733,Florida,19.0,99605.0,green,black,courtesy nissan of tampa,925.0,700.0,Thu Jan 22 2015 08:20:00 GMT-0800 (PST)
1995,buick,Century,Special,Sedan,automatic,1g4ag55m6s6484907,Missouri,1.0,171180.0,gold,tan,dt inventory,375.0,250.0,Mon Feb 23 2015 11:00:00 GMT-0800 (PST)
1994,chrysler,Concorde,Base,Sedan,automatic,2c3el56t5rh227550,Pennsylvania,1.0,169775.0,gray,gray,purple heart,400.0,325.0,Tue Jan 27 2015 04:01:00 GMT-0800 (PST)
2009,hummer,H3T,Base,Crew Cab,automatic,5gnen13e398128669,Florida,39.0,85382.0,black,black,karl flammer ford inc,15750.0,17800.0,Thu Jan 22 2015 01:45:00 GMT-0800 (PST)
2007,gmc,Sierra 2500HD Classic,SLE1,Crew Cab,automatic,1gthk23d77f186182,Michigan,29.0,171434.0,blue,gray,automobiles paille inc,16950.0,14800.0,Thu Feb 05 2015 01:30:00 GMT-0800 (PST)
2003,Lincoln,Town Car,Premium Signature,Sedan,other,1lnhm82w93y632536,Maryland,24.0,123432.0,blue,beige,credit acceptance corp/vrs/southfield,2325.0,1800.0,Tue Feb 17 2015 01:30:00 GMT-0800 (PST)
2002,suzuki,Vitara,JLX,SUV,automatic,2s3td52v426103733,Ohio,1.0,161743.0,gray,gray,credit acceptance corp/vrs/southfield,1850.0,550.0,Tue Jan 27 2015 05:00:00 GMT-0800 (PST)
2000,plymouth,Prowler,Base,Convertible,automatic,1p3ew65g7yv603989,Arizona,44.0,12279.0,black,black,avm auto sales,24500.0,25000.0,Thu Jan 22 2015 03:00:00 GMT-0800 (PST)
1998,Dodge,Ram Pickup 1500,SS/T,Regular Cab,automatic,1b7hc16z1ws514765,Nevada,2.0,113012.0,gray,â,titlemax/lake mead nv1,1475.0,2600.0,Thu Jan 22 2015 03:00:00 GMT-0800 (PST)
1998,nissan,Frontier,Base,Regular Cab,manual,1n6dd21s6wc332448,Virginia,39.0,186653.0,white,gray,mazda and volkswagon of fredericksburg,1900.0,2500.0,Thu Jan 22 2015 01:35:00 GMT-0800 (PST)
1997,lexus,LX 450,Base,SUV,automatic,jt6hj88j4v0165852,Arizona,19.0,157248.0,white,tan,earnhardt,4225.0,8100.0,Thu Jan 22 2015 03:00:00 GMT-0800 (PST)
2015,subaru,WRX,STI,Sedan,manual,jf1va2l62f9806771,Nevada,43.0,7567.0,black,black,jersey's auto sales,34400.0,33500.0,Fri Jan 23 2015 04:00:00 GMT-0800 (PST)
2014,bmw,ActiveHybrid 7,740Li,Sedan,automatic,wbaye0c57edd85603,Ohio,47.0,2664.0,gray,â,bmw north america raa,66000.0,77000.0,Tue Jan 27 2015 06:00:00 GMT-0800 (PST)
2014,bmw,6 Series,640i xDrive,Convertible,automatic,wbayp5c53edz28062,Ohio,41.0,14644.0,silver,brown,bmw north america raa,67000.0,61000.0,Tue Jan 27 2015 06:00:00 GMT-0800 (PST)
2013,smart,fortwo,electric drive coupe,Hatchback,automatic,wmeej9aa6dk710112,Ohio,47.0,2693.0,gray,gray,mercedes-benz usa,6875.0,7250.0,Tue May 19 2015 02:30:00 GMT-0700 (PDT)
2011,jeep,Wrangler,70th Anniversary,SUV,manual,1j4aa7d1xbl602722,Pennsylvania,48.0,32576.0,black,black,big tree auto brokers,24400.0,23600.0,Fri Jan 23 2015 01:15:00 GMT-0800 (PST)
2007,audi,A4,3.2 Avant quattro,Wagon,automatic,waukh78e97a157036,Maryland,28.0,102341.0,black,beige,tappahannock chevrolet llc,9325.0,6900.0,Tue Jan 27 2015 01:30:00 GMT-0800 (PST)
2014,acura,MDX,SH-AWD,SUV,other,5fryd4h27eb024131,Pennsylvania,41.0,11350.0,burgundy,beige,ahfc/honda lease trust/hvt  inc acuras,37700.0,38000.0,Fri Jan 30 2015 01:00:00 GMT-0800 (PST)
2014,Volkswagen,Tiguan,R-Line,SUV,automatic,wvgav3ax2ew524317,Illinois,44.0,15583.0,blue,gray,mercedes benz of chicago,19650.0,21200.0,Thu Jan 22 2015 02:00:00 GMT-0800 (PST)
2010,cadillac,CTS Wagon,Luxury,CTS Wagon,other,1g6de8eg9a0114896,Pennsylvania,35.0,61718.0,black,black,r hollenshead auto sales inc,15500.0,13000.0,Fri Jan 23 2015 01:00:00 GMT-0800 (PST)
2006,saab,9-5,SportCombi,Wagon,automatic,ys3eh59g463523257,Pennsylvania,45.0,62992.0,beige,black,r hollenshead auto sales inc,6600.0,8300.0,Fri Jan 23 2015 01:00:00 GMT-0800 (PST)
2004,pontiac,Montana,MontanaVision,Minivan,automatic,1gmdx13e64d137142,Ohio,3.0,133790.0,blue,gray,halleen kia,1925.0,1650.0,Tue Feb 10 2015 01:30:00 GMT-0800 (PST)
2000,audi,TT,quattro,Coupe,manual,truuc28n9y1007903,Washington,29.0,125002.0,black,gray,robert larson's hyundai,3450.0,3800.0,Wed Jan 28 2015 06:00:00 GMT-0800 (PST)
2000,suzuki,Esteem,GLX,Sedan,other,js2gb41s8y5190103,Oregon,23.0,176694.0,silver,gray,hertz remarketing,450.0,400.0,Tue Jan 27 2015 04:00:00 GMT-0800 (PST)
2013,chevrolet,Black Diamond Avalanche,LS,Crew Cab,automatic,3gnmcee07dg232795,Florida,35.0,38055.0,black,black,onesource/kendall toyota,25400.0,25100.0,Tue Jan 27 2015 01:30:00 GMT-0800 (PST)
2013,Volkswagen,Beetle,Turbo,Hatchback,manual,3vw467at5dm609294,Illinois,24.0,55973.0,red,black,tdaf remarketing,14850.0,13300.0,Tue Feb 03 2015 02:00:00 GMT-0800 (PST)
2009,mazda,Tribute,i Touring,SUV,automatic,4f2cz02719km00082,Florida,35.0,89222.0,red,gray,autonation ford bradenton,5150.0,5900.0,Tue Jan 27 2015 01:15:00 GMT-0800 (PST)
2007,chevrolet,Silverado 3500 Classic,LT1,Crew Cab,automatic,1gcjk33d57f103274,Florida,24.0,273270.0,gray,black,autonation chevrolet greenacres,11050.0,10000.0,Tue Jan 27 2015 01:15:00 GMT-0800 (PST)
2000,chevrolet,C/K 3500 Series,Base,Regular Cab,automatic,1gchk34rxyr157288,Wisconsin,1.0,11185.0,white,gray,sti fleet corp,4900.0,4600.0,Wed Jan 28 2015 01:00:00 GMT-0800 (PST)
2012,suzuki,Grand Vitara,Ultimate Adventure,SUV,automatic,js3te0d39c4100339,Puerto Rico,39.0,18350.0,gray,black,oriental bank,10000.0,13100.0,Thu Jan 29 2015 03:30:00 GMT-0800 (PST)
2012,Volkswagen,GTI,Autobahn,Hatchback,manual,wvwgv7aj8cw083176,California,39.0,17024.0,black,black,volkswagen credit inc/sc,18750.0,19250.0,Thu Jan 29 2015 04:30:00 GMT-0800 (PST)
2009,gmc,Yukon,SLE1,SUV,automatic,1gkfc23c09r144812,Texas,28.0,96206.0,red,beige,gm financial,15400.0,14200.0,Wed Jan 28 2015 02:00:00 GMT-0800 (PST)
2007,Volkswagen,Eos,Base,Convertible,manual,wvwaa71f67v009330,North Carolina,19.0,71830.0,red,black,hendrick lexus northlake,7200.0,6500.0,Wed Jan 28 2015 06:30:00 GMT-0800 (PST)
2006,Dodge,Sprinter Cargo,3500 High Roof 158 WB,Van,automatic,wd0pd544065964288,Nebraska,24.0,220588.0,white,gray,ge fleet services for itself/servicer,4500.0,1650.0,Wed Feb 25 2015 02:00:00 GMT-0800 (PST)
2005,suzuki,Reno,LX,Hatchback,automatic,kl5jj66z15k078220,Florida,2.0,155219.0,red,gray,hertz remarketing,1475.0,500.0,Tue Feb 24 2015 01:30:00 GMT-0800 (PST)
1998,oldsmobile,Intrigue,Base,Sedan,automatic,1g3wh52k8wf374294,Ohio,21.0,153247.0,white,gray,dt inventory,700.0,350.0,Thu Jan 29 2015 01:00:00 GMT-0800 (PST)
1997,Ford,F-150,Base,Regular Cab,other,1ftdf1729vkc50507,Florida,26.0,231987.0,green,gray,autonation nissan jacksonville,1350.0,1100.0,Tue Jan 27 2015 10:00:00 GMT-0800 (PST)
2013,fiat,500e,Base,Hatchback,automatic,3c3cffge1dt727676,California,42.0,15748.0,black,black,chrysler capital,14200.0,12900.0,Thu Jan 29 2015 04:00:00 GMT-0800 (PST)
2010,hummer,H3,Luxury,SUV,automatic,5gtmnjee1a8117031,Florida,45.0,49098.0,black,black,american bank auto liquidators,22200.0,23400.0,Tue Jan 27 2015 01:30:00 GMT-0800 (PST)
2006,mitsubishi,Lancer,O-Z Rally,Sedan,automatic,ja3aj86e16u012208,Georgia,19.0,107456.0,silver,black,five star nissan,3650.0,1800.0,Fri Jan 30 2015 03:00:00 GMT-0800 (PST)
2012,audi,TT,2.0T Premium Plus quattro,Coupe,automatic,trubfafk4c1014932,California,4.0,34607.0,silver,black,ecars,26800.0,26750.0,Tue Feb 10 2015 04:30:00 GMT-0800 (PST)
2010,bentley,Continental Supersports,Base,Coupe,automatic,scbcu8za2ac064118,California,32.0,5138.0,red,black,jn group inc,115000.0,101000.0,Wed Jan 28 2015 10:00:00 GMT-0800 (PST)
2007,gmc,Sierra 1500 Classic,Work Truck,Regular Cab,automatic,3gtec14x57g208746,Tennessee,28.0,59003.0,red,gray,sullivan auto group llc,7300.0,8500.0,Wed Feb 11 2015 02:30:00 GMT-0800 (PST)
2006,isuzu,i-Series,i-280 S,Extended Cab,automatic,1ggcs198868704302,Texas,19.0,170373.0,red,gray,dt credit corporation,3050.0,2800.0,Wed Jan 28 2015 02:00:00 GMT-0800 (PST)
2005,saab,9-7X,Linear,SUV,automatic,5s3et13s752800249,Georgia,29.0,131602.0,silver,black,tj lending,3675.0,2800.0,Thu Mar 05 2015 02:00:00 GMT-0800 (PST)
1999,Volkswagen,Cabrio,GL (1999.5),Convertible,automatic,3vwcb61e8xm814972,Florida,3.0,96725.0,blue,gray,coggin chevrolet at the avenues,650.0,650.0,Thu Feb 05 2015 05:00:00 GMT-0800 (PST)
1998,Volkswagen,Jetta,GT,Sedan,other,3vwvb61h7wm246148,California,1.0,238251.0,black,black,center for car donations,625.0,200.0,Wed Jan 28 2015 07:00:00 GMT-0800 (PST)
1996,mitsubishi,Galant,S,Sedan,automatic,4a3aj46g4te290518,Texas,2.0,119781.0,white,gray,charitable adult rides services/car donating is,575.0,500.0,Wed Jan 28 2015 04:30:00 GMT-0800 (PST)
2014,honda,Civic,Hybrid w/Leather,Sedan,automatic,19xfb4f3xee000325,Georgia,41.0,5609.0,gray,gray,ahfc/honda lease trust/hvt  inc.,18050.0,18500.0,Thu Jan 29 2015 02:00:00 GMT-0800 (PST)
2014,jaguar,F-TYPE,Base,Convertible,automatic,sajwa6e74e8k10711,California,49.0,790.0,red,black,jn group inc,60000.0,57000.0,Wed Jan 28 2015 10:00:00 GMT-0800 (PST)
2014,mercedes-benz,E-Class,E250 Sport BlueTEC,Sedan,automatic,wddhf0eb9ea877833,California,44.0,13692.0,silver,black,mercedes-benz usa,41000.0,35250.0,Thu Jan 29 2015 04:00:00 GMT-0800 (PST)
2014,mini,Cooper Clubman,John Cooper Works,Hatchback,manual,wmwmh9c50et377517,Ohio,41.0,6862.0,gray,black,airport mini of cleveland,28400.0,27250.0,Tue Jan 27 2015 01:30:00 GMT-0800 (PST)
2014,toyota,Corolla,S Premium,Sedan,automatic,2t1burhexec091793,Washington,43.0,29985.0,silver,black,dollar rac/seattle,12950.0,16600.0,Wed Jan 28 2015 04:00:00 GMT-0800 (PST)
2015,audi,A3,2.0 TFSI Prestige quattro,Sedan,automatic,waukfgff2f1007236,Georgia,48.0,9482.0,unknown,black,vw credit xu ready,32100.0,32800.0,Wed Feb 04 2015 01:30:00 GMT-0800 (PST)
2012,infiniti,EX,EX35 Journey,SUV,automatic,jn1aj0hr2cm450320,Florida,42.0,27605.0,gray,black,braman honda,25200.0,24000.0,Wed Jan 28 2015 01:40:00 GMT-0800 (PST)
2013,mercedes-benz,SL-Class,SL65 AMG,Convertible,automatic,wddjk7ka3df018725,California,46.0,4528.0,unknown,gray,mercedes-benz financial services,131000.0,127000.0,Wed Feb 04 2015 04:30:00 GMT-0800 (PST)
2013,smart,fortwo,electric drive cabriolet,Convertible,automatic,wmeek9aa6dk678503,Georgia,48.0,1247.0,white,black,mercedes-benz usa,10400.0,10000.0,Wed Feb 04 2015 02:00:00 GMT-0800 (PST)
2012,infiniti,M,M56x,Sedan,automatic,jn1ay1ar5cm580099,Tennessee,28.0,46772.0,gray,black,nissan infiniti lt,28200.0,26800.0,Wed Feb 11 2015 02:30:00 GMT-0800 (PST)
2012,suzuki,SX4,Sport SE,Sedan,automatic,js2yc5a56c6300330,Tennessee,28.0,97036.0,white,black,santander consumer,3525.0,4500.0,Tue Feb 03 2015 02:30:00 GMT-0800 (PST)
2010,Dodge,Caliber,SE Fleet,Wagon,automatic,1b3cb2ha7ad656658,Wisconsin,22.0,118170.0,silver,gray,dt credit corporation,5050.0,4800.0,Wed Feb 04 2015 02:30:00 GMT-0800 (PST)
2010,mazda,RX-8,Sport,Coupe,automatic,jm1fe1cp3a0404714,North Carolina,39.0,50863.0,red,black,fleet lease remarketing,10300.0,10800.0,Mon Mar 02 2015 01:30:00 GMT-0800 (PST)
2009,gmc,Yukon XL,SLT1 1500,SUV,automatic,1gkfc36029r173395,Texas,34.0,143461.0,unknown,beige,rlb investments,13800.0,13300.0,Wed Feb 04 2015 02:20:00 GMT-0800 (PST)
2009,hummer,H3T,Alpha,Crew Cab,automatic,5gnen13l498147262,Ohio,45.0,86102.0,black,gray,159191 canada inc,20800.0,21500.0,Tue Feb 03 2015 01:30:00 GMT-0800 (PST)
2009,Volkswagen,CC,VR6 Sport,Sedan,automatic,wvweu73c09e524368,New Jersey,16.0,89246.0,black,black,jpmorgan chase bank n.a.,10100.0,7600.0,Wed Feb 11 2015 01:30:00 GMT-0800 (PST)
2008,Lincoln,Town Car,Signature L,Sedan,automatic,2lnhm85v18x648398,Georgia,34.0,47433.0,silver,gray,ford motor credit company,4025.0,14900.0,Tue Feb 03 2015 01:30:00 GMT-0800 (PST)
2008,mazda,6,s Sport Value Edition,Sedan,automatic,1yvhp80d685m43794,Texas,37.0,107223.0,white,gray,dt credit corporation,5425.0,4300.0,Tue Feb 03 2015 03:00:00 GMT-0800 (PST)
2008,subaru,Legacy,2.5 I Limited,Sedan,automatic,4s3bl626x87200522,Massachusetts,23.0,111928.0,gray,black,clay subaru,7100.0,5500.0,Tue Feb 03 2015 02:00:00 GMT-0800 (PST)
2006,gmc,Sierra 3500,SLT,Crew Cab,automatic,1gtjk33d76f151664,Michigan,28.0,140045.0,red,black,automobiles paille inc,19300.0,17000.0,Thu Feb 05 2015 01:30:00 GMT-0800 (PST)
2006,mitsubishi,Raider,Duro Cross V6,Double Cab,automatic,1z7hc38k06s567795,California,34.0,291043.0,red,black,bank of america,3650.0,5200.0,Wed Feb 04 2015 04:30:00 GMT-0800 (PST)
2005,saab,9-7X,Arc,SUV,automatic,5s3et13m952800349,New Jersey,21.0,100064.0,black,tan,dch freehold llc,3875.0,2300.0,Wed Feb 04 2015 01:30:00 GMT-0800 (PST)
2004,subaru,Outback,H6-3.0 35th Anniversary Edition,Wagon,automatic,4s3bh815547627090,Virginia,2.0,193926.0,green,beige,elite auto group llc,1825.0,1200.0,Thu Feb 12 2015 03:50:00 GMT-0800 (PST)
2003,Dodge,Sprinter Cargo,2500 SH Ceiling 140 WB,Van,automatic,wd2yd642935552687,Ohio,24.0,104729.0,white,gray,ge fleet services for itself/servicer,7175.0,6700.0,Tue Feb 03 2015 01:30:00 GMT-0800 (PST)
2003,pontiac,Grand Am,SE2,Sedan,automatic,1g2ng52e83c192959,California,25.0,144400.0,gold,beige,federal asset remarketing services,2175.0,1700.0,Wed Feb 04 2015 04:30:00 GMT-0800 (PST)
2003,subaru,Impreza,2.5 TS,Wagon,manual,jf1gg65523g801600,Virginia,19.0,159091.0,black,gray,browns arlington honda,1375.0,1700.0,Thu Feb 05 2015 01:05:00 GMT-0800 (PST)
2002,nissan,Frontier,XE-V6 Dessert Runner,King Cab,manual,1n6ed26tx2c334848,North Carolina,35.0,126054.0,white,gray,credit acceptance corp/vrs/southfield,4175.0,3700.0,Mon Feb 02 2015 01:30:00 GMT-0800 (PST)
2001,cadillac,Eldorado,ETC,Coupe,automatic,1g6et129x1b104924,California,1.0,78889.0,white,beige,crown lexus,2525.0,1500.0,Tue Feb 03 2015 04:00:00 GMT-0800 (PST)
2001,suzuki,Esteem,GLX Sport,Sedan,manual,js2gb41s015208499,North Carolina,26.0,172626.0,silver,gray,capital chrysler jeep dodge llc,225.0,1100.0,Mon Feb 09 2015 01:00:00 GMT-0800 (PST)
2000,chevrolet,Suburban,2500,SUV,automatic,3gngk26u6yg196040,Virginia,1.0,398532.0,white,black,csx transportation,1025.0,900.0,Wed Feb 18 2015 03:04:00 GMT-0800 (PST)
2000,mercury,Mystique,LS,Sedan,automatic,3mefm66l6ym600502,Washington,37.0,120296.0,red,beige,renton honda automobiles,850.0,1400.0,Wed Feb 18 2015 04:45:00 GMT-0800 (PST)
2000,volvo,V70,SE,Wagon,automatic,yv1lw61j7y2671388,Pennsylvania,1.0,167752.0,blue,beige,purple heart,500.0,400.0,Tue Feb 03 2015 05:01:00 GMT-0800 (PST)
1999,Ford,F-150 SVT Lightning,Base,Regular Cab,automatic,2ftzf0737xcb06194,New Jersey,1.0,74626.0,black,gray,manheim new jersey,7025.0,2250.0,Wed Feb 04 2015 04:00:00 GMT-0800 (PST)
1999,Volkswagen,Jetta,Wolfsburg,Sedan,manual,3vwpa81h5xm242351,Georgia,19.0,253799.0,green,beige,nalley volkswagen of alpharetta,775.0,400.0,Tue Feb 03 2015 05:00:00 GMT-0800 (PST)
1999,saab,9-5,2.3t,Sedan,manual,ys3ed45e7x3026523,Texas,2.0,144772.0,blue,tan,charitable adult rides services/car donating is,575.0,550.0,Tue Feb 03 2015 02:30:00 GMT-0800 (PST)
1997,Ford,Thunderbird,LX,Coupe,automatic,1falp624xvh136954,Florida,2.0,141000.0,gold,beige,coggin deland hyundai,575.0,350.0,Tue Feb 03 2015 10:00:00 GMT-0800 (PST)
1995,mercury,Tracer,Base,Sedan,automatic,3masm10j2sr656828,Pennsylvania,2.0,82909.0,beige,tan,purple heart,625.0,300.0,Tue Feb 10 2015 05:01:00 GMT-0800 (PST)
1993,mercedes-benz,190-Class,190E 2.3,Sedan,automatic,wdbda28d3pg057200,Nevada,2.0,178514.0,white,â,automotive remarketing inc,625.0,750.0,Thu Feb 19 2015 03:00:00 GMT-0800 (PST)
2014,Ford,Transit Connect,Wagon XLT SWB,Minivan,automatic,nm0ae8f70e1147913,Tennessee,48.0,4617.0,unknown,black,ford motor credit company,20200.0,20500.0,Thu Feb 05 2015 03:00:00 GMT-0800 (PST)
2015,Lincoln,MKC,Base,SUV,automatic,5lmtj2ah6fuj03802,Florida,46.0,6052.0,unknown,black,ford motor credit company,36000.0,35200.0,Wed Feb 04 2015 02:00:00 GMT-0800 (PST)
2015,jeep,Wrangler,Freedom Edition,SUV,automatic,1c4ajwag4fl577640,New Jersey,5.0,1966.0,white,black,kerbeck cadillac pontiac inc,23000.0,24000.0,Wed Feb 04 2015 09:30:00 GMT-0800 (PST)
2002,Volkswagen,EuroVan,GLS,Minivan,automatic,wv2kb47082h006103,California,29.0,173659.0,blue,gray,a 1 motors,2875.0,2400.0,Wed Feb 04 2015 12:30:00 GMT-0800 (PST)
2013,Volkswagen,Beetle Convertible,Turbo 60's Edition,Beetle Convertible,automatic,3vw7s7at1dm825135,Florida,4.0,26568.0,black,black,tdaf remarketing,18550.0,19100.0,Tue Feb 03 2015 01:00:00 GMT-0800 (PST)
2012,gmc,Canyon,SLE-1,Crew Cab,automatic,1gtd5mf93c8126391,Florida,34.0,37235.0,silver,black,zimmerman auto brokers inc,18150.0,18500.0,Tue Feb 10 2015 01:30:00 GMT-0800 (PST)
2010,subaru,Tribeca,3.6R Touring,SUV,other,4s4wx9hdxa4402468,Pennsylvania,36.0,55638.0,blue,gray,tdaf remarketing,15850.0,18000.0,Fri Feb 06 2015 01:00:00 GMT-0800 (PST)
2009,chevrolet,TrailBlazer,LT3,SUV,automatic,1gnds33s492108561,Florida,19.0,139570.0,black,black,meridian remarketing,3825.0,2200.0,Thu Feb 19 2015 08:45:00 GMT-0800 (PST)
2009,mitsubishi,Galant,Sport V6,Sedan,automatic,4a3ab46s89e004521,South Carolina,2.0,126763.0,white,black,regional acceptance corporation / greenville,7825.0,4400.0,Thu Feb 12 2015 02:00:00 GMT-0800 (PST)
2003,nissan,Frontier,SE-V6 Desert Runner,King Cab,automatic,1n6ed26t73c426095,Texas,42.0,99870.0,white,blue,tdaf remarketing,4650.0,6000.0,Wed Feb 04 2015 02:00:00 GMT-0800 (PST)
2002,mercury,Cougar,Sport,Hatchback,automatic,1zwft61l325621812,Missouri,25.0,106720.0,red,black,tdaf remarketing,1500.0,2200.0,Tue Feb 03 2015 02:30:00 GMT-0800 (PST)
1999,chevrolet,Corvette,Hardtop,Coupe,manual,1g1yy12g2x5128161,Florida,27.0,50029.0,red,black,tdaf remarketing,11850.0,14000.0,Tue Feb 10 2015 01:00:00 GMT-0800 (PST)
2009,chevrolet,Corvette,Z06 Competition Sport Spec Ed,Coupe,other,1g1yz26e895104400,Pennsylvania,44.0,64953.0,black,â,r hollenshead auto sales inc,32700.0,32500.0,Fri Feb 20 2015 09:00:00 GMT-0800 (PST)
2009,volvo,S40,T5 R-Design,Sedan,automatic,yv1mh672392443436,Illinois,42.0,52957.0,white,black,ford motor credit company llc,12150.0,12900.0,Thu Feb 12 2015 02:00:00 GMT-0800 (PST)
2008,Volkswagen,Eos,VR6,Convertible,automatic,wvwdb71fx8v046795,New York,26.0,31835.0,black,black,td auto finance,13600.0,11300.0,Wed Feb 04 2015 01:30:00 GMT-0800 (PST)
2006,gmc,Sierra 1500,SL1,Regular Cab,automatic,3gtek14v46g154730,Florida,23.0,151170.0,blue,gray,daytona toyota,4650.0,5000.0,Wed Feb 18 2015 07:00:00 GMT-0800 (PST)
2001,chevrolet,Venture,Value,Minivan,automatic,1gndu23e81d293754,Ohio,19.0,124240.0,blue,gray,car now acceptance co/columbus,1125.0,1500.0,Thu Feb 26 2015 01:00:00 GMT-0800 (PST)
2000,saturn,L-Series,LW2,Wagon,automatic,1g8jw82rxyy638308,Washington,2.0,1.0,purple,beige,donate for charity,1825.0,350.0,Wed Feb 25 2015 04:35:00 GMT-0800 (PST)
2000,toyota,Tacoma,Prerunner,Extended Cab,automatic,4tasm92n6yz595062,California,25.0,260871.0,black,beige,ideal transportation,3125.0,3800.0,Wed Feb 04 2015 04:30:00 GMT-0800 (PST)
1998,Lincoln,Mark VIII,LSC,Coupe,automatic,1lnfm92v3wy726386,California,35.0,132224.0,unknown,beige,billion dodge chrysler jeep,1250.0,750.0,Wed Feb 04 2015 04:30:00 GMT-0800 (PST)
1997,Ford,Aspire,Base,Hatchback,manual,knjlt05h0v6208240,Virginia,1.0,129739.0,white,gray,purple heart services inc,525.0,500.0,Wed Feb 04 2015 01:05:00 GMT-0800 (PST)
2015,honda,Fit,LX,Hatchback,automatic,3hggk5h59fm708602,Pennsylvania,3.0,6165.0,silver,black,ahfc/honda lease trust/hvt  inc.,15600.0,13500.0,Fri Feb 06 2015 01:00:00 GMT-0800 (PST)
2014,Ford,Transit Connect,Cargo Van XLT LWB,Minivan,automatic,nm0ls7f72e1135970,North Carolina,28.0,15959.0,white,black,primeritus remarketing/jw auto & truck sa,17650.0,17400.0,Mon Feb 09 2015 01:30:00 GMT-0800 (PST)
2014,honda,Ridgeline,RTL w/Leather and Navigation,Crew Cab,automatic,5fpyk1f57eb009753,Tennessee,49.0,2970.0,white,gray,bill holt chevrolet of canton inc,30100.0,29800.0,Wed Feb 04 2015 02:30:00 GMT-0800 (PST)
2015,volvo,S60,T5 Drive-E,Sedan,automatic,yv140mfb2f1314652,Tennessee,44.0,8539.0,white,gray,volvo na rep/world omni,24400.0,24000.0,Wed Feb 04 2015 02:30:00 GMT-0800 (PST)
2013,audi,A8,4.0T quattro,Sedan,automatic,waua2afd1dn014896,New Jersey,37.0,24790.0,black,black,volkswagen of america,42100.0,40000.0,Wed Feb 04 2015 01:30:00 GMT-0800 (PST)
2011,chevrolet,Suburban,LT 2500,SUV,other,1gnwkmeg5br305467,Pennsylvania,41.0,93773.0,black,beige,r hollenshead auto sales inc,25800.0,25200.0,Fri Feb 06 2015 01:00:00 GMT-0800 (PST)
2007,jaguar,XK-Series,XKR,Coupe,automatic,sajwa43c879b09837,Pennsylvania,37.0,82400.0,black,black,manheim imports,19250.0,21100.0,Fri Feb 06 2015 01:00:00 GMT-0800 (PST)
2005,mazda,6,s,Wagon,automatic,1yvhp82d655m45294,New Jersey,25.0,128555.0,blue,gray,westlake financial services,2575.0,1000.0,Wed Feb 11 2015 01:30:00 GMT-0800 (PST)
2003,saab,9-3,Vector,Sedan,automatic,ys3ff49y631041555,California,21.0,1.0,black,tan,lobel financial corp,2625.0,200.0,Wed Feb 11 2015 03:00:00 GMT-0800 (PST)
1994,volvo,940,Level I,Sedan,automatic,yv1js831xr1164827,Virginia,2.0,177433.0,white,beige,bavarian auto sales llc,375.0,700.0,Thu Feb 19 2015 01:20:00 GMT-0800 (PST)
2015,volvo,V60,T5 Drive-E,Wagon,automatic,yv140meb9f1207695,Florida,43.0,11023.0,black,black,volvo na rep/world omni,28000.0,27500.0,Tue Feb 17 2015 01:30:00 GMT-0800 (PST)
2013,bentley,Continental GT,V8,Coupe,automatic,scbft7za3dc083274,California,4.0,15859.0,blue,beige,porsche fin svcs dba bentley financial services,129000.0,131500.0,Thu Feb 12 2015 04:30:00 GMT-0800 (PST)
2013,land rover,Range Rover Evoque,Dynamic Premium,SUV,automatic,salvt2bg3dh845525,Texas,43.0,20947.0,blue,tan,jpmorgan chase bank n.a.,45200.0,45500.0,Wed Feb 11 2015 02:15:00 GMT-0800 (PST)
2003,hyundai,Accent,Base,Hatchback,manual,kmhcf35c23u272929,Virginia,19.0,133388.0,red,gray,dt inventory,575.0,400.0,Thu Feb 12 2015 01:05:00 GMT-0800 (PST)
1998,acura,Integra,RS,Hatchback,manual,jh4dc4344ws000528,Utah,19.0,175197.0,black,tan,remarketing by ge/america first credit union,1100.0,1000.0,Wed Feb 11 2015 03:30:00 GMT-0800 (PST)
2012,toyota,Prius Plug-in,Advanced,Hatchback,automatic,jtdkn3dp6c3006441,California,35.0,53409.0,gray,black,donlen corporation,19300.0,17600.0,Thu Feb 12 2015 04:00:00 GMT-0800 (PST)
2015,chevrolet,Corvette,Stingray,Coupe,other,1g1ya2d76f5104662,Georgia,48.0,1446.0,white,black,kern automotive group inc,52900.0,52250.0,Tue Feb 10 2015 01:30:00 GMT-0800 (PST)
2009,cadillac,SRX,V8,SUV,automatic,1gyee53a390107219,Missouri,34.0,97696.0,gold,tan,sullivan auto group llc,11950.0,12300.0,Tue Feb 10 2015 02:30:00 GMT-0800 (PST)
2002,suzuki,Vitara,JLS,SUV,manual,2s3te52v326109889,Puerto Rico,2.0,187966.0,beige,gray,select remarketing group llc/anderson financial,975.0,600.0,Thu Feb 12 2015 04:00:00 GMT-0800 (PST)
1999,nissan,Altima,SE Limited,Sedan,other,1n4dl01d5xc268681,Louisiana,46.0,99554.0,gold,beige,westfall auto sales,1225.0,3500.0,Wed Feb 18 2015 02:40:00 GMT-0800 (PST)
1998,audi,A4,2.8 Avant quattro,Wagon,automatic,waugd28d5wa117370,Maryland,28.0,189605.0,white,brown,manheim baltimore-washington,825.0,1250.0,Tue Feb 10 2015 01:30:00 GMT-0800 (PST)
1997,honda,Prelude,Type SH,Coupe,manual,jhmbb6155vc006560,California,19.0,139236.0,white,black,south county lexus at mission viejo,1550.0,2500.0,Wed Feb 11 2015 03:30:00 GMT-0800 (PST)
2014,jaguar,XJ,XJR LWB,Sedan,automatic,sajwa2ek1emv58762,California,42.0,22263.0,gray,black,jaguar north america llc,78000.0,77000.0,Thu Feb 12 2015 04:30:00 GMT-0800 (PST)
2013,audi,A4,2.0T Prestige,Sedan,automatic,waujfafl0dn049375,California,24.0,8570.0,black,beige,high bid trading co inc,26800.0,26250.0,Thu Feb 12 2015 04:00:00 GMT-0800 (PST)
2014,chevrolet,Silverado 1500,Z71 LT,Double Cab,automatic,1gcrcreh4ez145983,Texas,49.0,19597.0,brown,black,bank of the west,24500.0,23000.0,Thu Feb 12 2015 03:00:00 GMT-0800 (PST)
2013,nissan,NV,2500 S,Van,automatic,1n6bf0ly1dn102423,Louisiana,29.0,27420.0,white,gray,enterprise veh exchange/rental,15650.0,18200.0,Wed Feb 11 2015 02:00:00 GMT-0800 (PST)
2012,porsche,911,Carrera 4 GTS,Convertible,automatic,wp0cb2a91cs754162,California,49.0,15565.0,white,black,porsche of fresno audi fresno,74000.0,74000.0,Thu Feb 12 2015 04:30:00 GMT-0800 (PST)
2010,Volkswagen,New Beetle,2.5L Final Edition,Convertible,other,3vwrw3al1am003033,North Carolina,49.0,52670.0,blue,black,medlin buick gmc mazda,11100.0,12600.0,Tue Feb 10 2015 01:15:00 GMT-0800 (PST)
2008,subaru,Forester,2.5 X L.L.Bean Edition,Wagon,automatic,jf1sg67608h701111,Ohio,28.0,116331.0,red,beige,byers imports llc,8275.0,7500.0,Tue Feb 10 2015 01:30:00 GMT-0800 (PST)
2007,lamborghini,Gallardo,Spyder,Convertible,automatic,zhwgu22t47la04447,Florida,42.0,8824.0,yellow,black,tdaf remarketing,120000.0,117500.0,Tue Feb 10 2015 01:00:00 GMT-0800 (PST)
2006,Dodge,Sprinter Cargo,3500 High Roof 140 WB,Van,automatic,wd0pd444465862468,California,19.0,173754.0,white,blue,california auto exchange,6050.0,6600.0,Wed Feb 11 2015 04:30:00 GMT-0800 (PST)
2006,subaru,Outback,3.0 R,Wagon,automatic,4s4bp84c364325424,Maryland,29.0,122735.0,silver,black,annapolis subaru inc,6300.0,3300.0,Tue Feb 10 2015 01:30:00 GMT-0800 (PST)
2005,chevrolet,Malibu Maxx,Fleet,Hatchback,automatic,1g1zs64805f295893,California,29.0,79758.0,white,gray,lease plan usa,3925.0,3900.0,Thu Feb 19 2015 04:00:00 GMT-0800 (PST)
2004,jeep,Liberty,Rocky Mountain,SUV,other,1j4gk48k84w264599,California,23.0,151927.0,black,gray,south county fiat at mission viejo,2650.0,2800.0,Wed Feb 11 2015 04:30:00 GMT-0800 (PST)
2015,chrysler,200,C,Sedan,automatic,1c3ccccb4fn523962,Illinois,4.0,3776.0,gray,beige,chrysler group llc,18600.0,21300.0,Thu Feb 26 2015 03:00:00 GMT-0800 (PST)
1999,isuzu,Amigo,S,SUV,automatic,4s2ck57w1x4357189,Florida,39.0,174211.0,silver,gray,autonation nissan orange park,750.0,1600.0,Tue Feb 10 2015 10:00:00 GMT-0800 (PST)
1996,acura,Integra,Special Edition,Hatchback,automatic,jh4dc4462ts026458,Virginia,2.0,204878.0,green,tan,purple heart,1600.0,1450.0,Thu Feb 12 2015 03:50:00 GMT-0800 (PST)
2000,subaru,Impreza,RS,Sedan,manual,jf1gc6757yg501275,Virginia,19.0,118569.0,silver,gray,safford chrysler jeep dodge of fredericksburg,2675.0,800.0,Thu Feb 12 2015 01:05:00 GMT-0800 (PST)
2013,mercedes-benz,E-Class,E400 Hybrid,Sedan,automatic,wddhf9fb7da739354,California,49.0,6219.0,white,black,mercedes-benz usa,28800.0,31000.0,Thu Feb 12 2015 04:00:00 GMT-0800 (PST)
2013,porsche,911,Carrera 4,Convertible,automatic,wp0ca2a91ds141043,California,43.0,10576.0,black,black,mckenna audi/mckenna bmw,75000.0,78500.0,Thu Feb 12 2015 04:00:00 GMT-0800 (PST)
2013,tesla,Model S,Base,Sedan,automatic,5yjsa1cg0dfp03917,California,48.0,14238.0,black,beige,stanford car co,68000.0,65000.0,Wed Feb 11 2015 04:30:00 GMT-0800 (PST)
2012,bentley,Continental Flying Spur Speed,Base,Sedan,automatic,scbbp9za3cc077116,Texas,39.0,15385.0,brown,black,park place motorcars,106000.0,105000.0,Thu Feb 12 2015 03:00:00 GMT-0800 (PST)
2010,toyota,Prius,I,Hatchback,automatic,jtdkn3du0a5027597,Pennsylvania,42.0,55315.0,silver,gray,fairfield toyota,11600.0,12100.0,Fri Feb 13 2015 01:00:00 GMT-0800 (PST)
2008,porsche,911,GT2,Coupe,automatic,wp0ad299x8s783673,California,46.0,31347.0,red,black,sports trend auto sales,67000.0,65500.0,Thu Feb 12 2015 04:30:00 GMT-0800 (PST)
2000,gmc,Savana Cargo,G3500,Van,automatic,1gthg39rxy1163455,Pennsylvania,19.0,43215.0,white,blue,wheels exchange llc,2525.0,3100.0,Tue Feb 17 2015 01:30:00 GMT-0800 (PST)
1998,mitsubishi,3000GT,Base,Hatchback,automatic,ja3am44hxwy002279,Florida,2.0,216279.0,red,beige,coggin honda,1500.0,2000.0,Thu Feb 12 2015 05:00:00 GMT-0800 (PST)
1997,Ford,Taurus,G,Sedan,automatic,1falp51u9va314518,North Carolina,35.0,78241.0,silver,gray,hendrick kia of cary,500.0,2300.0,Mon Feb 16 2015 01:30:00 GMT-0800 (PST)
2014,maserati,Quattroporte,GTS,Sedan,other,zam56ppa4e1074983,Florida,48.0,12863.0,black,brown,lauderdale infiniti,93000.0,87750.0,Fri Feb 13 2015 01:35:00 GMT-0800 (PST)
2013,audi,TT RS,quattro,Coupe,manual,trub3afk8d1900262,Pennsylvania,44.0,36125.0,black,black,r hollenshead auto sales inc,41200.0,42500.0,Fri Feb 13 2015 01:00:00 GMT-0800 (PST)
2013,bentley,Continental GTC,V8,Convertible,automatic,scbgt3za7dc084568,Florida,44.0,2968.0,black,red,the collection,152000.0,163000.0,Thu Feb 12 2015 01:15:00 GMT-0800 (PST)
2015,subaru,WRX,Base,Sedan,manual,jf1va1a65f9806583,Pennsylvania,48.0,4231.0,silver,black,salerno duane infiniti llc,25300.0,25600.0,Fri Feb 13 2015 01:15:00 GMT-0800 (PST)
1990,nissan,300ZX,GS,Hatchback,manual,jn1rz24a1lx006044,Texas,1.0,181363.0,red,red,remarketing by ge/midsouth capital lp,1500.0,200.0,Thu Mar 05 2015 06:00:00 GMT-0800 (PST)
2014,tesla,Model S,85,Sedan,automatic,5yjsa1h11efp43347,Texas,49.0,3746.0,blue,tan,remarketing by ge/alliant credit union,75000.0,73000.0,Thu Mar 05 2015 03:00:00 GMT-0800 (PST)
2012,porsche,Panamera,Turbo S,Sedan,automatic,wp0ac2a73cl090816,California,44.0,9408.0,white,beige,luxury auto group llc,88000.0,87500.0,Thu Feb 12 2015 04:30:00 GMT-0800 (PST)
2008,infiniti,M45,x,Sedan,automatic,jnkby01f78m550979,Georgia,28.0,87902.0,white,beige,drivetime,12400.0,11400.0,Thu Feb 12 2015 02:00:00 GMT-0800 (PST)
2005,gmc,Sierra 3500,Base,Crew Cab,automatic,1gtjk33275f884147,Ohio,28.0,123419.0,white,gray,wells fargo dealer services,19000.0,17300.0,Tue Feb 17 2015 04:00:00 GMT-0800 (PST)
2005,honda,Civic,LX Special Edition,Coupe,automatic,1hgem225x5l018804,Texas,35.0,124816.0,silver,black,dt credit corporation,3475.0,4200.0,Tue Feb 17 2015 03:00:00 GMT-0800 (PST)
2014,nissan,Juke,NISMO RS,Hatchback,automatic,jn8df5mr9et100226,Illinois,5.0,4342.0,silver,black,nissan north america inc.,20900.0,19000.0,Tue Feb 17 2015 02:00:00 GMT-0800 (PST)
2013,nissan,NV,3500 SV,Van,automatic,1n6af0ly8dn100082,Tennessee,49.0,9246.0,gray,gray,nissan north america inc.,19650.0,25200.0,Thu Feb 26 2015 02:00:00 GMT-0800 (PST)
2002,chevrolet,Express,1500,Van,automatic,1gnfg15r521228843,Ohio,26.0,145446.0,brown,gray,pat o'brien chevrolet west,4325.0,2700.0,Tue Feb 17 2015 01:30:00 GMT-0800 (PST)
2013,honda,Civic,EX PZEV,Sedan,automatic,19xfb2f88de270295,California,44.0,14790.0,white,tan,toms truck center inc,14800.0,15300.0,Thu Feb 12 2015 04:00:00 GMT-0800 (PST)
2015,volvo,XC60,T5 Drive-E Premier,SUV,automatic,yv440mdb8f2609321,Tennessee,41.0,10072.0,black,black,volvo na rep/world omni,30000.0,29500.0,Wed Feb 18 2015 02:30:00 GMT-0800 (PST)
2001,mazda,B-Series,B3000 SE,Cab Plus 4,other,4f4yr16u81tm00372,Florida,29.0,153417.0,black,gray,autonation ford sanford,1700.0,2600.0,Tue Feb 17 2015 10:00:00 GMT-0800 (PST)
1998,bmw,7 Series,750iL,Sedan,automatic,wbagk232xwdh69706,New Jersey,2.0,166362.0,white,beige,nedals inc,2150.0,1600.0,Wed Mar 04 2015 01:00:00 GMT-0800 (PST)
2012,bmw,ActiveHybrid 5,Base,Sedan,automatic,wbafz9c55cc751672,Washington,43.0,34246.0,gray,black,financial services remarketing (lease),24500.0,27250.0,Wed Feb 18 2015 04:30:00 GMT-0800 (PST)
2011,subaru,Legacy,3.6R Premium,Sedan,automatic,4s3bmdc62b2253204,New York,34.0,147392.0,blue,gray,dellarose llc,12250.0,6999.0,Wed Mar 04 2015 02:30:00 GMT-0800 (PST)
2009,mercedes-benz,R-Class,R320 BlueTEC,Wagon,automatic,4jgcb25e69a083380,Missouri,22.0,102679.0,gold,gold,ozark motor sports,14200.0,10400.0,Wed Feb 18 2015 02:30:00 GMT-0800 (PST)
2005,suzuki,Grand Vitara,LX,SUV,automatic,js3te62v554100719,Florida,19.0,147151.0,beige,tan,coggin honda of ft pierce,2800.0,2900.0,Tue Feb 17 2015 10:00:00 GMT-0800 (PST)
2011,cadillac,SRX,Turbo Premium,SUV,other,3gyfnke60bs549644,Pennsylvania,4.0,54441.0,black,black,salerno duane infiniti llc,23100.0,23500.0,Fri Feb 27 2015 01:15:00 GMT-0800 (PST)
2009,gmc,Sierra 1500 Hybrid,Base,Crew Cab,automatic,3gtfk135x9g271612,Washington,41.0,91415.0,beige,black,crossborder vehicle sales ltd,18350.0,16000.0,Wed Feb 18 2015 04:30:00 GMT-0800 (PST)
2006,gmc,Sierra 3500,SL1,Crew Cab,automatic,1gtjk33d86f173754,Utah,21.0,171914.0,silver,gray,auto focus inc,15600.0,15500.0,Wed Feb 18 2015 03:30:00 GMT-0800 (PST)
2001,acura,Integra,GS-R,Hatchback,manual,jh4dc23971s001813,California,25.0,125378.0,black,black,garys auto sales inc,2900.0,5500.0,Thu Feb 19 2015 04:00:00 GMT-0800 (PST)
2000,mercedes-benz,ML55 AMG,Base,SUV,automatic,4jgab74e9ya167374,California,26.0,151070.0,green,black,high bid trading co inc,3275.0,3100.0,Wed Feb 18 2015 04:15:00 GMT-0800 (PST)
2014,subaru,Forester,2.0XT Premium,SUV,automatic,jf2sjgdc5eh521261,California,41.0,28403.0,white,black,mercedes benz of laguna niguel,23500.0,23000.0,Wed Feb 25 2015 04:30:00 GMT-0800 (PST)
2013,fiat,500,t Turbo,Hatchback,manual,3c3cffhhxdt561361,Pennsylvania,42.0,18470.0,black,black,dodge of paramus inc,11150.0,10500.0,Fri Mar 06 2015 01:00:00 GMT-0800 (PST)
2012,hyundai,Tucson,Limited PZEV,SUV,automatic,km8ju3ac8cu335759,North Carolina,39.0,69628.0,silver,black,primeritus remarketing/aas,11600.0,13200.0,Mon Mar 02 2015 01:30:00 GMT-0800 (PST)
2004,gmc,Canyon,Z71 SL,Extended Cab,automatic,1gtdt196648121242,New York,19.0,142017.0,red,gray,credit acceptance corp/vrs/southfield,4625.0,3150.0,Thu Feb 26 2015 01:15:00 GMT-0800 (PST)
2012,acura,ZDX,Advance Package,Hatchback,automatic,2hnyb1h60ch501136,California,44.0,31189.0,black,black,american honda motor company,29500.0,29000.0,Thu Feb 26 2015 12:00:00 GMT-0800 (PST)
2011,cadillac,DTS,Platinum,Sedan,automatic,1g6kp5es5bu142208,North Carolina,39.0,65928.0,gray,black,primeritus remarketing/aas,18600.0,17500.0,Mon Feb 23 2015 01:30:00 GMT-0800 (PST)
2009,chrysler,Sebring,Touring Fleet,Sedan,automatic,1c3lc56b29n557765,Florida,35.0,112744.0,silver,black,mid atlantic finance/clearwater,4300.0,5000.0,Thu Feb 19 2015 15:00:00 GMT-0800 (PST)
2007,isuzu,Ascender,S,SUV,automatic,4nuds13s372700869,California,27.0,139936.0,burgundy,beige,lithia nissan of fresno,1950.0,3300.0,Thu Feb 19 2015 05:00:00 GMT-0800 (PST)
1999,Volkswagen,Jetta,GLS VR6 (1999.5),Sedan,automatic,3vwse29m6xm097849,Florida,27.0,115205.0,gray,black,credit acceptance corp/vrs/southfield,1350.0,700.0,Thu Feb 19 2015 17:00:00 GMT-0800 (PST)
2013,Volkswagen,Beetle Convertible,TDI,Beetle Convertible,automatic,3vw5l7at4dm822606,California,38.0,14192.0,unknown,beige,volkswagen credit inc/sc,19700.0,18000.0,Thu Feb 26 2015 04:30:00 GMT-0800 (PST)
2013,Ford,E-Series Wagon,E-150 XLT,Van,automatic,1fmne1bw0ddb05159,Texas,44.0,38988.0,unknown,gray,ars/enterprise,17750.0,17300.0,Thu Feb 26 2015 02:30:00 GMT-0800 (PST)
1993,chevrolet,S-10 Blazer,Base,SUV,automatic,1gndt13w1p2106526,Colorado,3.0,112264.0,red,gray,dt inventory,550.0,900.0,Wed Feb 25 2015 03:45:00 GMT-0800 (PST)
2014,Dodge,Journey,Crossroad,SUV,automatic,3c4pdcgb2et261250,Texas,5.0,4993.0,red,black,fiserv/citizens one auto finance,18950.0,21100.0,Wed Feb 25 2015 02:00:00 GMT-0800 (PST)
2007,audi,RS 4,quattro,Sedan,manual,wuaru78e87n905235,Missouri,34.0,96939.0,blue,black,randy curnow buick gmc inc,22400.0,23000.0,Wed Feb 25 2015 02:30:00 GMT-0800 (PST)
2003,Lincoln,Town Car,Premium Cartier,Sedan,automatic,1lnhm83w63y634498,Florida,26.0,130698.0,beige,beige,mercedes-benz of ft pierce,2950.0,2900.0,Tue Mar 03 2015 10:00:00 GMT-0800 (PST)
2002,Ford,Escort,Premium Fleet,Sedan,automatic,3fafp13p32r193497,Utah,21.0,122177.0,white,gray,remarketing by ge/america first credit union,1025.0,1800.0,Wed Feb 25 2015 03:30:00 GMT-0800 (PST)
2001,Dodge,Ram Cargo,1500,Van,automatic,2b7hb11yx1k524716,Florida,19.0,196474.0,white,tan,autonation ford fort lauderdale,1075.0,400.0,Tue Feb 24 2015 10:00:00 GMT-0800 (PST)
1997,honda,Accord,Value,Sedan,automatic,1hgcd5685va178288,California,19.0,213315.0,beige,beige,enterprise car sales/orange,750.0,850.0,Wed Feb 25 2015 04:30:00 GMT-0800 (PST)
1997,toyota,T100,SR5,Extended Cab,automatic,jt4un24d5v0044496,Maryland,31.0,211409.0,green,black,darcars imports inc,2825.0,1600.0,Tue Mar 03 2015 01:30:00 GMT-0800 (PST)
1995,bmw,3 Series,325is,Coupe,automatic,wbabf4323sek19002,Nevada,2.0,214355.0,red,â,titlemax/las vegas nv33,800.0,500.0,Thu Feb 26 2015 03:00:00 GMT-0800 (PST)
2015,toyota,Tacoma,TRD PRO,Double Cab,automatic,5tflu4en6fx116719,Texas,44.0,5098.0,white,gray,music city autoplex llc,31400.0,33000.0,Wed Feb 25 2015 02:20:00 GMT-0800 (PST)
2002,mazda,Truck,B3000 Dual Sport,Cab Plus,manual,4f4yr16u32tm08770,Georgia,42.0,115870.0,white,gray,five star ford lincoln mercury,3550.0,4100.0,Fri Feb 27 2015 03:00:00 GMT-0800 (PST)
2009,mazda,3,s Sport,Sedan,manual,jm1bk324591230323,California,29.0,70746.0,white,black,scott robinson chrysler jeep dodge ram,8500.0,8900.0,Tue Mar 03 2015 04:30:00 GMT-0800 (PST)
2006,Dodge,Sprinter,2500 High Roof 140 WB,Van,automatic,wd8pd644365887399,Michigan,2.0,163352.0,white,gray,ars-cpo,7775.0,7000.0,Thu Feb 26 2015 01:00:00 GMT-0800 (PST)
2011,bentley,Continental GTC Speed,Base,Convertible,automatic,scbdp3za1bc067673,California,45.0,38620.0,white,beige,high bid trading co inc,109000.0,111000.0,Thu Feb 26 2015 04:00:00 GMT-0800 (PST)
2011,Dodge,Nitro,Detonator,SUV,automatic,1d4pt6gxxbw554323,Tennessee,49.0,56896.0,white,red,t & s motors,14250.0,15100.0,Wed Feb 25 2015 02:30:00 GMT-0800 (PST)
2014,land rover,Range Rover,Ebony Edition,SUV,automatic,salgs2tfxea171739,California,44.0,10927.0,black,black,jaguar land rover north scottsdale,104000.0,105500.0,Thu Feb 26 2015 04:30:00 GMT-0800 (PST)
2010,acura,mdx,base,suv,other,2hnyd2h51ah506382,Pennsylvania,34.0,73997.0,white,gray,ford-lincoln dealer program,22000.0,22900.0,Fri Feb 27 2015 01:00:00 GMT-0800 (PST)
2005,suzuki,Reno,EX,Hatchback,manual,kl5jj66z85k082717,Virginia,2.0,116287.0,silver,gray,purple heart,2050.0,450.0,Thu Feb 26 2015 03:50:00 GMT-0800 (PST)
2002,Ford,Econoline Wagon,E-150 XL,Van,other,1fmre11l12hb53879,Pennsylvania,28.0,29083.0,green,tan,tdaf remarketing,3575.0,7000.0,Fri Feb 27 2015 01:00:00 GMT-0800 (PST)
2014,land rover,Range Rover,Base,SUV,automatic,salgr2wf6ea161085,California,41.0,10934.0,white,beige,high bid trading co inc,95000.0,93500.0,Thu Feb 26 2015 04:00:00 GMT-0800 (PST)
2014,Ford,Mustang,V6 Premium,Coupe,automatic,1zvbp8am7e5222336,Tennessee,44.0,38897.0,blue,black,ars/avis budget group,17550.0,18400.0,Wed Mar 04 2015 02:00:00 GMT-0800 (PST)
2015,Ford,Transit Van,250 Medium Roof,Transit Van,automatic,1ftnr2cm0fka01670,Tennessee,45.0,4203.0,white,â,ford-lincoln dealer program,24200.0,27000.0,Wed Mar 04 2015 02:30:00 GMT-0800 (PST)
2011,audi,A3,2.0T Premium quattro,Wagon,other,waumfafm9ba120051,Pennsylvania,41.0,24647.0,gray,black,alans autos,22700.0,23000.0,Fri Feb 27 2015 01:00:00 GMT-0800 (PST)
2010,Volkswagen,Jetta,TDI Cup Edition,Sedan,automatic,3vwhl7ajxam153734,New Jersey,28.0,88426.0,white,black,lester glenn buick,10750.0,9900.0,Wed Mar 04 2015 01:30:00 GMT-0800 (PST)
2011,cadillac,STS,V6 Premium,Sedan,automatic,1g6dx6ed0b0161711,Georgia,27.0,41194.0,red,tan,primeritus remarketing/compass bank,17450.0,18700.0,Tue Mar 03 2015 01:30:00 GMT-0800 (PST)
2004,Dodge,Sprinter Cargo,2500 118 WB,Van,automatic,wd2pd144245619258,Pennsylvania,24.0,141273.0,unknown,gray,r hollenshead auto sales inc,4275.0,6600.0,Fri Feb 27 2015 01:00:00 GMT-0800 (PST)
1996,Ford,F-250,HD XLT,Regular Cab,other,2fthf25h3tca53767,Missouri,2.0,180819.0,white,brown,ge fleet services for itself/servicer,1050.0,1100.0,Wed Mar 04 2015 02:30:00 GMT-0800 (PST)
1996,suzuki,Sidekick,Sport JLX,SUV,automatic,js3td21v3t4106125,Virginia,2.0,187012.0,black,gray,purple heart,650.0,1000.0,Thu Mar 05 2015 03:50:00 GMT-0800 (PST)
1993,pontiac,Grand Prix,LE,Sedan,automatic,1g2wh54t5pf313495,California,3.0,96506.0,white,gray,charitable auto resource,725.0,800.0,Tue Mar 03 2015 04:00:00 GMT-0800 (PST)
2004,mazda,6,i,Hatchback,automatic,1yvhp84c045n63165,California,26.0,160770.0,gray,gray,sierra auto investment co,2075.0,2500.0,Tue Mar 03 2015 04:00:00 GMT-0800 (PST)
2013,mazda,3,i Sport,Sedan,other,jm1bl1uf5d1772725,unknown,41.0,60726.0,red,black,enterprise rent a car/london,11200.0,10400.0,Tue Mar 03 2015 02:00:00 GMT-0800 (PST)
2014,chevrolet,Camaro,Z/28,Coupe,manual,2g1fs1ee1e9700064,Texas,48.0,783.0,black,black,pm standley motorcars,61000.0,59900.0,Wed Mar 04 2015 02:20:00 GMT-0800 (PST)
2012,porsche,Cayman,R,Coupe,manual,wp0ab2a81cs793168,California,47.0,15829.0,black,beige,premier motors,60000.0,59000.0,Wed Mar 04 2015 04:30:00 GMT-0800 (PST)
2003,Ford,Taurus,SE Premium,Wagon,automatic,1fafp58s53a203284,Massachusetts,32.0,52874.0,beige,tan,flood ford of east greenwich,2475.0,1900.0,Tue Mar 03 2015 02:00:00 GMT-0800 (PST)
2001,mercury,Villager,Base,Minivan,automatic,4m2zv11t21dj11502,North Carolina,19.0,167922.0,silver,gray,rick hendrick city chevrolet,675.0,1500.0,Wed Mar 04 2015 06:00:00 GMT-0800 (PST)
1998,Ford,E-250,Econoline,Van,automatic,1ftpe2425whb38148,Puerto Rico,3.0,127919.0,white,gray,ari,1675.0,500.0,Thu Mar 05 2015 02:00:00 GMT-0800 (PST)
1991,bmw,8 Series,850i,Coupe,automatic,wbaeg231xmcb73952,California,2.0,106148.0,white,gray,rover of orange,7600.0,6750.0,Wed Mar 04 2015 04:30:00 GMT-0800 (PST)
1991,mercedes-benz,420-Class,420SEL,Sedan,automatic,wdbca35e0ma592112,California,2.0,166788.0,white,beige,aaero sweet corporation,1750.0,1400.0,Wed Mar 04 2015 03:30:00 GMT-0800 (PST)
2009,volvo,S60,2.5T SE,Sedan,other,yv1rs592292723718,Pennsylvania,38.0,89994.0,black,black,adcock brothers inc,7100.0,8200.0,Fri Mar 06 2015 01:00:00 GMT-0800 (PST)
2007,Dodge,Sprinter,2500 144 WB,Van,other,wd8pe745475200685,Pennsylvania,36.0,137668.0,gray,black,r hollenshead auto sales inc,14600.0,14200.0,Fri Mar 06 2015 01:00:00 GMT-0800 (PST)
2004,mazda,B-Series Truck,B2300,Regular Cab,automatic,4f4yr12d44tm08799,Puerto Rico,21.0,85349.0,white,gray,subasta & subasta,3475.0,3500.0,Thu Mar 05 2015 03:30:00 GMT-0800 (PST)
1998,Ford,E-350,XLT Super Club Wagon,Van,other,1fbss31l6wha50588,North Carolina,28.0,241805.0,white,gray,ge fleet services for itself/servicer,1275.0,1600.0,Tue Mar 10 2015 02:15:00 GMT-0700 (PDT)
1997,mitsubishi,Montero,LS,SUV,automatic,ja4mr41r0vj006565,Texas,19.0,161159.0,burgundy,beige,autonation nissan lewisville,1025.0,900.0,Thu Mar 05 2015 03:00:00 GMT-0800 (PST)
2014,tesla,Model S,60,Sedan,automatic,5yjsa1s1xefp33246,Illinois,37.0,16962.0,gray,black,import exchange inc,75000.0,68500.0,Thu Mar 05 2015 02:00:00 GMT-0800 (PST)
2013,mazda,3,i Grand Touring,Hatchback,other,jm1bl1mp7d1805541,Pennsylvania,49.0,11334.0,gray,black,bergen auto enterprises llc,16450.0,16700.0,Fri Mar 06 2015 01:00:00 GMT-0800 (PST)
2015,subaru,WRX,STI Limited,Sedan,manual,jf1va2s66f9803499,Pennsylvania,47.0,9266.0,blue,black,rjk auto brokers llc,35400.0,36200.0,Fri Mar 06 2015 01:00:00 GMT-0800 (PST)
2013,Volkswagen,CC,VR6 Lux,Sedan,automatic,wvwhu7an1de506620,Florida,43.0,16996.0,silver,black,the collection,23400.0,23300.0,Thu Mar 05 2015 01:15:00 GMT-0800 (PST)
1998,oldsmobile,Achieva,SL,Sedan,automatic,1g3nl52mxwm317652,Pennsylvania,19.0,168961.0,green,black,hertz remarketing,325.0,500.0,Fri Mar 06 2015 01:00:00 GMT-0800 (PST)
1993,mercedes-benz,300-Class,300SE,Sedan,automatic,wdbga32e3pa103907,Florida,3.0,84422.0,gold,beige,autonation acura sanford,1175.0,1100.0,Tue Mar 10 2015 11:00:00 GMT-0700 (PDT)
2008,isuzu,i-Series,i-290 S,Extended Cab,automatic,1ggcs199788702195,North Carolina,19.0,89360.0,silver,gray,fred anderson toyota/scion,5400.0,7000.0,Mon Mar 09 2015 02:00:00 GMT-0700 (PDT)
1993,mercedes-benz,300-Class,300E 2.8,Sedan,automatic,wdbea28expb964438,Maryland,3.0,112338.0,gold,beige,annapolis subaru inc,900.0,900.0,Tue Mar 10 2015 02:30:00 GMT-0700 (PDT)
2015,bmw,3 Series Gran Turismo,328i xDrive SULEV,Hatchback,automatic,wba8z5c53fd672291,New Jersey,49.0,6502.0,unknown,black,bmw na manheim new jersey,39500.0,57000.0,Tue Apr 07 2015 07:00:00 GMT-0700 (PDT)
2015,volvo,XC60,T5 Premier,SUV,automatic,yv4612rk5f2628749,California,39.0,17069.0,gray,beige,volvo na rep/world omni,32100.0,31500.0,Thu Jun 04 2015 05:30:00 GMT-0700 (PDT)
2015,Volkswagen,Jetta,SE PZEV w/Connectivity,Navitgation,other,automatic,unknown,,46.0,unknown,silver,gray,,13200.0,16500
2015,hyundai,Sonata,Sport 2.0T,Sedan,automatic,5npe34ab2fh007077,Texas,37.0,10720.0,brown,black,hyundai motor america/co car,22500.0,22200.0,Wed Jun 17 2015 03:30:00 GMT-0700 (PDT)
2015,porsche,Macan,Turbo,SUV,other,wp1af2a54flb90853,Pennsylvania,5.0,8477.0,blue,tan,royal coast auto inc,79000.0,75000.0,Thu Jun 11 2015 02:30:00 GMT-0700 (PDT)
2014,mercedes-benz,B-Class Electric Drive,Base,Hatchback,automatic,wddvp9ab0ej002439,California,49.0,4502.0,blue,black,mercedes-benz financial services,27900.0,28750.0,Wed May 27 2015 05:30:00 GMT-0700 (PDT)
2015,volvo,XC60,3.2 Premier Plus,SUV,automatic,yv4952rc1f2613210,Pennsylvania,41.0,12202.0,silver,black,volvo na rep/world omni,24100.0,24000.0,Thu May 28 2015 02:00:00 GMT-0700 (PDT)
2014,mercedes-benz,E-Class,E400 Sport Hybrid,Sedan,other,wddhf9fb1ea822635,Pennsylvania,49.0,2561.0,black,â,mercedes-benz usa,42000.0,40000.0,Thu Jun 11 2015 02:00:00 GMT-0700 (PDT)
1993,cadillac,Fleetwood,Base,Sedan,other,1g6dw5279pr726522,Tennessee,1.0,1.0,black,â,titlemax/clarksville tn1,1475.0,350.0,Tue May 05 2015 03:00:00 GMT-0700 (PDT)
2001,oldsmobile,Alero,GL4,Sedan,automatic,1g3nl52t31c160732,Maryland,19.0,130805.0,red,gray,credit acceptance corp/vrs/southfield,1075.0,400.0,Tue Jun 02 2015 02:30:00 GMT-0700 (PDT)
1992,toyota,Paseo,Base,Coupe,automatic,jt2el45f9n0016960,California,3.0,338382.0,white,blue,purple heart services inc,150.0,150.0,Wed May 06 2015 04:00:00 GMT-0700 (PDT)
1993,honda,Civic del Sol,S,Coupe,manual,jhmeg1147ps011325,Nevada,2.0,190155.0,red,â,automotive remarketing inc,1300.0,450.0,Thu May 21 2015 04:00:00 GMT-0700 (PDT)
2015,Dodge,Challenger,SXT Plus,Coupe,automatic,2c3cdzbgxfh704439,Florida,37.0,4539.0,white,black,chrysler capital,26900.0,26600.0,Thu May 14 2015 02:35:00 GMT-0700 (PDT)
2015,gmc,Yukon XL,SLE,SUV,automatic,1gks2gkcxfr170488,Illinois,35.0,20014.0,white,black,north york chrysler jeep dodge ram fiat,38000.0,37500.0,Thu May 28 2015 03:00:00 GMT-0700 (PDT)
2014,Volkswagen,Beetle Convertible,1.8T,Beetle Convertible,automatic,3vw517at1em809576,Florida,43.0,27481.0,yellow,black,avis corporation,19350.0,19000.0,Thu May 28 2015 02:15:00 GMT-0700 (PDT)
2007,lotus,Exige,S,Coupe,manual,sccvc11137hl80911,California,27.0,16932.0,black,black,gt3 auto group,40300.0,40800.0,Thu May 21 2015 05:30:00 GMT-0700 (PDT)
2002,mercury,Sable,GS Plus,Sedan,automatic,1mefm50u42g630739,Illinois,19.0,142400.0,red,gray,gateway financial services,600.0,750.0,Thu May 21 2015 07:00:00 GMT-0700 (PDT)
2009,land rover,LR3,V8,SUV,automatic,salac25429a510224,Michigan,43.0,107642.0,black,beige,jpmorgan chase bank n.a.,13650.0,14100.0,Thu May 14 2015 02:30:00 GMT-0700 (PDT)
2004,chevrolet,Silverado 3500,Base,Crew Cab,automatic,1gcjk33134f163734,Texas,19.0,170305.0,red,gray,pfs auto financial,12550.0,9700.0,Wed May 13 2015 03:00:00 GMT-0700 (PDT)
2015,hyundai,Sonata,Sport,Sedan,automatic,5npe34af5fh100422,Minnesota,38.0,13382.0,white,black,hyundai motor finance,17550.0,17300.0,Wed Jun 17 2015 03:30:00 GMT-0700 (PDT)
2014,chevrolet,Impala,LT Eco,Sedan,automatic,2g1135sr0e9158543,Michigan,5.0,28039.0,black,black,gm remarketing,21700.0,20500.0,Thu Jun 11 2015 02:30:00 GMT-0700 (PDT)
2015,bmw,7 Series,740Ld xDrive,Sedan,automatic,wbayg6c56fd383689,California,47.0,16583.0,white,brown,mercedes benz of fresno,67000.0,64000.0,Tue Jun 02 2015 05:30:00 GMT-0700 (PDT)
2015,kia,Sorento,Limited,SUV,automatic,5xykwda74fg652536,California,5.0,7962.0,white,gray,kia motors america  inc,31800.0,31500.0,Tue May 19 2015 05:00:00 GMT-0700 (PDT)
2015,chevrolet,Express,LT 3500,Van,automatic,1gazg1fg6f1106848,Florida,3.0,10001.0,white,gray,gm remarketing,27300.0,24600.0,Mon Jun 15 2015 06:00:00 GMT-0700 (PDT)
2015,nissan,Altima,2.5 SV,Sedan,automatic,1n4al3ap5fc136887,Hawaii,49.0,3254.0,white,black,nissan-infiniti lt,17250.0,17250.0,Wed Jun 17 2015 10:15:00 GMT-0700 (PDT)
2015,Volkswagen,Golf,TSI S,Hatchback,other,3vw217au5fm027200,New Jersey,1.0,4122.0,gray,black,avis tra,18200.0,11000.0,Wed May 20 2015 05:00:00 GMT-0700 (PDT)
2015,bmw,X4,xDrive35i,SUV,automatic,5uxxw5c53f0e87609,Georgia,5.0,6775.0,black,beige,financial services remarketing (lease),52600.0,52600.0,Wed May 27 2015 03:00:00 GMT-0700 (PDT)
2015,Volkswagen,Golf GTI,Autobahn,Hatchback,manual,3vw5t7au8fm016585,California,47.0,9639.0,black,black,volkswagen credit inc/sc,23400.0,22250.0,Thu May 21 2015 05:30:00 GMT-0700 (PDT)
2014,audi,SQ5,3.0T Prestige quattro,SUV,automatic,wa1vgafp7ea102189,California,48.0,9529.0,unknown,black,vw credit prequalified,51500.0,53500.0,Thu May 21 2015 05:30:00 GMT-0700 (PDT)
2014,chevrolet,Spark EV,2LT,Hatchback,automatic,kl8cl6s04ec410352,California,32.0,21263.0,silver,â,us bank,14950.0,12000.0,Tue May 19 2015 05:30:00 GMT-0700 (PDT)
1995,mitsubishi,3000GT,SL,Hatchback,other,ja3am84jxsy000424,Pennsylvania,1.0,184775.0,black,black,wayne auto sales inc,2000.0,500.0,Fri May 15 2015 02:00:00 GMT-0700 (PDT)
2009,cadillac,XLR,Platinum,Convertible,other,1g6yv36a695600515,Pennsylvania,43.0,26470.0,black,black,r hollenshead auto sales inc,36600.0,38000.0,Fri May 22 2015 02:00:00 GMT-0700 (PDT)
2015,ram,1500,Big Horn,Quad Cab,automatic,1c6rr7gt5fs524321,Pennsylvania,37.0,11746.0,blue,gray,enterprise veh exchange/rental,29400.0,28700.0,Fri May 22 2015 02:00:00 GMT-0700 (PDT)
2012,buick,Regal,Premium 2,Sedan,automatic,2g4gt5gk9c9153380,Michigan,41.0,41514.0,black,tan,fiserv/usb dealer services northstar exchange,14400.0,14700.0,Thu May 21 2015 02:30:00 GMT-0700 (PDT)
2015,kia,Optima,SX Turbo,Sedan,automatic,5xxgr4a61fg367172,Georgia,48.0,5857.0,white,black,kia motors finance,22800.0,24000.0,Thu May 21 2015 03:00:00 GMT-0700 (PDT)
1997,jaguar,XJ-Series,XJ6L,Sedan,automatic,sajhx6244vc790234,Maryland,2.0,150898.0,red,beige,select remarketing group llc/anderson financial,1175.0,250.0,Tue May 19 2015 06:00:00 GMT-0700 (PDT)
2015,Dodge,Grand Caravan,SE Plus,Minivan,automatic,2c4rdgbg4fr512468,Illinois,4.0,1552.0,gray,black,fca us llc,18550.0,19600.0,Thu Jun 04 2015 04:00:00 GMT-0700 (PDT)
2015,Ford,Transit Van,250 Low Roof,Transit Van,automatic,1ftyr2zm7fka18017,New York,34.0,12563.0,white,gray,ars/enterprise,25200.0,24400.0,Wed Jun 03 2015 02:20:00 GMT-0700 (PDT)
2015,Ford,Transit Van,150 Low Roof,Transit Van,automatic,1ftne9zm6fka33292,Missouri,5.0,18.0,white,gray,ford motor credit company,24900.0,25200.0,Tue May 26 2015 04:00:00 GMT-0700 (PDT)
2015,Ford,Transit Wagon,350 XL Low Roof,Van,automatic,1fbzx2zm9fka15957,Michigan,33.0,11993.0,white,gray,ars/enterprise,29000.0,28900.0,Wed May 20 2015 03:00:00 GMT-0700 (PDT)
2014,honda,Ridgeline,SE w/Leather and Navigation,Crew Cab,automatic,5fpyk1f6xeb012705,Tennessee,5.0,7364.0,black,gray,reddell honda,32600.0,29000.0,Tue May 26 2015 03:30:00 GMT-0700 (PDT)
2011,Ford,Expedition,EL XL,SUV,automatic,1fmjk1g50bef45865,Nebraska,23.0,174281.0,white,tan,ari,10450.0,5600.0,Wed May 20 2015 17:00:00 GMT-0700 (PDT)
2010,Dodge,Charger,Fleet,Sedan,automatic,2b3ck4cv0ah238001,Georgia,29.0,98385.0,black,gray,ge fleet services for itself/servicer,8700.0,10000.0,Thu May 21 2015 03:00:00 GMT-0700 (PDT)
2015,Ford,Mustang,EcoBoost,Coupe,automatic,1fa6p8th6f5319636,Florida,46.0,12270.0,black,black,enterprise rent a car,27000.0,25700.0,Thu May 21 2015 02:00:00 GMT-0700 (PDT)
2013,mazda,6,i Grand Touring,Sedan,automatic,1yvhz8ch4d5m00526,Pennsylvania,37.0,30180.0,black,black,hann financial services,15650.0,13800.0,Fri May 22 2015 02:00:00 GMT-0700 (PDT)
2014,audi,A7,TDI Prestige quattro,Sedan,automatic,wau2mafc6en036528,Florida,49.0,11003.0,black,black,germain bmw of naples,61000.0,57400.0,Tue Jun 02 2015 05:00:00 GMT-0700 (PDT)
2011,buick,Lucerne,CXL Premium,Sedan,other,1g4hj5em7bu127716,Indiana,48.0,122765.0,white,white,federated financial corporation,8925.0,8100.0,Thu Jun 04 2015 03:00:00 GMT-0700 (PDT)
2015,fiat,500,Ribelle,Hatchback,automatic,3c3cffar4ft607787,California,1.0,7775.0,white,gray,enterprise vehicle exchange / tra / rental / tulsa,10200.0,2000.0,Thu May 21 2015 05:30:00 GMT-0700 (PDT)
2009,subaru,Outback,3.0R Limited,Wagon,other,4s4bp85c694326800,Pennsylvania,25.0,119335.0,green,tan,worldwide auto wholesalers inc,12400.0,8700.0,Fri Jun 12 2015 02:00:00 GMT-0700 (PDT)
2001,hummer,H1,Wagon,SUV,automatic,137za84341e193591,California,21.0,65612.0,blue,gray,auto city sales/leasing,43400.0,45750.0,Thu May 28 2015 05:00:00 GMT-0700 (PDT)
2014,toyota,Highlander,LE Plus,SUV,other,5tdbkrfh1es005247,Pennsylvania,44.0,22765.0,burgundy,gray,classic toyota,29500.0,28000.0,Fri May 22 2015 02:00:00 GMT-0700 (PDT)
2013,mercedes-benz,SLS AMG GT,Base,Coupe,automatic,wddrj7jaxda009900,Florida,43.0,15019.0,gray,tan,bb&t asset disposal,160000.0,156500.0,Thu May 21 2015 02:35:00 GMT-0700 (PDT)
2010,mercedes-benz,Sprinter,3500 170 WB Cargo,Van,automatic,wd3pf4cc5a5463969,Pennsylvania,19.0,124339.0,blue,gray,wells auto group,16550.0,14100.0,Fri May 22 2015 02:15:00 GMT-0700 (PDT)
2014,chrysler,300,C John Varvatos Luxury,Sedan,automatic,2c3ccajt0eh149227,Pennsylvania,4.0,22367.0,black,brown,ge fleet or gefs by apex fleet as agent,32200.0,30000.0,Thu May 28 2015 02:30:00 GMT-0700 (PDT)
2014,Volkswagen,Touareg,X Special Edition,SUV,other,wvgep9bp3ed013885,Georgia,49.0,19800.0,black,beige,vw credit  inc/pilot,40500.0,42800.0,Wed May 27 2015 02:30:00 GMT-0700 (PDT)
2015,Ford,Transit Van,250 High Roof,Transit Van,automatic,1ftnr2xm7fka25054,Georgia,45.0,18397.0,white,black,budget rac of atlanta,24800.0,25500.0,Tue Jun 16 2015 02:30:00 GMT-0700 (PDT)
2005,mercedes-benz,CL-Class,CL65 AMG,Coupe,automatic,wdbpj79j85a045963,Florida,35.0,98298.0,black,black,metro ford inc,15450.0,17000.0,Fri May 22 2015 02:30:00 GMT-0700 (PDT)
1991,oldsmobile,Cutlass Ciera,Base,Sedan,automatic,1g3al54n4m6345520,North Carolina,1.0,170874.0,white,â,hendrick kia of cary,150.0,200.0,Mon May 25 2015 02:30:00 GMT-0700 (PDT)
2008,Dodge,Ram Pickup 2500,SXT,Mega Cab,automatic,3d7ks29a28g212454,Nevada,25.0,142590.0,blue,gray,prestige chrysler jeep dodge,22300.0,20000.0,Fri May 22 2015 05:00:00 GMT-0700 (PDT)
2003,gmc,Sierra 2500,Base,Extended Cab,automatic,1gtgk29u13z222900,Michigan,19.0,115492.0,blue,gray,automobiles paille inc,7825.0,6700.0,Thu May 21 2015 02:30:00 GMT-0700 (PDT)
2002,Ford,Explorer Sport Trac,Value,Crew Cab,other,1fmzu67e92ub18457,Texas,2.0,186022.0,beige,beige,automotive remarketing inc,3150.0,2500.0,Tue May 26 2015 03:30:00 GMT-0700 (PDT)
1991,nissan,300ZX,Base,Hatchback,manual,jn1rz24h7mx502139,Tennessee,1.0,183646.0,white,brown,easy money,2450.0,550.0,Tue May 26 2015 03:00:00 GMT-0700 (PDT)
2012,acura,RL,Technology Package,Sedan,automatic,jh4kb2f65cc000068,Pennsylvania,4.0,48228.0,black,black,alans autos,24200.0,23750.0,Fri May 22 2015 02:00:00 GMT-0700 (PDT)
2012,subaru,Tribeca,3.6R Premium,SUV,automatic,4s4wx9fd5c4401220,California,37.0,40781.0,unknown,gray,wheels exchange llc,19300.0,18250.0,Wed May 27 2015 05:30:00 GMT-0700 (PDT)
2014,bentley,Flying Spur,Base,Sedan,other,scbec9za8ec090326,Pennsylvania,5.0,2343.0,gray,gray,r hollenshead auto sales inc,166000.0,153250.0,Fri May 22 2015 02:00:00 GMT-0700 (PDT)
2014,Ford,Transit Connect,Cargo Van XL LWB,Minivan,automatic,nm0ls7e79e1144845,New York,47.0,18357.0,white,black,m and t bank,17850.0,19800.0,Wed May 27 2015 02:30:00 GMT-0700 (PDT)
2015,Dodge,Challenger,R/T Plus,Coupe,automatic,2c3cdzbt3fh714985,Texas,1.0,5973.0,white,black,bank of america,32500.0,22000.0,Tue May 26 2015 04:00:00 GMT-0700 (PDT)
2015,hyundai,Sonata,Eco,Sedan,automatic,5npe24aa0fh151012,Wisconsin,5.0,1018.0,gray,gray,robert preussler motors llc,19250.0,17800.0,Wed Jun 03 2015 03:00:00 GMT-0700 (PDT)
1997,geo,Metro,LSi,Sedan,automatic,2c1mr5291v6750017,Georgia,19.0,190301.0,red,gray,five star nissan,300.0,400.0,Fri May 29 2015 04:00:00 GMT-0700 (PDT)
2012,Volkswagen,CC,Lux Plus,Sedan,other,wvwhn7an4ce523956,Georgia,44.0,32309.0,gray,black,vw credit  inc/pilot,16600.0,17000.0,Wed May 27 2015 02:30:00 GMT-0700 (PDT)
2007,chevrolet,Silverado 2500HD Classic,LT1,Crew Cab,automatic,1gchk23d77f117198,Washington,11.0,182645.0,black,beige,jpmorgan chase bank n.a.,16600.0,7800.0,Wed May 27 2015 05:30:00 GMT-0700 (PDT)
2007,hyundai,Entourage,SE,Minivan,automatic,kndmc233076038085,Nebraska,29.0,106580.0,white,gray,sac fcu,2450.0,2600.0,Thu May 28 2015 05:30:00 GMT-0700 (PDT)
1996,oldsmobile,Eighty-Eight,Base,Sedan,automatic,1g3hn52k6t4854911,California,3.0,162076.0,white,gray,purple heart services inc,750.0,250.0,Wed May 27 2015 08:10:00 GMT-0700 (PDT)
1990,jaguar,XJ-Series,XJ6 Sovereign,Sedan,automatic,sajhy174xlc607411,Georgia,2.0,135657.0,blue,tan,capital auto auction,775.0,550.0,Thu May 28 2015 05:30:00 GMT-0700 (PDT)
2012,suzuki,Kizashi,S,Sedan,automatic,js2rf9a14c6100322,Ohio,34.0,62349.0,red,black,pauley motor car co preowned vehicles llc,9350.0,8500.0,Tue May 26 2015 02:30:00 GMT-0700 (PDT)
2015,jeep,Grand Cherokee SRT,Base,SUV,automatic,1c4rjfdj1fc661523,Georgia,47.0,6846.0,white,brown,boniface hiers chrysler dodge jeep,59300.0,61000.0,Wed May 27 2015 03:00:00 GMT-0700 (PDT)
2015,mercedes-benz,C-Class,C300,Sedan,automatic,55swf4jb5fu044407,Georgia,48.0,11635.0,white,tan,sixt rent a car llc,37300.0,35200.0,Thu May 28 2015 03:00:00 GMT-0700 (PDT)
2001,mercury,Villager,Estate,Minivan,other,4m2zv14t81dj14383,Georgia,19.0,208028.0,green,tan,carey paul honda,1000.0,300.0,Tue Jun 02 2015 05:30:00 GMT-0700 (PDT)
2014,Ford,Fusion Hybrid,S,Sedan,automatic,3fa6p0uu7er176687,Missouri,49.0,17560.0,red,gray,tdaf remarketing,16350.0,16800.0,Tue Jun 02 2015 03:30:00 GMT-0700 (PDT)
2015,lexus,RC F,Base,Coupe,automatic,jthhp5bc3f5000801,Florida,27.0,7218.0,white,black,lexus of north miami,66000.0,59800.0,Wed Jun 03 2015 03:15:00 GMT-0700 (PDT)
2012,Volkswagen,Touareg,Hybrid,SUV,other,wvgeg9bp5cd007213,Pennsylvania,43.0,35081.0,unknown,brown,vw credit,31300.0,27400.0,Thu May 28 2015 02:30:00 GMT-0700 (PDT)
2015,chevrolet,Corvette,Stingray Z51,Coupe,automatic,1g1ym2d76f5114714,Georgia,5.0,686.0,blue,brown,r m hollenshead auto sales inc,67000.0,65000.0,Wed May 27 2015 03:00:00 GMT-0700 (PDT)
2013,audi,Q5,3.0T Prestige quattro,SUV,automatic,wa1wgafp3da030121,Georgia,44.0,70403.0,black,brown,asbury automotive group,33700.0,29000.0,Thu May 28 2015 03:00:00 GMT-0700 (PDT)
2015,toyota,Camry,XSE,Sedan,automatic,4t1bf1fk6fu485697,Tennessee,46.0,12288.0,unknown,black,landers mclarty dge chry jeep,21300.0,21000.0,Wed May 27 2015 03:30:00 GMT-0700 (PDT)
2015,Volkswagen,Passat,Limited Edition,Sedan,automatic,1vwas7a35fc003707,Texas,5.0,3423.0,unknown,black,vw credit  inc/pilot,16950.0,17600.0,Thu May 28 2015 04:00:00 GMT-0700 (PDT)
1999,gmc,Sonoma,SLE,Extended Cab,automatic,1gtct19x8x8523529,California,19.0,78026.0,black,gray,palm springs nissan,2500.0,3700.0,Thu May 28 2015 05:00:00 GMT-0700 (PDT)
2013,infiniti,M,M56,Sedan,automatic,jn1ay1ap7dm540123,Mississippi,37.0,29469.0,white,gray,infiniti financial services,29100.0,35200.0,Thu May 28 2015 03:30:00 GMT-0700 (PDT)
2013,land rover,Range Rover Sport,GT Limited Edition,suv,other,salsf2d47da781320,Pennsylvania,41.0,51003.0,blue,tan,adcock brothers inc,42800.0,41000.0,Thu May 28 2015 02:00:00 GMT-0700 (PDT)
2015,jeep,Compass,Altitude Edition,suv,automatic,1c4njdbb2fd142909,Pennsylvania,45.0,15622.0,gray,black,enterprise veh exchange/rental,17750.0,17700.0,Fri May 29 2015 02:00:00 GMT-0700 (PDT)
2000,audi,TT,Base,coupe,manual,trutc28n8y1009640,Washington,26.0,109699.0,silver,black,haselwood chevrolet cadillac buick pontiac gmc,3325.0,3800.0,Wed May 27 2015 06:10:00 GMT-0700 (PDT)
2015,infiniti,Q60 Coupe,Sport Limited,q60 coupe,automatic,jn1cv6ek7fm870313,Florida,48.0,10369.0,red,black,nissan north america inc.,34600.0,34200.0,Wed Jun 03 2015 02:00:00 GMT-0700 (PDT)
2015,toyota,Avalon,XLE Touring SE,Sedan,automatic,4t1bk1eb4fu163234,Georgia,2.0,2642.0,silver,tan,enterprise vehicle exchange / tra / rental / tulsa,25500.0,19200.0,Thu May 28 2015 05:30:00 GMT-0700 (PDT)
2010,mazda,Tribute,i Sport,suv,automatic,4f2cy0c74akm03063,Texas,27.0,107957.0,silver,black,mike motors,5500.0,6500.0,Wed Jun 03 2015 03:00:00 GMT-0700 (PDT)
2003,isuzu,Ascender,LS,SUV,automatic,4nues16p232101290,Florida,33.0,117365.0,green,â,coggin deland hyundai,2800.0,3000.0,Thu May 28 2015 09:50:00 GMT-0700 (PDT)
2002,Ford,Explorer Sport,Value,suv,other,1fmyu60e92uc22999,Florida,26.0,118265.0,gold,tan,coral springs honda,1450.0,1550.0,Fri May 29 2015 02:30:00 GMT-0700 (PDT)
2014,honda,Accord Hybrid,Touring,sedan,automatic,1hgcr6f71ea003017,California,44.0,22561.0,silver,black,culver city honda,27000.0,26250.0,Wed Jun 03 2015 05:30:00 GMT-0700 (PDT)
2014,maserati,Ghibli,Base,sedan,other,zam57xsa5e1087729,Pennsylvania,46.0,784.0,silver,beige,sky motor cars,57800.0,57500.0,Thu May 28 2015 02:30:00 GMT-0700 (PDT)
2013,audi,A3,2.0 TDI Premium Plus,Wagon,other,waukjafm7da033001,Pennsylvania,46.0,60637.0,black,black,r hollenshead auto sales inc,20700.0,18500.0,Fri Jun 05 2015 02:00:00 GMT-0700 (PDT)
2015,audi,Q3,Premium Plus,SUV,automatic,wa1bfcfs2fr000386,Illinois,5.0,1404.0,unknown,black,vw credit xu ready,29400.0,30400.0,Tue Jun 02 2015 03:00:00 GMT-0700 (PDT)
2009,Volkswagen,GLI,PZEV,Sedan,other,3vwba71k19m072010,Pennsylvania,42.0,79343.0,gray,black,924 auto corp,9275.0,9900.0,Fri May 29 2015 02:15:00 GMT-0700 (PDT)
2014,Volkswagen,CC,Executive PZEV,sedan,automatic,wvwrp7an0ee535507,Illinois,29.0,15048.0,black,black,vw credit,23000.0,21200.0,Tue Jun 02 2015 03:00:00 GMT-0700 (PDT)
2013,audi,Q5,2.0T Prestige quattro,SUV,automatic,wa1c8afp8da020863,Florida,48.0,27999.0,black,tan,prestige audi,35500.0,36000.0,Fri May 29 2015 02:35:00 GMT-0700 (PDT)
2013,cadillac,ATS,Performance,sedan,automatic,1g6ac5sx4d0131461,Florida,44.0,17648.0,white,gray,fiserv/usb dealer services northstar exchange,25900.0,26400.0,Tue Jun 02 2015 02:15:00 GMT-0700 (PDT)
2013,infiniti,EX,EX37,suv,other,jn1bj0hr4dm480022,New Jersey,5.0,15588.0,white,black,nissan infiniti lt,27900.0,28250.0,Wed Jun 03 2015 02:30:00 GMT-0700 (PDT)
2015,bmw,4 Series Gran Coupe,435i,sedan,automatic,wba4b1c56fd955148,New Jersey,47.0,9391.0,white,black,bmw north america greer,46500.0,47000.0,Tue Jun 02 2015 07:00:00 GMT-0700 (PDT)
2015,bmw,4 Series Gran Coupe,428i xDrive SULEV,sedan,automatic,wba4c9c50fd330479,New Jersey,49.0,2524.0,unknown,black,bmw na manheim new jersey,46700.0,46500.0,Tue Jun 02 2015 07:00:00 GMT-0700 (PDT)
2015,bmw,4 Series Gran Coupe,428i xDrive,sedan,automatic,wba4a7c51fd414465,New Jersey,5.0,6435.0,black,black,bmw na manheim new jersey,45900.0,46500.0,Tue Jun 02 2015 07:00:00 GMT-0700 (PDT)
2015,subaru,WRX,Limited,Sedan,automatic,jf1va1g61f8803533,Florida,45.0,9037.0,gray,black,subaru of america,27800.0,24600.0,Tue Jun 02 2015 02:15:00 GMT-0700 (PDT)
2007,mercedes-benz,CLK-Class,CLK63 AMG,convertible,automatic,wdbtk77g87t079671,New Jersey,32.0,51835.0,white,black,wells fargo dealer services,20800.0,25800.0,Wed Jun 03 2015 02:30:00 GMT-0700 (PDT)
2003,mazda,MPV,LX-SV,minivan,other,jm3lw28a330361187,unknown,19.0,163278.0,silver,gray,the auto show inc,875.0,900.0,Tue Jun 09 2015 03:00:00 GMT-0700 (PDT)
2015,lexus,RC 350,Base,Coupe,automatic,jthse5bc8f5000479,Pennsylvania,47.0,968.0,black,red,valenti motors inc,46900.0,46750.0,Fri May 29 2015 02:15:00 GMT-0700 (PDT)
2015,Volkswagen,Beetle,1.8T Classic,hatchback,automatic,3vwf17at9fm616954,California,43.0,16044.0,white,black,sixt rent a car llc,13800.0,14500.0,Tue Jun 09 2015 05:30:00 GMT-0700 (PDT)
2011,bmw,ActiveHybrid 7,750i,sedan,automatic,wbakx6c57bc197083,Nevada,39.0,48614.0,black,black,bul connections llc,26300.0,29000.0,Fri May 29 2015 04:45:00 GMT-0700 (PDT)
2006,suzuki,Verona,Luxury,sedan,automatic,kl5vm56l56b185206,Illinois,19.0,120134.0,silver,gray,meridian remarketing,1125.0,700.0,Thu Jun 04 2015 03:00:00 GMT-0700 (PDT)
2014,honda,CR-V,EX-L w/Rear Entertainment,suv,automatic,5j6rm4h77el068347,Florida,46.0,26987.0,burgundy,gray,tdaf remarketing,23400.0,23200.0,Tue Jun 09 2015 02:00:00 GMT-0700 (PDT)
2015,Ford,Transit Wagon,350 XL High Roof,Van,other,1fbax2xmxfka29981,Georgia,5.0,17548.0,black,gray,ars/budget rac of atlanta,28800.0,33500.0,Tue Jun 02 2015 02:30:00 GMT-0700 (PDT)
2005,audi,S4,Avant quattro,wagon,automatic,wauxl68e45a017200,California,31.0,111438.0,gray,black,san francisco toyota,8550.0,8000.0,Wed Jun 03 2015 05:30:00 GMT-0700 (PDT)
1998,acura,CL,2.3 Premium,coupe,automatic,19uya3251wl010457,Georgia,25.0,158619.0,white,beige,enterprise leasing co. of georgia,1225.0,1900.0,Tue Jun 02 2015 06:10:00 GMT-0700 (PDT)
2014,toyota,Camry,SE Sport,sedan,automatic,4t1bf1fk2eu742689,Tennessee,43.0,27254.0,silver,black,231 car sales inc.,16350.0,15700.0,Wed Jun 03 2015 03:30:00 GMT-0700 (PDT)
2015,subaru,WRX,Premium,sedan,automatic,jf1va1d62f8813184,Florida,46.0,11005.0,silver,black,zimmerman auto brokers inc,27200.0,26500.0,Tue Jun 16 2015 02:30:00 GMT-0700 (PDT)
2015,mazda,3,i Touring,Sedan,automatic,jm1bm1v73f1251493,California,49.0,3904.0,red,black,mazda motors of america inc.,17400.0,17250.0,Tue Jun 02 2015 05:30:00 GMT-0700 (PDT)
2015,subaru,WRX,STI Launch Edition,sedan,manual,jf1va2w6xf9800633,Florida,42.0,10621.0,blue,black,braman motorcars,34700.0,29500.0,Thu Jun 04 2015 02:40:00 GMT-0700 (PDT)
2015,Volkswagen,Golf,TSI SE,hatchback,automatic,3vw217au4fm018987,Georgia,2.0,2447.0,gray,black,enterprise vehicle exchange / tra / rental / tulsa,18600.0,10100.0,Thu Jun 04 2015 05:30:00 GMT-0700 (PDT)
2009,Dodge,Ram Pickup 3500,SXT,mega cab,automatic,3d7mx49l29g529062,Texas,24.0,140627.0,black,gray,rlb investments,22800.0,24400.0,Wed Jun 03 2015 03:20:00 GMT-0700 (PDT)
2014,hyundai,Veloster,RE:FLEX,hatchback,automatic,kmhtc6ad1eu213768,Missouri,43.0,6453.0,white,black,van subaru,15000.0,15800.0,Wed Jun 03 2015 03:30:00 GMT-0700 (PDT)
2011,gmc,Savana,LS 1500,Van,automatic,1gks8cf48b1144667,Ohio,33.0,31228.0,blue,gray,exceptional motorcar llc,6525.0,37000.0,Tue Jun 02 2015 02:30:00 GMT-0700 (PDT)
2009,subaru,Forester,2.5XT,suv,automatic,jf2sh65649h709483,Pennsylvania,41.0,100028.0,gray,gray,r hollenshead auto sales inc,9900.0,10500.0,Fri Jun 05 2015 02:00:00 GMT-0700 (PDT)
2012,maserati,GranTurismo Convertible,Sport,granturismo convertible,other,zam45mma6c0060457,Pennsylvania,5.0,6325.0,unknown,brown,r hollenshead auto sales inc,86000.0,86750.0,Fri Jun 05 2015 02:00:00 GMT-0700 (PDT)
2009,audi,TTS,2.0T quattro,hatchback,automatic,truuf38jx91026231,California,28.0,62661.0,black,black,high bid trading co inc,21700.0,22000.0,Thu Jun 04 2015 05:00:00 GMT-0700 (PDT)
2008,nissan,350Z,NISMO,coupe,automatic,jn1bz34e18m751380,Colorado,42.0,23685.0,black,red,bellco fcu,18250.0,23700.0,Tue Jun 09 2015 05:00:00 GMT-0700 (PDT)
2003,Ford,Focus,ZX5 Premium,hatchback,automatic,3fafp37363r151541,Michigan,29.0,85128.0,silver,gray,dean sellers ford,2250.0,2900.0,Thu Jun 04 2015 02:30:00 GMT-0700 (PDT)
1991,chevrolet,C/K 1500 Series,Base,Regular Cab,manual,1gcdc14z4me127124,Texas,1.0,218570.0,black,blue,automotive remarketing inc,950.0,350.0,Tue Jun 09 2015 03:30:00 GMT-0700 (PDT)
2015,toyota,Prius,One,hatchback,automatic,jtdkn3du9f1909639,Illinois,49.0,4976.0,black,gray,chrysler capital,18150.0,17100.0,Tue Jun 09 2015 03:00:00 GMT-0700 (PDT)
2015,Dodge,Challenger,R/T Scat Pack,coupe,manual,2c3cdzfj6fh713760,Pennsylvania,4.0,6609.0,green,black,fca us llc,36400.0,39600.0,Thu Jun 11 2015 02:30:00 GMT-0700 (PDT)
2009,subaru,Legacy,2.5GT Limited,sedan,automatic,4s3bl676994217727,Illinois,19.0,53227.0,red,black,meridian remarketing,13500.0,12800.0,Tue Jun 09 2015 03:00:00 GMT-0700 (PDT)
2005,gmc,Sierra 3500,SLE,crew cab,automatic,1gthk33275f936584,Ohio,42.0,79143.0,red,gray,9209 0851 quebec inc,22800.0,22600.0,Tue Jun 09 2015 02:30:00 GMT-0700 (PDT)
1997,toyota,T100,DX,Extended Cab,automatic,jt4un22d7v0035317,Massachusetts,19.0,146938.0,blue,gray,boch toyota/scion south,1300.0,2500.0,Thu Jun 04 2015 11:30:00 GMT-0700 (PDT)
2015,toyota,Camry Hybrid,SE,Sedan,automatic,4t1bd1fk6fu143852,Maryland,35.0,19590.0,gray,gray,chrysler capital,26000.0,25500.0,Tue Jun 09 2015 02:30:00 GMT-0700 (PDT)
2015,bmw,X3,xDrive28d,SUV,other,5uxwy3c56f0e95102,Pennsylvania,48.0,8653.0,white,brown,bmw of silver spring,42900.0,39200.0,Thu Jun 11 2015 02:30:00 GMT-0700 (PDT)
2015,Ford,Transit Wagon,350 XL Medium Roof,Van,automatic,1fbax2cm0fka21524,South Carolina,33.0,22252.0,black,gray,enterprise veh exchange/rental,29100.0,27200.0,Thu Jun 11 2015 02:15:00 GMT-0700 (PDT)
2015,jeep,Grand Cherokee,Altitude,suv,automatic,1c4rjfag6fc625562,Michigan,5.0,18874.0,black,black,kevins marysville auto sales inc,32200.0,33100.0,Thu Jun 18 2015 02:30:00 GMT-0700 (PDT)
2010,nissan,GT-R,Base,coupe,automatic,jn1ar5ef8am231133,Florida,39.0,44852.0,white,gray,reeves import motorcars inc,54500.0,52700.0,Thu Jun 11 2015 02:45:00 GMT-0700 (PDT)
2009,pontiac,G8,GXP,sedan,automatic,6g2ep57w29l304278,Texas,31.0,74703.0,red,red,carphoria llc,26000.0,25800.0,Thu Jun 18 2015 03:30:00 GMT-0700 (PDT)
2007,ferrari,F430,Spider,convertible,other,zffew59a170151809,Pennsylvania,41.0,12937.0,gray,red,r hollenshead auto sales inc,121000.0,117500.0,Thu Jun 11 2015 02:00:00 GMT-0700 (PDT)
2007,saturn,Relay,1,minivan,automatic,5gzdv53157d122200,Michigan,31.0,85588.0,burgundy,gray,credit acceptance corp/vrs/southfield,4200.0,3000.0,Thu Jun 11 2015 02:30:00 GMT-0700 (PDT)
2006,maserati,Quattroporte,Sport GT,sedan,other,zamce39ax60025309,Pennsylvania,28.0,37607.0,black,black,luxor motor cars inc,20300.0,20600.0,Thu Jun 11 2015 02:30:00 GMT-0700 (PDT)
2005,ferrari,F430,Base,coupe,other,zffew58a650142876,Pennsylvania,46.0,10347.0,black,beige,r hollenshead auto sales inc,110000.0,109000.0,Thu Jun 11 2015 02:00:00 GMT-0700 (PDT)
2004,ferrari,360,Spider,Convertible,manual,zffyt53a840138209,Pennsylvania,39.0,16309.0,yellow,black,teatero motor products,80000.0,81000.0,Thu Jun 11 2015 02:30:00 GMT-0700 (PDT)
1998,acura,RL,3.5 Special Edition,sedan,automatic,jh4ka9687wc012126,Florida,32.0,131801.0,white,tan,margate volvo,2950.0,2500.0,Fri Jun 12 2015 02:35:00 GMT-0700 (PDT)
2013,audi,A5,2.0T Prestige quattro,Coupe,manual,wau3fafr4da016531,California,19.0,55422.0,black,black,vw credit,28700.0,17500.0,Thu Jun 18 2015 05:30:00 GMT-0700 (PDT)
2013,maserati,GranTurismo,Sport,coupe,other,zam45vla7d0074523,Pennsylvania,47.0,5268.0,unknown,black,r hollenshead auto sales inc,81000.0,92750.0,Thu Jun 11 2015 02:00:00 GMT-0700 (PDT)
2015,jeep,Patriot,High Altitude Edition,suv,automatic,1c4njrfbxfd239864,Maryland,43.0,9279.0,white,black,general american rentals,18450.0,18000.0,Tue Jun 16 2015 02:30:00 GMT-0700 (PDT)
2015,mercedes-benz,GLA-Class,GLA250 4MATIC,suv,automatic,wdctg4gb5fj079315,Wisconsin,49.0,3161.0,unknown,black,mercedes-benz finc wholesale advantage,35000.0,32000.0,Wed Jun 17 2015 03:00:00 GMT-0700 (PDT)
2009,saab,9-3,Comfort,sedan,automatic,ys3fb49y791003949,Texas,28.0,101397.0,black,gray,gm financial,4875.0,3500.0,Wed Jun 17 2015 03:00:00 GMT-0700 (PDT)
2015,Volkswagen,Golf GTI,SE,hatchback,manual,3vw5t7au1fm033535,New Jersey,26.0,5971.0,red,black,franklin sussex auto mall inc,22500.0,16600.0,Tue Jun 16 2015 02:25:00 GMT-0700 (PDT)
2004,buick,Rainier,CXL Plus,suv,automatic,5gaes13p142326982,Georgia,32.0,127968.0,burgundy,gray,nalley acura,3325.0,4100.0,Tue Jun 16 2015 06:00:00 GMT-0700 (PDT)
2014,infiniti,Q60 Coupe,Sport,q60 coupe,manual,jn1cv6ek7em113569,California,46.0,5547.0,gray,black,nissan north america inc.,31200.0,31500.0,Thu Jun 18 2015 05:30:00 GMT-0700 (PDT)
2015,bmw,4 Series Gran Coupe,428i,Sedan,automatic,wba4a5c59fd410135,Ohio,47.0,4071.0,black,gray,bmw north america raa,41500.0,39250.0,Tue Jun 16 2015 07:00:00 GMT-0700 (PDT)
1991,Ford,Ranger,S,Regular Cab,manual,1ftcr10a8muc14007,California,2.0,81649.0,white,gray,purple heart services inc,325.0,200.0,Wed Jun 17 2015 04:00:00 GMT-0700 (PDT)
2015,acura,TLX,Base,sedan,automatic,19uub1f33fa002400,Florida,48.0,8050.0,white,brown,american bank auto liquidators,25900.0,26200.0,Tue Jun 16 2015 02:30:00 GMT-0700 (PDT)
2011,ferrari,458 Italia,Base,coupe,automatic,zff67nfa1b0178698,Florida,46.0,12116.0,red,black,platinum motor cars,182000.0,183000.0,Wed Jun 17 2015 03:40:00 GMT-0700 (PDT)
2011,gmc,Sierra 3500HD,Work Truck,Crew Cab,automatic,1gt422c80bf140655,Colorado,19.0,141411.0,white,black,nw vehicle remarketing,17250.0,18750.0,Tue Jun 16 2015 05:00:00 GMT-0700 (PDT)
2009,chevrolet,TrailBlazer,LT2,suv,automatic,1gndt33s392117202,Florida,29.0,105699.0,red,beige,regional acceptance corporation / greenville,7425.0,6300.0,Thu Jun 18 2015 02:35:00 GMT-0700 (PDT)
2015,mercedes-benz,C-Class,C400 Sport 4MATIC,sedan,other,55swf6gb9fu031744,Pennsylvania,44.0,3224.0,gray,black,r hollenshead auto sales inc,49100.0,44000.0,Fri Jun 19 2015 02:00:00 GMT-0700 (PDT)
2014,porsche,Panamera,S E-Hybrid,sedan,automatic,wp0ad2a71el044420,Florida,43.0,5168.0,blue,gray,flag/rbm of atlanta,76000.0,65500.0,Wed Jun 17 2015 03:05:00 GMT-0700 (PDT)
2011,audi,R8,4.2 quattro Spyder,Convertible,automatic,wuasuafg6bn001668,California,43.0,1913.0,black,black,mckenna audi/mckenna bmw,100000.0,102000.0,Thu Jun 18 2015 05:00:00 GMT-0700 (PDT)
2008,smart,fortwo,pure,hatchback,automatic,wmeej31xx8k153633,Pennsylvania,34.0,70100.0,black,tan,lancaster car company llc,3350.0,3700.0,Fri Jun 19 2015 02:00:00 GMT-0700 (PDT)
2012,rolls-royce,Ghost,EWB,sedan,automatic,sca664l50cux65625,California,36.0,11832.0,white,black,bentley scottsdale,164000.0,169000.0,Thu Jun 18 2015 05:30:00 GMT-0700 (PDT)
2015,volvo,S80,T5 Drive-E,Sedan,automatic,yv126mab0f1184156,California,42.0,12497.0,silver,black,volvo na rep/world omni,30300.0,27000.0,Thu Jun 18 2015 05:30:00 GMT-0700 (PDT)
2012,ram,2500,Power Wagon,Crew Cab,automatic,3c6td5et6cg112407,Washington,5.0,54393.0,white,black,i -5 uhlmann rv,30200.0,30800.0,Wed Jul 08 2015 09:30:00 GMT-0700 (PDT)
